Date,BMY_open,BMY_high,BMY_low,BMY_close,ABT_open,ABT_high,ABT_low,ABT_close,CRM_open,CRM_high,CRM_low,CRM_close,UNP_open,UNP_high,UNP_low,UNP_close,GOOGL_open,GOOGL_high,GOOGL_low,GOOGL_close,JPM_open,JPM_high,JPM_low,JPM_close,PM_open,PM_high,PM_low,PM_close,UNH_open,UNH_high,UNH_low,UNH_close,HON_open,HON_high,HON_low,HON_close,MRK_open,MRK_high,MRK_low,MRK_close,INTC_open,INTC_high,INTC_low,INTC_close,PFE_open,PFE_high,PFE_low,PFE_close,MSFT_open,MSFT_high,MSFT_low,MSFT_close,ACN_open,ACN_high,ACN_low,ACN_close,SBUX_open,SBUX_high,SBUX_low,SBUX_close,AVGO_open,AVGO_high,AVGO_low,AVGO_close,PEP_open,PEP_high,PEP_low,PEP_close,TMO_open,TMO_high,TMO_low,TMO_close,LIN_open,LIN_high,LIN_low,LIN_close,WMT_open,WMT_high,WMT_low,WMT_close,KO_open,KO_high,KO_low,KO_close,MDT_open,MDT_high,MDT_low,MDT_close,LOW_open,LOW_high,LOW_low,LOW_close,TSLA_open,TSLA_high,TSLA_low,TSLA_close,ADBE_open,ADBE_high,ADBE_low,ADBE_close,HD_open,HD_high,HD_low,HD_close,NFLX_open,NFLX_high,NFLX_low,NFLX_close,AAPL_open,AAPL_high,AAPL_low,AAPL_close,NKE_open,NKE_high,NKE_low,NKE_close,DIS_open,DIS_high,DIS_low,DIS_close,VZ_open,VZ_high,VZ_low,VZ_close,ABBV_open,ABBV_high,ABBV_low,ABBV_close,MA_open,MA_high,MA_low,MA_close,DHR_open,DHR_high,DHR_low,DHR_close,PYPL_open,PYPL_high,PYPL_low,PYPL_close,COST_open,COST_high,COST_low,COST_close,JNJ_open,JNJ_high,JNJ_low,JNJ_close,BAC_open,BAC_high,BAC_low,BAC_close,GOOG_open,GOOG_high,GOOG_low,GOOG_close,V_open,V_high,V_low,V_close,AMZN_open,AMZN_high,AMZN_low,AMZN_close,QCOM_open,QCOM_high,QCOM_low,QCOM_close,AMGN_open,AMGN_high,AMGN_low,AMGN_close,PG_open,PG_high,PG_low,PG_close,IBM_open,IBM_high,IBM_low,IBM_close,CSCO_open,CSCO_high,CSCO_low,CSCO_close,CMCSA_open,CMCSA_high,CMCSA_low,CMCSA_close,T_open,T_high,T_low,T_close,NVDA_open,NVDA_high,NVDA_low,NVDA_close
2024-04-29 00:00:00-04:00,42.977617489254754,43.25403240113965,42.44385113899278,42.54869842529297,105.27947142860675,106.063752077727,104.50499634445052,105.16182708740234,273.29080300779776,275.6768345994613,271.6305051199933,274.1358337402344,238.0391922419292,239.026982525749,234.20537326799607,235.65283203125,168.25557809024173,168.74325204452023,164.4239062306873,165.3594207763672,189.0945268747684,189.85684599504447,188.06832347041848,188.8990631103516,90.96598398058072,91.62633174492495,90.9468392328711,91.49234771728516,487.9072433756692,489.5214432909585,480.0922209424696,481.3323974609375,189.24652287833663,190.2257556645181,188.22812735514685,189.74594116210935,127.92841556138052,128.3945945192551,125.60721276547338,126.3744659423828,31.531096996193742,31.580580070998817,30.74925157819707,31.03625869750977,24.071251645861256,24.32532705566233,24.033611841548264,24.12771224975586,402.1795096483343,403.24140976178137,396.1654273618807,399.2022399902344,301.6953210612985,303.2280637436304,297.2149916845741,297.86346435546875,86.04731098287105,86.40811948434919,85.67675632932297,86.13507843017578,132.7846959203957,133.66394636782385,130.96889684543976,132.2452850341797,169.850345141959,170.64395498262843,169.38580132435683,170.46974182128906,573.4218472511179,577.8090475341161,569.6428020601312,575.2166137695312,440.232301619648,442.5629996108464,436.785666647858,439.541015625,59.50633648967776,59.71398481336977,59.26902142546191,59.56566619873047,60.12183587318077,60.24806169862793,59.74316210075737,60.23835372924805,77.01748310730743,78.46845297261454,76.92074587894211,78.21694946289062,225.75014940460355,227.55608350649885,225.58329964609547,226.66293334960935,188.4199981689453,198.8699951171875,184.5399932861328,194.0500030517578,478.0400085449219,481.6799926757813,471.0700073242188,473.0700073242188,326.87216287543737,329.15538575330874,326.0427797903225,328.62847900390625,559.1799926757812,559.6400146484375,554.239990234375,559.489990234375,172.55520693212748,175.20270935632288,172.28648678772151,172.68460083007812,92.70980443797524,93.15155716977029,91.9833562933256,92.33676147460938,112.02449495551728,112.85694510373516,109.34874613441308,111.0731201171875,37.38070612182151,38.24261539176611,37.352597898611045,37.55870819091797,153.99572461476907,155.8870252042668,153.0018314384429,155.8580780029297,458.2538171621572,458.89005788918377,453.0146231004164,454.4263305664063,245.08535272827044,247.7924896159754,244.5678078326916,245.6526641845703,66.0,67.55000305175781,66.0,66.98999786376953,726.7232228858387,729.4327287267911,717.4489839720177,723.5355224609375,141.59743109119438,142.64386249594202,141.45209955629463,142.2563018798828,36.92786977911372,37.14256788684656,36.54727129558316,36.64485931396485,169.964986258036,170.57211129616846,166.27246869427466,167.10850524902344,270.3033605954854,272.4374328628513,269.0824583693114,269.826904296875,182.75,183.52999877929688,179.38999938964844,180.9600067138672,161.95484166929592,165.9448985940139,161.95484166929592,165.8762664794922,261.2172295113278,268.67003604978106,261.03284763787883,268.2042541503906,157.32408592377328,157.9292864337744,156.58222675362103,157.80239868164062,161.95356696487647,162.74689501706666,160.82163516253578,161.9825897216797,46.5908124595018,46.901482291700255,46.19276650553024,46.38693237304688,37.31724939627113,37.684908062122986,37.21082159635642,37.58815383911133,16.148035951931007,16.42366545594013,16.148035951931007,16.176549911499023,87.56622296271497,87.96308807915567,85.23798574736955,87.7281723022461
2024-04-30 00:00:00-04:00,42.31994910084167,42.6630807572601,41.87196650953711,41.88149642944336,104.42657658909468,104.76970407996288,103.81876613443616,103.88739013671876,272.91306185581305,273.0124558389043,266.7988148935153,267.3754577636719,234.44986894116465,234.79218032394448,231.56472629820485,231.94615173339844,164.8219988264117,167.3001564313842,161.82632640780892,162.00546264648438,188.439705966069,190.57030116027977,187.2962273408494,187.3939666748047,91.51147747069346,91.74116329450132,90.3630337484927,90.8606948852539,481.2635187956495,482.00171342384925,474.9937905594275,476.0863342285156,189.96136663205343,191.7729382551772,188.3260497318894,188.7275238037109,127.15144371617689,127.15144371617689,125.26728457557412,125.50038146972656,30.719562342327688,30.858116461249818,30.10596202430713,30.155445098876957,24.1371218443764,24.306505445260125,24.08066124236522,24.1088924407959,398.44799719369325,399.112934090919,386.2213658866136,386.380126953125,296.7237545129576,297.71611838630525,294.44428006348824,295.6528015136719,85.43296944968328,86.77867498981055,85.01365427242604,86.29109954833984,131.2830581426482,133.20654958339898,128.33608335665352,128.45660400390625,170.59555815446993,170.78911684390997,169.21158472818996,170.2471466064453,573.0329463130619,574.7878507155566,566.3224270336517,567.0702514648438,438.13864087729104,439.18547035107633,434.780884255425,435.4820556640625,59.52611423788552,59.62499331626937,58.49775522591524,58.68562698364258,60.33544659431953,61.00541128473361,59.68490524997208,59.976192474365234,77.40440790833013,78.04283823607412,77.15291176105058,77.61721801757812,225.7403470710173,226.9966399783606,223.47313119879925,223.767578125,186.97999572753903,190.9499969482422,182.83999633789065,183.27999877929688,472.0,475.4200134277344,462.4599914550781,462.8299865722656,327.5746906631792,329.25296084596084,324.78406511147244,326.111083984375,560.0,560.0,549.3800048828125,550.6400146484375,172.51541154910535,174.1676137755898,169.20105955998108,169.52951049804688,91.20784106361324,91.79684723419813,90.559929033236,90.56974792480467,110.99383735819951,111.0334789217015,109.80462069656087,110.10192108154295,37.39006900362376,37.399436027764985,36.949743818430434,36.99658966064453,155.6168258559603,157.33442834075768,154.09220960196717,156.9387969970703,453.5912218001193,455.0426733710488,448.2426860182104,448.5608215332031,245.33417042598887,245.83180566011868,243.1246687715228,245.4535980224609,70.0,70.66200256347656,67.22000122070312,67.91999816894531,722.7186569808288,722.7186569808288,714.3409798630863,720.1187133789062,142.31445379470978,142.31445379470978,140.03749420921076,140.0956268310547,36.44967861126155,36.76196472929516,36.08859848529972,36.11787414550781,166.59094976939298,169.06920180643567,163.72452167301353,163.86386108398438,268.5266140386965,270.06512354124806,266.5910424656695,266.6208190917969,181.08999633789065,182.9900054931641,174.8000030517578,175.0,165.90568067852024,165.91549381461536,162.55286416570962,162.5920867919922,267.942217179736,267.9519308407308,264.29346403888627,265.83642578125,157.97810110973512,159.45207837634698,157.7438376250012,159.30564880371094,161.07320609155732,161.3344109363335,159.883213860439,160.79263305664062,46.221889026057845,46.29955462964898,45.60054938342312,45.61025619506836,37.36562602031751,37.48173109215098,36.61096150738173,36.8721923828125,16.07200308380234,16.138533853833792,15.967453694994331,16.052993774414062,87.21134125053536,88.78982495986544,86.27165520822136,86.37361907958984
2024-05-01 00:00:00-04:00,41.91009291643502,42.386668897250566,41.68133484580964,42.13884735107422,103.8481700218735,105.05400026231835,103.82856637056562,104.20109558105467,267.4549895125919,272.4060297345633,264.999357301018,267.1269226074219,230.63561906133975,231.8679132012448,229.0218845555132,229.7945251464844,163.51823108824746,166.3248050727695,162.31398182603573,163.080322265625,187.9119561267385,190.0523193323471,186.46549150225204,187.51124572753903,90.57358438603828,93.05230315615626,90.5640120135134,91.92300415039062,471.71623345817216,481.48992341318734,469.5607026776475,476.4898681640625,187.98330908747465,193.08510326268572,187.91475562399955,191.24415588378903,124.90793507997876,126.18993090015069,124.12125346903392,125.09246826171876,29.858542429729663,30.719561883042896,29.710091320581384,30.05647850036621,24.777015378150796,25.83095681748376,24.48530016519489,25.576881408691406,389.635268755834,398.6762601059751,387.3527074474504,391.9476318359375,294.88642695126754,298.1877099246835,292.8918943253942,293.4421081542969,73.9359383659312,75.07686309364915,70.86421164992765,72.5902328491211,126.2890930990916,127.67613558161436,122.63575774004418,122.7849349975586,169.81164490580403,170.55684663820932,168.06958707291608,169.51161193847656,568.2069585474591,580.2120723514669,566.7512326056153,573.3220825195312,437.2893308336618,443.8172018682943,436.489395687116,437.1214294433594,58.64608054973916,58.74495963307025,58.06268490529715,58.19122695922852,60.00532400495351,60.75296360887705,59.43245748786498,60.13154983520508,77.3753957845002,79.05852639203025,77.3753957845002,78.24597930908203,223.15905871622343,226.7120257980476,221.29425307514717,223.3062896728516,182.0,185.8600006103516,179.00999450683594,179.99000549316406,461.1199951171875,477.760009765625,460.3599853515625,469.3900146484375,324.93048619842165,327.25274715469493,321.4373278563637,323.91571044921875,547.8400268554688,560.3900146484375,544.25,551.7100219726562,168.78303163206596,171.89832652202932,168.31523926242042,168.5043487548828,90.12797580186596,90.18688165389524,88.43948617632408,88.68490600585938,110.29022397385928,110.9839324792734,109.2199243704869,109.4875030517578,36.8466958755001,37.15585773622088,36.65932320975365,36.72490310668945,156.4080964819059,157.95201599985464,155.49140070983344,156.0510711669922,443.1923852341999,446.3538076271039,435.8158037752602,439.4842224121094,245.09529531402487,248.33988669734143,243.3933913506704,245.72232055664065,67.0,67.80000305175781,65.48999786376953,66.13999938964844,719.4912014881307,727.0519661324317,712.5679283382367,719.4413452148438,144.1166303340743,147.12996092267227,143.0314339150627,146.48077392578125,36.31305727029785,36.60582506778407,35.88366474883436,36.059326171875,165.39659955094953,168.01420626410095,164.12263484487258,164.78948974609375,266.1642638601328,268.9038349369009,264.7349250628265,265.3404235839844,181.63999938964844,185.1499938964844,176.55999755859375,179.0,161.27838219746752,166.30761395110866,160.57252458435832,160.88624572753906,266.06934060381667,271.5619129373984,265.2930176398797,269.1649780273437,159.38372276366113,160.32082127589888,158.34901944254324,159.5008544921875,160.2992304387043,160.86036174295415,158.95445507997553,159.08021545410156,45.33842094784051,46.1830542915998,45.31900362110765,45.47433853149414,36.814140978440456,37.4430305524145,36.78511655498816,36.95927047729492,15.995964757872102,16.252584949587824,15.948443305847944,16.081504821777344,85.04905184528752,85.9717451202874,81.22830132116862,83.01371765136719
2024-05-02 00:00:00-04:00,42.28182061307321,42.33900740240547,41.30007527901764,41.652740478515625,104.56382589093384,104.56382589093384,103.08349966698272,103.83836364746094,268.8567830257475,271.4913607476825,266.3812781545767,270.5469055175781,230.81164431313044,232.81657895390651,228.08298779620287,232.4644927978516,164.0058997837683,165.93667142615246,163.1101881822967,165.8271942138672,188.69382473662347,189.1140710696836,185.224287116842,187.31578063964844,92.23882722408948,93.77965075968709,91.76031077953326,93.12886810302734,476.657201035456,485.9190867598725,476.3225564017941,485.2104187011719,192.30174031185987,192.3996546258332,188.6883689217284,189.6186370849609,125.3449755716746,125.95684561769964,124.30577606643246,124.56800079345705,30.274206169169545,30.353380218588107,29.87833592207671,30.195032119750977,25.60511295553905,26.292057836217,25.52042294037229,26.06621360778809,394.6470241640001,396.8998139866642,391.6598205584853,394.8256530761719,295.50541827440213,298.0304949020883,293.0589007856201,295.0927429199219,73.03880086380373,73.28258857867637,71.52731405566914,73.06805419921875,124.11072132158154,124.91785529889891,120.85354386146685,122.36111450195312,169.92777597611982,170.64395940448358,168.9309346502355,169.8019561767578,577.7990640396623,578.1081623782541,563.8496550250367,569.5929565429688,420.5301256337559,420.5301256337559,408.4717864626645,414.4071350097656,58.28021827946125,59.219584637109534,57.92425132460063,59.04159927368164,60.37428894575251,60.58790131632117,59.92764826539822,60.1898078918457,78.77799328892303,79.05851501648107,77.51080791546919,78.27498626708984,225.8679571583483,225.96609615523587,222.1874078107084,225.32814025878903,182.8600006103516,184.6000061035156,176.02000427246094,180.00999450683594,474.2999877929688,477.1600036621094,468.2999877929688,476.5700073242188,327.3600112854919,327.8478801547698,322.9496874269944,327.3892822265625,556.02001953125,565.4600219726562,555.5900268554688,565.1500244140625,171.69926693100732,172.6049939419865,170.08688513916923,172.21682739257812,89.65678724996052,90.75626345634912,89.24448367256477,90.71700286865234,110.4289643611582,111.85603048201008,109.5667773196676,111.6082763671875,36.83732526347123,36.987222681247694,36.30331548927779,36.47195053100586,156.4852854762102,156.745825009619,152.57725137070568,155.17295837402344,440.408777799033,442.0590716680432,435.48771950063815,438.5198974609375,247.812402289543,248.26027096823148,241.51233832856636,245.6725616455078,66.69999694824219,67.44000244140625,65.83000183105469,66.9800033569336,721.9615933880636,731.5744902521,717.8574495597702,729.6220092773438,147.3140313468405,147.59502536002142,144.50417992196998,145.2599334716797,36.46919522535185,36.58630530610554,35.76655335454967,35.99100875854492,165.88430793569268,167.73554041543014,164.90893195424,167.66587829589844,267.3554008368134,267.4745073596541,264.6753829065457,265.6282653808594,180.8500061035156,185.1000061035156,179.91000366210938,184.72000122070312,172.02309527490743,178.1209117401461,171.84662338875364,176.56214904785156,269.47551088985887,270.3877066329847,266.7680350303758,270.1548156738281,159.63751466792502,160.56485717655113,158.7589969062195,159.93035888671875,159.00282215164975,159.51557723844942,157.32909766753704,159.33175659179688,45.65879701977048,45.7461731372576,45.2413337588294,45.42579650878906,37.2882286347499,37.49140698682279,36.83349296895159,37.11407470703125,16.148037129753753,16.148037129753753,15.900921567288266,15.986461639404297,84.42125626969049,86.20867093085921,83.17266601309362,85.78881072998047
2024-05-03 00:00:00-04:00,41.843369626431226,42.25322523197926,41.64320496522024,41.92915344238281,104.0246357349957,104.5442185230385,103.40701972873909,103.81876373291016,275.20961358077017,276.0546747941956,271.7597990088197,272.0679931640625,236.9438034665448,238.02940119564337,234.48897517531103,235.07579040527344,166.7627138644963,167.16081969689057,162.27417880581723,166.44424438476562,187.64808142207332,188.1660671204645,184.1883264825429,186.1918487548828,93.28199597681828,93.81793205308333,92.19097907780368,93.21500396728516,483.1336093425783,485.03325302784384,478.1335842410971,484.6986083984375,190.7251653139298,192.16463863980232,189.5206982832817,191.7435607910156,124.3251995932678,124.78167172888588,123.51909695120304,123.839599609375,30.660179145133664,30.739353193831786,30.383070918519365,30.581005096435547,26.21677360102634,26.26382380380894,25.89682719652414,26.169721603393555,399.2320083912343,404.06510458639696,398.815177316325,403.5788269042969,297.2346577380423,299.6320308601159,296.3995320883438,298.40386962890625,73.39960359091378,73.63364515918197,71.17626077104168,71.29328155517578,124.37943396395796,126.83738391547492,123.20775339327652,126.26734924316406,170.14069186945883,170.8084819191434,169.36644232246834,170.4794158935547,578.1580477362623,578.1580477362623,569.9718411004001,570.7196655273438,412.8862319725963,420.4807024898868,412.8862319725963,418.3376770019531,58.95260580542449,59.30857652753093,58.47797943328094,59.150367736816406,60.18980506021495,60.51993157014562,59.84996687721448,60.36457443237305,78.42007672815329,79.24229142915625,78.36204030079256,79.01981353759766,229.2736785488211,233.7393994879888,227.68367114949416,227.83090209960935,182.1000061035156,184.77999877929688,178.4199981689453,181.19000244140625,482.2699890136719,487.489990234375,477.5700073242188,486.1799926757813,332.99976190670486,338.46389899594794,332.1118370242021,334.5316772460937,566.0,580.260009765625,565.1599731445312,579.3400268554688,185.77280978325868,186.12117099096088,181.80157098826203,182.5181884765625,91.38453505099064,91.93428062778383,90.18689243102264,90.46176147460938,112.52000658068296,113.08488564440891,111.78665653814606,112.63893127441406,36.58436853106254,36.72489890776399,36.303311351495566,36.43447113037109,155.5106945671422,158.4923740521016,155.10541903049878,158.04849243164062,442.3075889756015,442.6555477863688,434.3444322069456,440.9853515625,248.3597939866729,248.54889781160773,246.41901954822544,247.20529174804688,67.63999938964844,67.88999938964844,64.72000122070312,65.69999694824219,731.4549804553131,744.6141177514847,730.5285050075094,741.0379638671875,145.23086559506507,145.23086559506507,143.22521651466332,144.63014221191406,36.35209274291992,36.6253421816556,36.18619236161451,36.35209274291992,168.7407544368837,169.04930580388765,164.20225344161207,168.193359375,267.00797248882685,267.45465221743143,264.52648575565934,266.5017395019531,186.9900054931641,187.8699951171875,185.4199981689453,186.2100067138672,178.66013843163825,179.59147392969905,174.30735404342548,176.1112060546875,304.11948891750586,313.0570356271388,299.54879614440864,302.08160400390625,159.63752386812266,160.7796178767067,158.2904642155191,160.53558349609375,159.6316514104872,161.18926993292547,159.55425247468645,160.3185577392578,45.72675653184187,46.018012730376064,45.47433869038549,45.74617385864258,37.20115065399242,37.57848292346953,37.13342453848609,37.433353424072266,15.986460634261215,16.081505354283944,15.90092056752349,16.01497459411621,87.76016278941914,89.25166943381491,87.01140828668458,88.75983428955078
2024-05-06 00:00:00-04:00,42.09119025382813,42.52963928118383,41.728991492280045,41.8433723449707,104.02462232583788,104.08344075329325,103.07368452488755,103.56385803222656,274.5634173831703,275.5178241679383,272.46567635555664,274.02655029296875,236.49394236538603,236.49394236538603,233.7848350605712,233.95111083984372,166.66320148373052,167.3399586304374,165.2399977875199,167.30015563964844,187.38420225052323,187.84355032208623,185.5175060567126,187.6480865478516,93.55953304765686,93.69351706193922,92.49722600471728,93.26284790039062,484.7281185655463,487.0804830987439,484.2556632026827,486.5982055664063,192.29193781502545,193.1047028221656,189.92219626088627,190.9503936767578,123.51909974196384,124.05327085098602,123.11119130040925,123.89787292480467,30.923832433223343,31.003328068462466,30.53628955302289,30.774776458740234,26.32969514663901,26.65905195493325,26.310874347342157,26.49907875061035,405.6629259733001,410.7937370714025,403.2910199349376,410.4067077636719,299.8383639247276,301.4300559787655,297.97153498786537,300.7127990722656,71.48830129825103,72.34643874609573,70.89345872728961,71.08849334716797,127.0685542127349,129.4939056127197,125.9670303394313,129.44847106933594,171.06979210680774,171.06979210680774,169.49227459841498,170.16006469726562,573.7408203633908,574.7180189568884,568.695500876766,571.88623046875,421.6757339022863,423.2558333497228,418.1895875075272,421.3201904296875,59.32835585525457,59.32835585525457,58.72518363387357,59.19981002807617,60.49080515946105,60.56848373464553,60.10242339529362,60.53935241699219,79.82267708705034,79.86137049826236,78.60386784393249,79.0875244140625,230.48089571918604,230.5986684989657,226.9083099626734,227.4088592529297,183.8000030517578,187.55999755859372,182.1999969482422,184.75999450683597,490.1000061035156,495.4400024414063,488.0,493.5899963378906,337.605269326157,337.9760544440968,332.1801696925679,333.9852905273437,581.8200073242188,597.3400268554688,580.25,596.969970703125,181.4930249418685,183.3343214775735,179.5720873686165,180.8560333251953,91.10966287181093,91.6594084296843,90.7857143613724,91.64958953857422,113.76868756660068,115.8894620917012,113.12452538411198,115.4236831665039,36.64995168660681,36.86542899593856,36.59374238998582,36.84669494628906,158.6467514574664,158.85904072334924,155.35628256018725,157.025634765625,444.6140189197805,447.8648807167913,442.95377393729945,446.7414855957031,247.5337212259357,248.36974476226823,245.74223137192163,246.2299041748047,66.0,66.0999984741211,64.94999694824219,65.61000061035156,746.7060803680341,754.0277779146243,743.6079994651551,753.5396728515625,145.2115046104778,145.3859172605906,143.3124366349766,143.96160888671875,36.75221084828896,36.87907825894303,36.45944305064032,36.78148651123047,168.42227868914688,169.0990658013136,167.09854663956006,169.02940368652344,267.65316240526414,270.7599887512357,267.5737681553052,270.6508178710937,186.27999877929688,188.75,184.8000030517578,188.6999969482422,178.3366052351841,178.8169702136772,176.85625775537352,178.2777862548828,301.68367438835133,303.47895433618794,288.7188692738881,290.62091064453125,160.84793542005428,161.04315994034422,159.36420225543355,160.51605224609375,161.08287071748708,163.1822673211231,160.96677967875647,163.1242218017578,45.8432627196524,46.05684591788296,45.60055167806758,45.73646926879883,37.52043094910111,37.791339105991895,37.17212309795333,37.23985290527344,16.110020154491288,16.195560225691068,16.072001539368117,16.14803695678711,89.36062948973989,92.18970149787158,89.02574047227303,92.10972595214844
2024-05-07 00:00:00-04:00,41.91962384199447,42.186505234138885,41.786183145922266,41.97681427001953,104.4265779627036,104.50500753190256,103.71092871226531,104.08345794677734,273.9867583095278,277.25762731062383,272.47561179457426,275.5675048828125,236.0636168279765,237.7947085908745,234.52814012062265,237.05142211914065,167.69823532661383,170.94271797332505,167.58875812637166,170.43515014648438,187.35486263343807,188.5569788788286,187.3059929670715,187.4037322998047,93.7892231300278,94.18161011931048,93.17672266514188,93.33941650390624,488.1926969197385,493.7537569155143,487.2478162393464,493.0746154785156,190.97976732297224,193.09491370757144,190.97976732297224,192.7619781494141,123.44138560605202,126.6755248920312,123.41225035091942,126.6269760131836,30.89402004736096,31.251751344198457,30.417046248461222,30.48660469055176,26.62141199522396,26.80961460253933,25.783904379922383,26.132081985473636,411.5182242956741,411.5281582197064,405.99041958064737,406.238525390625,302.5206930959313,306.69644162189576,302.22594637021444,305.23248291015625,71.03973421402645,71.03973421402645,70.01583033903694,70.69843292236328,130.0540606319206,130.30598568128133,128.10982695304926,128.73716735839844,171.30206178789427,172.4150353783534,170.82783042480727,172.2892303466797,569.8422917158096,574.9175543023631,563.7001863552015,571.2083129882812,424.3717667964287,432.4995375545522,422.1398629415304,424.6581726074219,59.49644667413223,60.11939542092328,59.37779102731322,59.94141006469727,60.93744747815026,60.99570641109041,60.44225951187347,60.801513671875,79.4938079713029,79.59053782612995,79.00047611766568,79.22296142578125,228.1547890753149,230.48089128840232,226.93774879494828,227.17330932617188,182.3999938964844,183.25999450683597,177.39999389648438,177.80999755859375,492.510009765625,496.760009765625,489.1400146484375,492.2699890136719,335.2635032632302,337.1564369165815,332.1216264570942,332.4241027832031,596.280029296875,606.0499877929688,591.3200073242188,606.0,182.5878540948052,184.0310366275269,180.46787458450643,181.54278564453125,92.35640410757684,92.59200507760085,91.50234029301272,92.06189727783205,106.28651322985812,106.9108508653843,103.2738223438257,104.44322204589844,37.034067699088666,37.080913549357945,36.62185066310988,36.82796096801758,157.63357838770494,158.24149907641953,156.2151065966425,156.8519744873047,449.1175587696229,450.6485291017652,444.91229011661846,450.4099426269531,245.3739791392836,247.92188434231383,245.03559081855303,247.5834808349609,66.08000183105469,66.7699966430664,65.7699966430664,65.91999816894531,755.7710271699623,769.2688828942748,752.6630358864418,768.3424682617188,144.7367326175408,145.0758444776021,143.8356327021693,144.0972442626953,36.79124698214747,37.23040053324595,36.79124698214747,36.92787170410156,169.31803249892306,172.65224633966483,169.1986030506817,172.16455078125,271.6930199671808,275.82221751574315,270.8095961524408,274.4127197265625,188.9199981689453,189.94000244140625,187.30999755859372,188.75999450683597,178.86599794328328,180.6894611984788,175.69945138903637,176.61117553710938,292.8237751302561,293.9494641161841,289.6796287447885,291.4166564941406,161.04316409584777,162.0778674852922,160.66247105832244,161.80455017089844,163.5015262413466,163.78208449508895,162.47601607186624,162.90170288085938,45.83354953988344,46.07626056736023,45.63937997720673,45.90150833129883,37.38497871605398,37.4623821011075,37.12374782769315,37.23985290527344,16.214568419889876,16.357134607097088,16.157542307572474,16.233577728271484,91.06806618454974,91.75084041902228,88.98175395384375,90.52424621582033
2024-05-08 00:00:00-04:00,41.938683565126944,42.14837814646808,41.51929803843061,41.624141693115234,104.250112165237,104.250112165237,102.2305994330648,102.87763214111328,274.1259350202086,278.31143459612383,274.1259350202086,277.3470764160156,236.16140183345743,240.98301104145605,235.88755868981173,240.49400329589844,168.1958541822666,169.34037610962503,167.93709679670465,168.5740509033203,186.67073630113217,192.1926657291617,186.67073630113217,191.21533203125,93.35856043392052,94.27731112321264,93.0044556394884,94.02848052978516,496.23412583564647,499.0195670071019,492.20847804380537,495.2892150878906,192.60530029996977,194.24061727001217,191.8512868661971,193.9370574951172,126.82123479801288,127.72445748021411,125.60721625555168,125.82088470458984,29.81089210510254,29.95994618656296,29.5425936212785,29.81089210510254,26.06621036085229,26.668461561643337,25.896826761917268,26.60259056091309,405.07740513834375,409.1066410493604,403.6284454091321,407.429443359375,304.7018906435704,307.9245845849356,304.7018906435704,306.5392150878906,70.49365240611694,72.61948145317788,70.45464548123937,71.673583984375,127.78777396984572,132.17513186906788,127.29281783157482,130.936279296875,172.95702149557476,173.12154712847655,171.4859487981946,171.69886779785156,571.0487182086969,573.6810139066175,566.0632220911175,571.9760131835938,424.66805193067967,425.5173537972479,421.6262974883353,422.3966064453125,59.95130011368797,60.168834837081306,59.545889863551984,59.62499237060547,61.02482986450195,61.14134772243725,60.665575728996885,61.02482986450195,78.81668778096947,79.33903044767885,78.71028273182121,78.8843994140625,225.3281284029421,228.6945968405473,224.75886833664936,227.7720184326172,171.58999633789062,176.05999755859375,170.14999389648438,174.72000122070312,489.9700012207031,495.80999755859375,486.9200134277344,488.1000061035156,330.560477946528,332.1802064013278,329.4383853394461,330.6092529296875,601.6300048828125,618.219970703125,601.6300048828125,609.469970703125,181.9906787165348,182.20964601288568,180.59724908638572,181.88119506835935,91.41399080161344,91.92446080745638,91.03113642482631,91.87537384033205,103.95762518303276,105.52343295950612,103.50175853181683,104.4927749633789,36.76237643606755,37.07153828065392,36.63121307520468,36.98722076416016,156.45632239563065,157.18967595445656,154.2658911533182,154.8255615234375,451.34446962914734,452.4479624701101,447.2883476565631,452.1099548339844,248.12094860041063,248.63849353334223,246.9763783677085,248.3697662353516,65.45999908447266,65.69999694824219,63.77000045776367,63.810001373291016,767.0375118257068,770.4144837750448,759.7755811668006,760.4728393554688,144.48479761923682,145.07583716872847,144.0778545369706,144.32008361816406,36.79124518966769,36.90835155667367,36.615583777786576,36.801002502441406,169.94507852356688,171.09861155514432,169.71815648241372,170.3531494140625,275.7427973325297,276.48724336236,272.88415002291373,275.1373291015625,187.44000244140625,188.42999267578125,186.38999938964844,188.0,173.25834337210975,177.23858706645817,173.1505035940292,177.00331115722656,291.242017912422,298.47164814016054,290.0484220189803,298.2193298339844,162.0192857000663,162.39997870019158,160.9943384244443,161.13101196289062,162.54371547180193,164.72051073261406,162.43729377966872,164.37222290039062,46.05684323817999,46.73643485577244,45.87238419055939,46.60051727294922,37.21082118099728,38.50729822851203,37.11407064986181,37.78165817260742,16.186055266996767,16.347630752571774,16.157541306191536,16.2620906829834,89.45361321300157,91.16404981267716,89.39063036492911,90.38230895996094
2024-05-09 00:00:00-04:00,41.51929676833132,42.71073660589377,41.46210634717343,42.64401626586914,102.67174857676372,102.9462445506805,102.44626546707244,102.61292266845705,270.5866965303286,273.7481899744209,269.49308958235923,273.5692443847656,240.1810455090464,243.4280491714424,239.5648909756907,241.1884002685547,168.58401102643612,169.87782842770906,167.37976174414283,169.15130615234375,190.7462327361048,193.11137870262272,190.67782712598344,193.0234222412109,94.20075018499784,95.20563766712174,93.97106432967128,95.18649291992188,494.2360893540081,499.97430913416304,494.2360893540081,499.0491027832031,194.72046761463372,196.62016688428807,193.7608086170577,196.4635009765625,125.22843977172018,126.74353250176075,125.22843977172018,126.4813003540039,29.741332600527656,30.198432020098117,29.622088202412307,29.90032386779785,26.51662416014645,26.9846767416367,26.09633133969717,26.91781234741211,407.4591823289831,409.5928860565961,406.0003190785622,409.1959228515625,301.6364050508232,302.8252567532726,297.6276998967064,301.2532043457031,71.74184672861215,73.87742944083699,71.25427131046477,73.7994155883789,130.19138355459307,130.56480905997418,128.62749466268872,128.9900665283203,171.553692308386,172.68602623649562,171.38916667106227,172.32794189453125,572.5643214290343,577.3903089017497,570.8393590849109,576.2536010742188,424.45082047856783,425.5865282502787,422.959569236781,424.5199279785156,59.73215840953996,60.10920631167931,59.48410127643145,59.97029113769531,60.98599580731693,61.31612233855165,60.9277368768926,61.05396270751953,78.99080460392159,80.07419073533998,78.9037425726386,80.05484771728516,227.78182465277047,232.57145067720776,227.78182465277047,231.7568206787109,175.00999450683594,175.6199951171875,171.3699951171875,171.97000122070312,489.4100036621094,490.4400024414063,481.6499938964844,482.6499938964844,331.0190504513253,339.56652315452806,330.65803222770546,339.0103454589844,614.4000244140625,615.719970703125,605.75,612.0900268554688,181.7020426329725,183.792179594264,181.2541604804327,183.70260620117188,91.92445885262832,92.2582337448128,91.30600352395936,91.67903900146484,103.68014857169788,105.17657803739404,103.45221145075718,104.84954833984376,37.01532956316807,37.31512799064237,36.89354036089036,37.27765274047852,155.17295987467506,155.66509174519626,154.41065903298963,154.77732849121094,450.89702884713023,453.3625334559717,450.89702884713023,452.82568359375,248.43940762196223,250.34037784731404,247.8223447958443,250.2408447265625,63.869998931884766,64.47000122070312,63.40999984741211,64.44999694824219,760.8613682244918,776.710190649109,760.672096792383,776.042724609375,144.34915612089782,145.43435250467635,144.261957196203,145.19212341308594,36.6253403636515,37.49388637030093,36.55702800735846,37.35726165771485,170.3431830877281,171.62711045897458,169.128933022191,170.7711639404297,274.7501901305176,276.7254741047775,274.3531583243156,276.4773254394531,188.8800048828125,191.6999969482422,187.44000244140625,189.5,177.44447018471894,178.14052966079493,175.91511692353592,176.99349975585938,300.37365231865664,305.2936814701567,297.2586170681929,303.6051330566406,161.1114989983155,162.36095381949394,161.1114989983155,162.07786560058594,163.6589739196494,163.70783032647648,162.0761277188509,162.45718383789062,46.60051715129046,46.68789326908818,46.26072319511951,46.39664077758789,37.74296289857384,37.8397171369497,37.15277865306669,37.288230895996094,16.252587395614803,16.338127472393893,16.1955612820379,16.328622817993164,90.4992620554592,91.04208295679378,88.20202038816478,88.71784973144531
2024-05-10 00:00:00-04:00,42.65355056736196,42.863245163834414,42.22463145457114,42.83464813232422,102.4462678718789,103.59327213815048,102.36783831193183,102.68154907226562,274.4937945327902,278.0132090807558,273.3703634525044,275.0604858398437,242.5478596186437,243.0270926169031,241.1981933662669,241.96104431152344,167.2304738812949,169.0418211972959,165.39923266388908,167.84751892089844,194.0398356794622,194.8217056600985,193.77596630492943,194.2646331787109,95.32047223274232,95.69371446729345,95.07164164251444,95.37789916992188,500.9881022447479,505.49602772625934,499.0195831789532,504.7381286621094,196.82579218133685,199.0094771347392,196.5516081935512,198.70591735839844,127.05432534842888,127.11259586442716,126.20935840776907,126.31619262695312,30.13881235846412,30.26799205918809,29.65190133984991,29.66183853149414,26.975124221056383,27.01333348713469,26.66945738010224,26.75542640686035,409.8112455392715,412.2327606110002,408.6798685347501,411.59759521484375,302.6189556478443,303.856951879596,300.71284684014097,300.9781188964844,73.43861105425229,74.41376194304517,73.19482333205407,74.21873474121094,129.94243396880287,132.77677166837125,129.94243396880287,131.67030334472656,172.22147936248925,174.36034214524022,171.89242809362983,174.0022430419922,578.4870714770143,592.3069137318145,577.131031063943,591.309814453125,425.1519930108644,429.4281891105368,425.1223668998168,428.9936828613281,59.94052355582522,60.10920436911448,59.69246643073324,60.00997924804688,61.09279751470576,61.52002225788885,60.966575389600045,61.42292404174805,80.28699105286753,80.3450274799761,79.59052440751036,80.13221740722656,231.4035007737891,232.94441629969995,230.08830643638385,230.6772003173828,173.0500030517578,173.05999755859375,167.75,168.47000122070312,483.5,489.4800109863281,480.2999877929688,482.2900085449219,339.0298500586465,341.3228398603653,336.33683395998213,338.0248413085937,619.0,623.97998046875,605.0599975585938,610.8699951171875,184.280653249985,184.47001925959685,181.51994258592453,182.43685913085935,91.3649079857663,91.43362524909084,89.21502754949492,89.27393341064453,105.95947598258752,106.05857611444674,104.47295132213308,104.83963012695312,37.29638894214569,37.867870403069446,37.20270082031164,37.84913635253906,155.07644465759333,155.78085096281828,154.72906358363642,155.1150360107422,454.654965857544,455.89765434071455,452.3187357804426,454.3070373535156,250.84796663180745,253.69444082948743,249.6436978481481,252.181640625,64.58999633789062,64.94000244140625,62.880001068115234,62.93000030517578,776.0427088464266,784.4203863602585,775.1660896839735,784.161376953125,145.33745832613195,145.42465725284984,144.55263841668938,145.25025939941406,37.55243468233602,37.84520240293075,37.40605268341042,37.52315902709961,168.890050763585,170.53226626790192,167.11844324476036,169.48721313476562,277.47982069216613,278.9488716706727,277.17211877576574,278.6610107421875,189.16000366210935,189.88999938964844,186.92999267578125,187.47999572753903,178.42481983474954,179.94437486361326,177.6797545437737,178.5032501220703,303.6342782790063,305.5751154042828,300.65508618414896,300.9753112792969,162.12665632082877,163.36635498268183,161.7459633326597,162.8685302734375,163.29747070626792,164.21591752404302,162.50604757019278,163.31700134277344,46.60051953222573,46.69760246652725,46.30926702584463,46.65877151489258,37.12375080514737,38.16867444239719,37.08505280031343,38.03322219848633,16.347632463545413,16.366639959910948,16.27159703960077,16.31911849975586,90.27534193987526,91.37098265790202,89.19769305265027,89.84848022460938
2024-05-13 00:00:00-04:00,42.77745657444147,43.19684208466664,42.72979970854999,42.94902420043945,102.92663794272217,103.42661704829295,102.34823675505476,102.7109603881836,275.5277537122535,276.1838874656337,273.58908569350365,275.905517578125,241.97080129245808,242.93902701792464,239.95609189293765,240.27882385253903,163.47840519575857,168.47452305757707,163.2196478065062,168.33518981933594,194.29394542056303,195.3201488033494,193.55116225328612,194.22552490234372,95.68415110907225,95.92340933045745,94.77496548685951,95.02379608154295,503.9900545591634,506.5688095899905,499.32467423735307,503.6849365234375,200.1943505892283,202.4270001172794,199.5088906362137,199.5676422119141,125.78202018168136,125.97627499234048,124.33491965137618,125.56835174560548,29.84070274039695,30.93376723359009,29.810891166912885,30.317676544189453,26.927363863599265,27.366759482253222,26.908259230983514,27.166166305541992,414.8428003187848,415.1802205470415,407.7072756246173,410.5852966308594,302.7663074755558,303.40494533315166,301.5185064311945,302.03924560546875,74.32600949577397,74.93059834685491,73.91644786636853,74.28700256347656,133.17194676806153,134.19839962144155,131.4045520911291,132.1356201171875,174.69907816519105,175.5120483942852,174.0603358840515,175.07652282714844,589.5549261730569,592.8054796481343,587.241648480007,588.986572265625,429.6652205246272,431.72925326027433,428.32209985785175,429.3788146972656,60.148892136807824,60.87321850598559,59.82145869172403,59.94052505493164,61.40351221427876,61.772474348566426,61.345253280693015,61.73363876342773,80.38373111407341,81.10921606524738,80.35471289682879,80.79000091552734,231.9236812790761,232.4929413640087,227.3990587719095,228.6651611328125,170.0,175.39999389648438,169.0,171.88999938964844,486.239990234375,490.1600036621094,481.7099914550781,483.1099853515625,339.61527440670113,340.3275736745881,332.14111976695204,332.6875305175781,614.2999877929688,618.219970703125,606.8300170898438,616.5900268554688,184.8188384959365,186.4732816834413,184.00157793065927,185.6560211181641,89.59787688324927,91.07039600528304,89.48008014684308,91.02131652832033,104.64142306970476,105.68199336399545,104.64142306970476,104.8792724609375,37.79292061827939,38.0833484132231,37.558705692180446,37.98029327392578,155.62648010253906,156.87126861114464,155.16331017380298,155.62648010253906,454.2572963810517,456.036834724231,452.84561930138017,455.08245849609375,251.80342348497496,253.5451467699501,250.4199981689453,250.4199981689453,63.435001373291016,64.43000030517578,63.18999862670898,63.95000076293945,784.9682614047905,786.4425478203586,770.6037577062217,772.167724609375,145.37620227202845,147.27528481828196,145.05647288770854,146.51953125,37.68906872655933,37.84521179782118,37.25967621127535,37.2889518737793,165.06517190662683,170.14411242247,164.97857644921768,170.09434509277344,279.37566216446567,280.0605548483829,277.0331534942896,277.3210144042969,188.0,188.30999755859372,185.3600006103516,186.57000732421875,179.58166514179058,181.10122044334688,179.30716656643145,180.5914459228516,302.9161226485914,302.9161226485914,297.976696138525,299.3255920410156,162.86856711574717,163.64946529246092,161.4141167064636,161.9119415283203,163.65898386261918,164.20613987100725,162.93594776074465,163.7176055908203,46.90148130491556,47.396610182228166,46.823811996761805,47.26069259643555,38.284774318109015,38.449254672609456,38.0428942662176,38.410552978515625,16.328621945575716,16.480692782207488,16.300107983896996,16.4046573638916,90.44827727503778,90.96811074029578,88.49991996993283,90.36930847167967
2024-05-14 00:00:00-04:00,43.254031097787895,43.57810286568439,42.4438498600538,42.61541748046875,102.78939221188688,103.06388820390256,101.32867712325783,101.96590423583984,275.3487701026159,277.2377107393154,273.439956738808,275.189697265625,241.3937886292342,241.5698242529398,237.81424838056665,239.55511474609372,168.9622000666333,170.43515363864887,167.99681433185833,169.52947998046875,194.48941777847745,197.01094066284543,193.66846100112872,196.9425201416016,95.22477558086256,95.83727606579887,95.13864612278483,95.55016326904295,506.48025340748967,508.04519231851725,499.3148156511856,505.791259765625,200.7427187735661,201.1148320092881,198.69612586090776,198.98989868164065,125.48094665314736,125.48094665314736,124.34462713852292,124.9564971923828,30.42698497721072,30.91389599177692,30.417047785649103,30.854272842407227,27.27123620097137,27.39541448222144,26.92736194794189,27.108850479125977,408.8981987547859,414.3267549073316,408.4317586361448,413.40380859375,303.5032244917039,306.8340124399215,300.8700537737196,301.5873107910156,74.33575258994284,74.82332801508011,73.64338893921465,73.75065612792969,131.62485854132694,136.52990515708058,130.97876543388503,136.33627319335938,175.22168755797725,175.4442793217509,172.85056028624686,174.0796661376953,589.4451899716358,595.4477471768462,584.9483232909421,593.0746459960938,429.1022978760369,430.0108821704388,424.7865902891734,426.7419738769531,60.04967279045015,60.079438435976655,58.97806413087682,59.39480209350586,61.733634524451965,61.90840390537163,60.97628325551508,61.26757049560547,80.9931492084696,81.84438229089635,80.88674415066437,81.54451751708984,228.5473848540043,230.79496698707595,225.6029454794236,227.2910919189453,174.5,179.49000549316406,174.07000732421875,177.5500030517578,480.4100036621094,481.7999877929688,466.4800109863281,475.9500122070313,326.9209558028843,335.89775596316167,324.92070511469234,332.2387390136719,615.1699829101562,621.47998046875,608.4000244140625,613.6599731445312,186.8818883882772,187.66925062518712,185.6659738309724,186.8021545410156,91.2863673734558,92.61163309550436,90.90351299796666,91.09003448486328,104.3540334267737,105.0378296242114,104.00717162651438,104.40357971191406,38.02713715106456,38.12082169592794,37.86786913619324,37.93345260620117,155.9835078048207,156.56248126763816,154.1211691783265,155.9256134033203,455.241485089256,456.2952823652324,446.6718808867582,451.5432434082031,253.0972656132592,258.56130557333256,251.335632754008,258.0338134765625,64.38999938964844,64.86000061035156,64.2699966430664,64.58000183105469,771.9484997585073,777.8058817036643,768.4619657816437,774.9071044921875,147.12995241026206,147.47876288467577,146.01568974654242,146.674560546875,37.47437174940592,37.8549702267231,37.44509236617399,37.56220245361328,170.78111325631593,171.96550597184986,169.61663051218866,171.1195068359375,277.3706812598133,277.9165962594108,272.23895303892715,275.6832580566406,183.82000732421875,187.72000122070312,183.4499969482422,187.07000732421875,180.88550901365537,185.57161024404556,180.86591266104375,185.2579040527344,299.5973140926501,303.1587334024737,298.3745773062077,302.1980285644531,161.58004271150568,162.107165314034,160.03774364046865,161.80455017089844,164.01072053384678,164.27453320579076,162.66236122044674,163.52218627929688,47.55194365698162,47.74611321801744,46.94031083593554,47.52281951904297,38.71048188075109,38.758860843766726,38.30412516515593,38.410552978515625,16.42366523619506,16.48069134174086,16.366637317822047,16.442672729492188,89.56956971282393,91.62089767401248,88.90478722070216,91.32599639892578
2024-05-15 00:00:00-04:00,42.89183641927077,43.05387050047028,42.39619698432976,42.46291732788086,102.05413213486646,102.7697888124784,102.05413213486646,102.53450012207033,278.1126067228968,286.1257153575351,278.102685528987,285.86724853515625,240.44513114073467,241.45248597260135,239.9854626341548,241.1199493408203,169.81810379537313,171.82848118606026,169.69866445937762,171.68914794921875,197.43117606975468,198.09577074283877,195.24195811825152,197.52891540527344,95.70329370301468,96.31579419858744,95.55016492833056,96.2488021850586,506.72634635479375,514.3642098547506,506.72634635479375,509.4035034179688,200.12579489865104,201.08545376411152,198.55903144373255,200.8014678955078,125.17016476784502,128.17121486167062,125.0147668473693,127.93811798095705,31.18219273772472,31.202067120946797,30.615786083174036,31.072887420654297,27.21392514725385,27.69153001502998,27.204372831268167,27.52914428710937,415.4817268366252,421.35753100749633,414.8553676108549,420.6317443847656,299.6713306572586,303.1298217773437,296.17352998342125,303.1298217773437,74.0139586041115,74.14072554929851,73.44836926747158,73.81892395019531,136.3332968554042,142.15710386584834,135.34339965490506,141.88246154785156,173.46995758861448,174.5926039452334,173.23767829021983,173.68287658691406,598.259547454216,600.2537459457301,593.3039934146956,597.2824096679688,428.8850262597146,429.9515963773996,424.1940345482382,425.468017578125,59.36503601074219,59.47417797188608,59.00783312684863,59.36503601074219,61.22873262723942,61.54914746820112,61.17047369982907,61.29669952392578,81.92176455809943,82.11522426330573,80.95445127203857,81.9507827758789,230.72628382659065,232.9248040714574,230.48091386526957,231.707763671875,179.89999389648438,180.0,173.11000061035156,173.99000549316406,480.760009765625,489.6099853515625,476.6099853515625,485.3500061035156,336.8051650991966,341.93755543214013,336.32706310809806,340.21051025390625,618.5700073242188,624.0999755859375,609.0999755859375,613.52001953125,187.2805836100953,190.01139602124525,186.7423838683229,189.0845184326172,90.59919877447524,90.92315479561591,89.18557794740312,89.99055480957031,104.67115887773528,104.92881770773604,100.47915601924949,101.84675598144533,38.17703456714776,38.32693198323096,37.88660675993317,37.93345260620117,156.62037653243434,158.65641309855917,156.1957979538821,158.04849243164062,450.1415279931409,455.9175414415524,450.1415279931409,455.321044921875,258.7703312974767,262.77130779316934,258.5115512467407,262.2139587402344,65.11000061035156,65.52999877929688,63.47999954223633,63.900001525878906,775.5247232486153,786.6218167416562,775.5247232486153,784.0119018554688,147.10088372883928,148.19574912390735,146.5970430995972,147.92445373535156,37.86472356048466,38.29411972381944,37.8452052146291,37.97207260131836,171.48776444109586,173.2255358178519,171.21903299446922,173.06031799316406,275.09761231302633,279.6437129571399,275.01821806611326,279.4154052734375,185.97000122070312,186.72000122070312,182.72999572753903,185.9900054931641,186.27748003672232,192.22824947437545,186.2676818597768,190.78712463378903,305.50715819931355,311.9313239082688,303.61483028506325,309.6023254394531,161.365304725765,162.70260847522164,161.179836198096,162.5366668701172,164.08888087708436,164.48948252703676,163.50263383281836,164.4015350341797,47.75581992263876,48.28007662521938,47.30923252568919,48.221824645996094,38.5847050556787,38.65243117168774,37.742959858200834,37.97516632080078,16.490196898719073,16.57573696814029,16.328621413459807,16.471187591552734,92.44161932872312,94.83083350687552,91.5689050462718,94.59890747070312
2024-05-16 00:00:00-04:00,42.38666861082155,42.44385540110182,41.63367769358466,42.04353332519531,102.39724666139615,103.12270886559187,102.11295259803678,102.80899810791016,287.7363414185243,288.3328267064404,282.92447093567085,283.0238952636719,240.72873238616563,241.8338946665921,239.55511678149375,240.49400329589844,172.46544694250113,174.28674128104558,171.86831096693265,173.35121154785156,197.6364343819668,199.84520331361367,197.41165179251217,197.8807678222656,96.38278531477332,97.10056001086332,96.20094672192435,96.3349380493164,511.8149735705969,519.846505184645,511.3326959958729,513.0650024414062,201.77604679874307,204.04020994771545,201.39212459242736,203.40032958984372,127.58848801809314,127.98668965678355,127.0251816359472,127.11260223388672,31.43061630144413,32.0566441995684,31.32131098625367,31.828094482421875,27.57690645496063,27.729739870153868,27.38586377501007,27.624666213989254,419.3591739020264,422.9582516726133,417.9175827662757,418.5538635253906,304.2499287131442,305.16367347179545,301.3907657722374,302.6189270019531,73.87787513648551,74.23159344047596,73.16061093776732,73.96630096435547,140.8777490822604,142.79430599556903,138.80903016136216,139.5074920654297,173.84739410107233,177.50570796636842,173.6828684769018,177.21536254882812,596.5146315210208,598.3493209346083,591.559077417143,595.4178466796875,426.3667167142023,427.2555301692368,422.5349123442896,424.35205078125,63.720917436986944,63.91936011503663,62.45086234417054,63.51255035400391,61.40351104037505,61.87927935851501,61.23844591699702,61.48118591308594,81.97013002261204,82.91810033905676,81.84438194574302,82.84071350097656,230.01959429583923,230.6281069471,227.42848836066813,227.9584808349609,174.10000610351562,175.7899932861328,171.42999267578125,174.83999633789062,484.7000122070313,486.2300109863281,481.3900146484375,482.8800048828125,339.55677005731764,339.8007045185657,334.3561004454573,334.4146423339844,615.75,618.3400268554688,609.0900268554688,610.52001953125,189.83199615864385,190.4598907547877,189.02471179656044,189.2041015625,90.0101859402806,91.13911125052798,89.85311364238429,90.08871459960938,102.1143384810992,103.09544267421155,101.9161306496056,102.44137573242188,37.746081969462864,37.88660879430371,37.60555157078552,37.7086067199707,157.720407028738,159.14852286175434,156.4949215926985,158.5888671875,457.3093387900123,462.21049463958,456.1362482023197,456.1859436035156,261.2186842359974,264.1149250059673,260.312984445533,263.5874328613281,63.59000015258789,64.43000030517578,63.41999816894531,64.0999984741211,788.7635758079576,801.4645212652765,784.7989079762095,790.0187377929688,148.24420896905852,149.5813183300126,147.59503675620874,149.4844207763672,37.98183330611784,38.41122950781427,37.77689624044136,38.27460479736328,173.77692289985708,175.5087106331646,173.22951262162755,174.60299682617188,280.17118299672654,280.8076338642048,277.7050117543678,278.2817687988281,185.6000061035156,187.30999755859372,183.4600067138672,183.6300048828125,191.16946176906416,191.787090970906,188.9930697768156,189.47344970703125,307.4913302668383,308.9670792556256,303.7091418924225,307.57928466796875,162.94661558858766,164.32297295268626,162.61473243395653,163.85443115234375,164.40153544629285,165.74012938865,163.942312072539,165.0952606201172,48.61987335794522,48.648997495265085,46.7655576077532,46.93060302734375,37.88808828978497,38.14931916879143,37.626857410778506,38.09126663208008,16.452177382554357,16.50920530092737,16.300106559214075,16.442672729492188,94.87882442022668,95.78752238437566,94.07208269713682,94.3280029296875
2024-05-17 00:00:00-04:00,42.22462897944452,42.22462897944452,41.68133268041853,41.96727752685547,102.3580450367578,102.74037981014914,101.89728069973364,102.04432678222656,285.370159876768,285.6684024976296,282.6063336766269,283.9484558105469,240.89499458131337,241.4915846311764,237.98051257996025,239.5844573974609,173.3512152736709,175.43128224723478,172.86355649440316,175.22227478027344,199.1903648009548,200.4022638711539,198.2130311706765,200.1481475830078,96.60290310974749,96.60290310974749,95.51188618959922,95.54059600830078,514.708669341568,517.5728380761241,511.8247961930401,516.3720703125,203.6661297993163,203.774416321874,201.98276931610485,202.76046752929688,126.92806599547548,127.5399360685436,126.07339221970564,127.4136734008789,31.8579079970722,31.907592059017556,31.3908694753538,31.629356384277344,27.605561095398784,27.61511341141987,27.23302988016634,27.35720634460449,420.0948847464424,420.4726906446292,415.61097317740536,417.7783508300781,304.32852767319685,304.58399481224285,294.7685395421744,298.2859802246094,73.95647629803932,76.63883895999149,73.61258557118792,76.491455078125,139.53615021577417,140.23856164663744,136.5091452678895,137.84384155273438,176.71209906981642,177.070198152613,175.97657014009357,176.32498168945312,595.2184192852475,595.3679476603509,587.6504090752437,593.5731811523438,424.9643439230844,428.085091501997,424.460669905114,427.1468811035156,63.74076563228405,64.37579135546194,63.1355093421033,64.1475830078125,61.50060295022532,61.52973056326738,61.11221749137941,61.19960403442383,83.02450235219901,83.35338533195826,82.31836039563531,83.11155700683594,228.3609096010619,228.7338767277857,225.8875762431449,226.82980346679688,173.5500030517578,179.6300048828125,172.75,177.4600067138672,483.3200073242188,485.8800048828125,481.5199890136719,483.4299926757813,336.39537727566665,336.56123602834305,332.32653750152656,335.85870361328125,617.0,625.7899780273438,614.7100219726562,621.0999755859375,188.875198802712,190.17084727488813,188.54630236847427,189.23399353027344,90.32431961514489,90.5991886364021,89.66658875471467,90.49120330810548,102.699032260547,102.88732780601389,102.1143361827264,102.32244873046876,37.83976719540468,37.85850482048553,37.315127988487205,37.53060531616211,159.59241055738664,160.65385699511413,158.72396508935995,160.5863037109375,457.756728983326,458.989466215622,455.4303895095616,457.5777587890625,263.776529874309,264.6822296413909,261.93527344115324,264.5428771972656,64.08000183105469,64.70999908447266,63.845001220703125,64.4800033569336,790.556682012474,794.531321317891,787.5682240925717,792.7482299804688,150.0463842119812,150.0463842119812,148.93213634065714,149.83322143554688,38.49905762887811,38.538094321458914,38.21604719178319,38.34291458129883,174.7224208450474,176.65824378032863,174.15510066358578,176.45420837402344,278.4906044413003,279.3458315424104,276.5514807026244,278.54034423828125,183.75999450683597,185.3000030517578,183.3500061035156,184.6999969482422,189.1107160351056,191.60082930552505,188.1009502868877,190.05186462402344,308.12658184128287,308.12658184128287,303.3279817046056,305.3803405761719,163.6689618865447,163.99108902735233,162.89781986679938,163.63967895507812,165.09526316399482,165.23205215558994,163.49287144435965,165.1538848876953,46.85293627033253,47.14419247327032,46.70731187234009,46.76556015014648,38.00419185797263,38.1106196693324,37.646210421323374,37.9945182800293,16.537717819213867,16.547222472489793,16.40465629900542,16.537717819213867,94.33799437588382,94.70886703782736,91.77583301886033,92.4486083984375
2024-05-20 00:00:00-04:00,41.93868331713964,41.98634018462102,41.28100981953033,41.32866668701172,101.74042292547992,101.76003405637636,100.99535701996962,101.18162536621094,284.33621127897,286.04620649047325,283.4513742400906,285.3999938964844,239.54533401788063,239.54533401788063,236.52326964435227,238.27392578125,175.3516485419678,177.9193741112275,175.24217134065958,176.0781707763672,199.7572184466824,201.21345091242705,190.97098381437388,191.14691162109372,95.57888080876074,96.15309910320671,95.14821161173992,95.31090545654295,516.3720759603019,516.3720759603019,508.409390023446,509.0885314941406,202.5438998734972,202.97704597525308,200.0828561326284,201.43150329589844,127.04461026893398,127.94784777218044,126.88921233854886,127.2194366455078,31.649231369928607,32.21563613099912,31.55979854046339,31.897653579711918,27.37631270273629,27.42407246393501,27.1852700141052,27.25213623046875,417.77831310874586,424.30034916156967,417.5595849948594,422.8786315917969,298.20738992507887,301.7051908078494,296.340560815393,300.359130859375,76.32442305016525,76.95325394583301,75.37134911559694,76.1868667602539,137.91397250023942,139.98267620868822,137.63339084198654,139.6951904296875,176.22820597805682,176.26692657906278,174.11839101828633,174.50550842285156,591.9080236916147,595.5075373237144,591.0305714962403,592.2869262695312,427.35431339467,427.6012077066802,425.6754200176138,427.23577880859375,63.91935754108895,64.2567191643118,63.37363262832503,63.68122482299805,61.10251019580957,61.18018506608479,60.64615783221847,60.75296401977539,82.62789371214278,83.04383869310591,81.68959870531796,81.74764251708984,225.9464522484399,226.80033480988,224.0129360077831,224.9257049560547,177.55999755859375,177.75,173.52000427246094,174.9499969482422,483.0,485.3699951171875,478.3200073242188,484.6900024414063,332.853407679296,334.2389385435605,329.35051289572635,329.62371826171875,620.4000244140625,644.3699951171875,619.52001953125,640.8200073242188,188.6958217839837,191.2771426664072,188.37688635675943,190.40008544921875,90.55992400367892,91.00167673467838,89.16594106313637,90.08871459960938,102.401723278835,102.73866521526712,101.59899487812892,101.9755859375,37.52123117100634,37.764816700202346,37.483755924386,37.58681106567383,160.1906572021619,160.586288539201,158.6467526577663,158.79148864746094,456.7924041379305,459.5163675238194,456.0964864672373,456.9713439941406,264.38369160991294,266.37423277111424,263.7964552389006,265.8467102050781,64.52799987792969,65.03500366210938,63.77000045776367,64.7699966430664,792.1903790621859,799.8906194365114,789.3413971322689,789.9490356445312,149.54021353035077,149.82346406073512,147.74298481646187,147.7527618408203,38.31363546459152,38.51857624068143,37.85496735320916,37.88424301147461,176.47414073902465,179.1016949111226,176.3895499420499,177.6187286376953,277.66518935103306,278.7093303798861,276.6309720016671,276.9889831542969,184.33999633789065,186.6699981689453,183.27999877929688,183.5399932861328,190.1891100729229,196.06144932074145,189.4832523852067,193.875244140625,307.2763261575927,308.6445554637349,305.52693128125986,307.40338134765625,163.5518442846083,163.87397145323402,162.80997023758795,163.31756591796875,165.12458201540838,166.25798509139747,164.51880429601678,166.0234832763672,46.6005194560483,46.66847825064358,45.63938211273763,45.75588607788086,37.89776452318776,38.03322045167416,37.41400442241204,37.936466217041016,16.518710106881162,16.689790256704235,16.49970261132215,16.65177345275879,93.71920279909754,95.16872341830162,93.40930707577944,94.74886322021484
2024-05-21 00:00:00-04:00,41.11897507592552,41.39539001765651,40.27067041115252,40.28973388671875,101.485523019818,101.8188449051318,100.3973446786888,100.93653106689452,285.1215940293894,285.54908520232726,281.6419554458627,282.1092224121094,234.72371662943644,234.77262038840064,229.38374550985068,229.7945251464844,176.05827701539062,177.30232932665308,174.97346704465423,177.00376892089844,192.53474965055523,195.36901157364028,192.14382211389847,194.9976348876953,95.60758590639963,96.47848202795504,95.07164253001493,95.92340850830078,510.1613633167549,516.4605877272026,507.7991166163188,515.3090209960938,202.02215135113903,202.0418439061275,199.9745612418686,200.3387908935547,127.88955617085372,128.96760517831956,126.72410138916236,126.99604034423828,31.77840961678809,32.036772797045785,31.42068021061876,31.5399227142334,27.19482130453136,27.38586398595345,27.051540204423805,27.28079032897949,424.36004826198655,430.46453247000767,422.3915253519068,426.5572814941406,301.43007381183384,301.7837698516994,297.6669710316364,298.3351135253906,76.2065122872917,76.854998346722,76.14756173507271,76.36372375488281,138.1787438970493,139.23680807645405,137.66304520384327,138.23011779785156,175.65719485013346,175.7346212811304,174.0119238022987,175.25071716308594,592.2769530743362,592.2769530743362,583.6221389081421,588.408203125,426.1198172108231,431.7391338385359,426.1198172108231,429.6355895996094,64.02850002910183,64.68337443322372,63.94911993706848,64.64368438720703,60.99570519013805,61.15105863761698,60.626739363406216,61.08309173583984,81.7766655421285,82.50215050182089,81.73797212534315,82.38607025146484,227.50701337258585,227.50701337258585,217.30943917516836,220.69554138183597,175.50999450683594,186.8800048828125,174.7100067138672,186.6000061035156,481.1900024414063,487.5,477.1199951171875,481.8500061035156,330.77509066530683,330.77509066530683,324.266906900417,327.9942321777344,636.760009765625,650.8800048828125,634.219970703125,650.6099853515625,190.4499145429012,192.08442053272117,190.28048580582157,191.7057037353516,89.89238466625021,91.14893313217084,89.77458043896277,91.1194839477539,102.06478542162118,102.76840621693476,101.79721429810702,102.08460998535156,37.56807374176342,37.58681136522292,36.79984904910513,37.11838150024414,159.57309827417674,159.90119106932306,156.80370826145509,157.2186279296875,455.23157000605056,457.6970747687976,452.9649075273748,456.4146118164063,265.9760456300981,266.06561631917174,263.47793763951023,265.289306640625,64.38999938964844,64.69000244140625,63.70000076293945,64.0999984741211,792.5091472903869,798.3565583065052,788.9528751404941,797.8485107421875,148.25088734356174,149.04205125035722,147.28390095525646,147.72344970703125,37.835448145932936,38.7918247625315,37.835448145932936,38.69423675537109,177.55897832592012,178.9722975078922,176.47412046293638,178.693603515625,276.4520250864545,276.87962345333244,273.3494028979425,274.4134521484375,182.3000030517578,183.25999450683597,180.75,183.1499938964844,192.15963560739203,198.01236399520897,191.9145465290381,196.90457153320312,306.98312947613647,309.48507295778165,304.82328061862216,307.70635986328125,163.75683119331475,164.51821729616842,163.29804534996998,164.332763671875,166.0430299377961,170.95768349728297,166.0430299377961,169.49208068847656,45.74617098897474,45.77529882908681,45.25104214878368,45.57141876220703,37.733287860506415,38.34282662090689,37.69458616665315,37.936466217041016,16.642267932411983,16.65177258611053,16.29060299687516,16.414161682128906,93.56825212335475,95.36866300361464,93.14939104451076,95.35466766357422
2024-05-22 00:00:00-04:00,40.24207572814317,40.97600315202103,39.94659732030058,40.35645294189453,100.92673503371871,103.07369766294664,100.91693694753005,102.7599868774414,281.7612658117615,285.4198501281512,281.1846229716532,282.1688842773437,229.60871211390293,230.07815539377148,227.40817715264475,229.55003356933597,175.79951363051288,176.30708148924128,174.37632512413728,175.54075622558594,194.4894108726972,196.38544068134388,193.20910608166412,193.81504821777344,95.25347871054932,96.83258437864237,94.9472284895892,96.72731018066406,514.5905694910183,517.9961290572506,512.4547431533116,513.1436767578125,199.9548678339272,200.76209735380985,198.7341998081784,199.63986206054688,126.4230335525564,127.81187847562356,126.40360510633916,127.3262710571289,31.708852003298507,31.867843275827525,30.90395844920465,31.22194099426269,27.19482006526129,28.302863194412527,27.1470603080412,28.274208068847656,427.60118209872775,429.9077641693655,424.6583193119375,428.0286865234375,298.64951586758593,302.80562446310864,298.3842438236018,301.7444763183594,76.34406813406974,79.60613110526378,76.08861074508698,79.31137084960938,137.91497195598166,138.80311636635122,136.7502104413759,137.5425262451172,174.64099030073962,176.2669157890654,174.18611925604964,176.2281951904297,587.9595156203052,594.8993485206568,585.915474267152,589.0862426757812,429.78372724779774,431.3638568071406,426.929614652292,429.3887023925781,64.47501391728794,65.17949527290104,64.2269567820677,64.74291229248047,60.88889953728843,61.18989846489664,60.84035227900798,61.17047882080078,82.10554671874718,83.09221037515407,82.10554671874718,82.956787109375,220.00850464065837,221.2549731419222,216.13166261835056,217.0346221923828,182.8500061035156,183.8000030517578,178.1199951171875,180.11000061035156,483.9700012207031,485.6700134277344,479.1400146484375,483.9299926757813,326.540412788886,327.1160945124577,320.9494245253181,322.56915283203125,647.1400146484375,649.25,638.1199951171875,640.469970703125,191.625965130265,192.17412585880135,189.63266445026173,190.2605438232422,90.26541696726724,91.0605823665719,89.97091764386718,90.80534362792967,102.05487893438978,102.8972414178146,101.8269418205697,102.09451293945312,37.19333521452811,37.643027494984736,37.1183847142004,37.27765274047852,155.90631507819086,156.26334034713122,153.60008025780698,154.0150146484375,456.21578462673017,459.7947334849141,452.5076216526051,453.8497009277344,266.1254273585538,267.7079040096584,265.2993357296648,265.9263610839844,63.790000915527344,63.90999984741211,61.845001220703125,62.18999862670898,796.9619582279948,803.2476791279807,794.9397999291194,798.7749633789062,147.33275338303577,150.49742417243775,146.82485484834214,149.930908203125,38.4600243674291,38.850383882574384,38.39171201069031,38.80158615112305,177.55898166062008,178.00886190082392,175.94662351519383,177.16087341308594,273.99576174607125,276.53155041109176,273.5880411123252,274.04547119140625,183.8800048828125,185.22000122070312,181.97000122070312,183.1300048828125,198.94369506835935,200.81617917543383,197.7378610182598,198.94369506835935,307.5597535431063,307.85293488436,301.5199494868234,302.3897705078125,164.0008580684335,164.41083403621082,163.62993594216434,163.80563354492188,169.41390771632433,170.97722329000635,168.79834978649367,169.70703125,45.72675407959843,46.44518031879105,45.668505805796464,46.04713439941406,37.91711306220745,37.91711306220745,37.404328567651845,37.62685775756836,16.33812590214033,16.642267562422784,16.328621248653093,16.632762908935547,95.42764347286976,95.98845620709116,93.21837032400497,94.91880798339844
2024-05-23 00:00:00-04:00,39.95612823066118,40.28973359668935,39.51767920375277,39.59393310546875,101.91688929899016,102.84822358357268,101.40711206953692,102.18158721923828,285.0122380614383,285.33038375001723,275.8458739970521,276.9494323730469,229.0805823179994,229.71630139121012,226.70401165091897,227.5940093994141,176.22746793765114,177.40184593977742,172.12706150853876,172.72421264648438,193.326384659334,193.80528356043,191.6258334965717,192.45655822753903,96.28707493301528,96.28707493301528,94.94722749229508,95.36832427978516,510.1614223865068,512.0413317134963,507.1200339131262,508.6948852539063,198.3896421877365,198.40933474209464,196.11564034245373,196.28298950195312,127.13201039741558,128.12265363514146,126.55899722659402,127.31654357910156,31.25175143532453,31.37099393773446,29.68171125454082,29.8903865814209,28.111823258709727,28.111823258709727,27.38586362944164,27.40496826171875,430.464537924642,431.090897164325,422.9582395726222,424.5290832519531,304.72152065593343,305.556646214823,299.23899272469976,300.5850524902344,78.70218426243363,79.29171224454356,76.2851142884044,76.94342041015625,141.11779151623892,141.17409476786224,136.13569993524797,137.64622497558594,175.49267559586085,176.0346458649415,173.2763863848777,173.49899291992188,588.288623463923,590.2828221875296,582.4655364134213,583.3330688476562,430.5243912907339,431.53170914818,426.31730292773193,426.9295959472656,64.66352729842447,65.01080574742895,64.05826732868704,64.33609008789062,60.67528500324091,61.05395876676176,60.24806028220773,60.28689956665039,80.83837397995768,81.3607240591527,78.56518915050869,78.71995544433594,217.65295711711872,217.741301681862,212.8044594392197,213.4522247314453,181.8000030517578,181.8999938964844,173.25999450683594,173.74000549316406,488.3800048828125,491.6799926757813,478.6900024414063,483.30999755859375,322.94971801281304,322.9692220496564,318.09053289482773,318.9589538574219,642.3400268554688,642.7100219726562,630.0,635.6699829101562,190.34028576334703,190.3602230291439,186.00486572472465,186.2540283203125,90.75625321190428,90.8838763211827,89.4800745464537,89.72549438476562,102.0548799664596,102.08460925098557,99.36921866449389,99.75572204589844,37.09964836906905,37.2870210525162,36.64058904715204,36.94038391113281,153.4553384824932,154.42992849759509,152.22985312123646,152.7123260498047,453.8496776641728,455.3707270585503,447.8052546105689,448.57073974609375,265.9163584240265,265.9263208482224,259.86512729563225,260.1636962890625,62.540000915527344,62.685001373291016,61.220001220703125,61.58000183105469,801.2055198242972,804.9410920547352,792.3696511725939,793.2761840820312,149.19833956952684,149.28624336121663,145.90670175714197,146.21925354003906,38.81134257844101,38.87965492706908,38.00134798364567,38.22580337524414,177.93720584610716,179.06188373408688,173.71718830847908,174.2347412109375,273.7073582620905,275.89512003616306,271.50967280789416,272.7030029296875,183.66000366210935,184.75999450683597,180.0800018310547,181.0500030517578,201.83575466042623,203.86508437073448,195.50264654268085,197.7966766357422,301.471079940107,304.9112034047214,297.47388213138794,299.5457763671875,163.29803595187445,164.09847585195885,161.37505877843944,161.54100036621094,171.36805134164146,171.43645329598755,166.5315650304533,166.75628662109375,45.77530021885666,45.81413116772472,45.15395689177584,45.2413330078125,37.55913158102885,37.86873773090716,37.24952543115053,37.42367935180664,16.537719188610367,16.642268570475444,16.46168376893415,16.604249954223633,101.99449335003398,106.28508365177812,101.48665694608556,103.7649154663086
2024-05-24 00:00:00-04:00,39.47001746562223,39.727368898197135,39.14594569526706,39.3079833984375,102.10314787443482,102.31882542451557,101.54435034897767,101.90707397460938,269.353889514531,273.36044425297746,266.96785729844186,270.7059936523437,226.8995978268539,228.98277563409263,225.96069637302827,226.9485015869141,174.14740175468117,174.93365126217552,172.82372836993727,174.15736389160156,193.2677453834201,196.20951454626544,193.08204958838635,196.16065979003903,95.93296934628223,96.45934032622132,95.31089654314908,95.63629150390624,507.9861350496241,508.99995112828606,499.5313498998985,500.171142578125,197.22802717830487,197.68085075923884,196.0860994177475,196.57830810546875,127.66617637758074,127.66617637758074,125.44210111277856,125.76260375976562,30.099064079939826,30.82446197812326,29.94007091639133,30.526351928710938,27.38586312933563,27.69152995251542,27.271237159684212,27.586456298828125,424.71796179341015,428.565562226306,421.9540501648999,427.6707763671875,301.5283602878156,302.08837906882843,295.08294201144673,295.7314147949219,77.13010646811475,77.83754303894284,76.74691290829203,77.49365234375,138.28839364330022,139.6507364636956,137.5207699783061,139.0836639404297,173.595773569036,173.64416693853482,172.14406108956902,172.2602081298828,584.3001907707903,586.2545273109575,579.6636546748423,582.3558349609375,427.8974364165384,432.0847539867741,427.59128990391065,430.1589965820313,64.62384531840881,65.17949847628088,64.50478273251744,64.87190246582031,60.41312866849869,60.607317693416974,60.17038868343262,60.19951629638672,78.34269435017268,79.65824089842717,78.23628930729812,79.60020446777344,213.7074009315464,214.2275839882332,210.7727711593652,211.2242584228516,174.83999633789062,180.0800018310547,173.72999572753906,179.24000549316406,481.25,485.3800048828125,473.8999938964844,475.4299926757813,318.47108195391144,319.593174493563,316.54887725385765,317.2123718261719,639.4000244140625,652.0,637.5999755859375,646.75,188.1875250894915,189.9416242186365,187.41012383078692,189.3436279296875,90.08870682882002,90.51082923098107,89.81383782083026,90.06907653808594,99.94401181617688,101.17287015057155,99.78545310892714,100.84584045410156,37.01532736930409,37.23080825805664,37.00596034423658,37.23080825805664,152.8088301720044,153.21410567480535,150.87893841167292,151.5543975830078,449.86316154776273,451.7918164125544,447.6859689977048,448.5409240722656,260.9400020591734,261.8855211459999,259.6163057108604,261.53717041015625,61.95000076293945,62.060001373291016,61.27000045776367,61.63999938964844,797.5496596983864,813.7271681678907,796.0156065850126,806.6146240234375,146.05320825726932,146.32669665664253,143.34761062347013,143.552734375,38.21605014052197,38.82110403123449,38.12821943681014,38.74303436279297,175.6878860636416,176.46818687286654,174.37410127570018,175.498779296875,273.47864118309855,273.7073410262279,271.827881102549,272.9615173339844,181.6499938964844,182.44000244140625,180.3000030517578,180.75,199.88483141314987,207.14927467768183,199.561312061716,206.2277374267578,299.4676138500886,300.52309648051016,297.0047713371696,298.9007568359375,161.89240706161988,162.34142196152823,161.20909890968608,161.3848114013672,167.5477040257482,168.06554914366347,166.30683775166258,166.9712371826172,45.270461803443226,45.4355035241726,45.02775077638731,45.06658172607422,37.481735681951015,37.5591353818549,37.00764914090129,37.288230895996094,16.62325825544831,16.737312284467876,16.556727493864933,16.632762908935547,104.4146953725992,106.44003098960508,102.96617374072068,106.4340362548828
2024-05-28 00:00:00-04:00,39.2889248828575,39.393772180023525,38.48827709248241,38.59312438964844,101.53455330901288,101.55415696091411,99.5640534571864,99.9463882446289,271.5112501386372,271.64049871962465,265.6058035892092,268.26025390625,227.04629464207804,227.1636666511259,223.2222653403016,223.97532653808597,173.61992005465763,176.42650907586395,173.54029889240527,175.56063842773438,195.32992913490415,195.86746569447465,194.15713158588773,194.97808837890625,95.07163705064578,95.82769385635804,94.79410395760472,95.75113677978516,498.6750830496223,498.6750830496223,493.9998502991613,495.7518310546875,195.07215324812728,197.71038463837945,195.01309060819884,196.0762481689453,125.13131284033813,125.36440973029572,122.1205484046383,122.4604721069336,30.744967620329465,31.172257382164105,30.466731941725964,30.86421012878418,27.51004126660256,27.586457977046305,26.870050633416884,27.03243637084961,427.1438549137668,428.3269711402922,424.13138989907134,427.8298645019531,294.1396826927899,295.07309717549737,290.65171696470026,292.5283508300781,77.41505146693514,77.42487905777236,76.05913628536129,76.12791442871094,139.29705685610057,140.00638742276263,137.57214219409073,139.53909301757812,170.55684389729353,170.60523726334813,166.3662323993737,167.79859924316406,579.9826973851949,580.2818149853126,567.5189568960544,570.9091186523438,425.6359083827188,427.9270948308342,421.8337600894819,424.5792236328125,64.7131473405129,64.96120447838969,64.23687430494412,64.5345458984375,59.995614514036944,60.32574103591973,59.61694073680162,60.02474212646485,79.44543495596096,80.03549663176072,79.1939388233359,79.31968688964844,210.8022171693013,212.7848104356501,210.00722097680787,211.38128662109372,176.39999389648438,178.25,173.16000366210938,176.75,473.010009765625,478.6700134277344,469.6000061035156,478.4299926757813,317.4953467860746,322.9594548121668,316.6074217875458,320.7250366210937,647.0499877929688,649.75,643.030029296875,649.0,190.8684893929941,192.3535037829733,188.4665737792376,189.3535919189453,90.05926778477695,90.82497653311168,89.67641341060958,90.31450653076172,100.44942246300874,101.93594705641058,100.0431021116018,101.51972198486328,37.21207172948219,37.27765162839425,36.69679598969249,36.87480163574219,150.8693039214008,150.8693039214008,148.5534248262547,149.8946990966797,447.3678279523828,447.9941477657677,439.8122763458169,442.4765930175781,261.31821713463233,262.56230524575216,256.033333268455,257.4864196777344,62.29999923706055,62.869998931884766,61.75,62.16999816894531,806.6245857598778,812.153220455541,801.623880318951,810.0413818359375,143.3769017102676,143.3769017102676,140.79828633921184,141.02294921875,38.6942395304776,38.782070232318624,38.1672553194315,38.3721923828125,174.91155073890857,177.6684817663742,174.85182082753647,177.18080139160156,272.70303360454017,272.93173348779635,268.7253065479907,269.4711303710937,179.92999267578125,182.2400054931641,179.49000549316406,182.1499938964844,212.9627746433126,213.15884289288928,207.1492695165489,208.8943023681641,296.2326984677567,296.6236466956525,291.5416179846304,293.37896728515625,160.56486321660847,160.82840961822868,158.38806586094063,159.21778869628906,166.53156723779165,167.1666558362781,164.78260617181562,165.7694549560547,44.80445699516137,45.5228795600053,44.6394115712531,44.9306640625,36.98829829322612,37.54946180341572,36.92057217176142,37.288230895996094,16.59474466391926,16.65177258611053,16.347630919066425,16.414161682128906,110.2077900069521,114.90124747385036,109.84690852832622,113.86358642578124
2024-05-29 00:00:00-04:00,38.39295801799166,38.7932837134768,38.06888622106978,38.36436462402344,99.10328428418433,99.76992060823676,98.66213108303472,98.7503662109375,266.4409200260122,271.2825841287944,266.2122471199922,270.03985595703125,221.8041215285228,223.32004848932093,220.70874897930025,220.9141387939453,174.59525395863238,175.99854847921964,173.88864081616407,175.06301879882812,193.51207582457425,194.47964157235157,192.4272348029799,193.6195831298828,95.55973093560245,95.6937149537336,94.94723048083672,95.32047271728516,484.5903236580276,486.1257660909959,465.82048758917006,477.09027099609375,194.74731264681557,195.31827659001257,193.82195780856583,193.9991607666016,122.50902940940212,122.81010361430435,121.6737841218212,122.27593994140624,30.27792802690156,30.476668061101428,29.920198618797397,29.94007110595703,26.89870601093765,26.90825832692459,26.44975809105949,26.57393455505371,423.2266200569052,428.4462393633384,423.2266200569052,426.6864929199219,289.01090855400065,290.9268521587584,285.9257829876742,288.6375427246094,75.75453786661012,76.9532490274422,75.48925289480954,75.53837585449219,138.22022626802013,138.22022626802013,136.62967060488202,137.3874053955078,166.8791589008023,167.6050150423782,165.22421516785465,165.64036560058594,568.4562655352056,568.4562655352056,562.034943629009,565.6544189453125,420.293128752152,423.0385924058557,418.5846393334007,420.88568115234375,64.2467969057939,64.70322111825669,64.14757556745032,64.41547393798828,59.68490948320952,60.08300291569638,59.296524020526505,59.90822982788086,78.6812565164056,79.26165037265821,78.11054523910883,78.82635498046875,209.6735198306595,210.64517518007196,208.83925606841584,210.3016662597656,174.19000244140625,178.14999389648438,173.92999267578125,176.19000244140625,472.7799987792969,482.7900085449219,472.6000061035156,477.6000061035156,318.6076381720665,318.8613395092703,315.914592522218,318.002685546875,644.1300048828125,664.25,643.8900146484375,654.6199951171875,188.97488815842905,191.6060446786084,188.87521703261189,189.6526031494141,90.0003737013194,91.02132124424703,89.70586686580606,89.99055480957031,100.84583896400618,101.16296393467562,99.8647272065256,99.97373962402344,36.78111155621759,36.97785481632266,36.53752959805187,36.6312141418457,149.4604836427569,150.89825846693026,148.29289251758283,149.36398315429688,439.52398691542993,441.9596684627932,439.21580260066304,439.88189697265625,252.27120191585743,255.2669756867011,252.27120191585743,254.7195587158203,61.22999954223633,61.59000015258789,60.84999847412109,61.04999923706055,803.9151295467192,810.3104125235948,803.1878967693611,803.4170532226562,140.47597891607538,142.0387676014009,140.36853598300928,141.08155822753906,37.9037656096645,37.9623206555076,37.630516174552085,37.786659240722656,175.976490431931,177.3897945303486,175.42908017169887,176.56370544433594,267.5021195223067,269.6302178653023,266.7662497969493,267.3628845214844,181.6999969482422,184.0800018310547,181.5500030517578,182.0200042724609,204.55131414784975,206.52183967402155,202.6396225589915,204.16897583007807,292.25506313790936,292.27459861906846,289.0983381587377,289.6456298828125,158.76877063173814,158.8566343334517,157.56812558487786,157.79263305664062,164.14751142902003,164.76306936772124,162.39856533739294,163.21929931640625,44.56174754475232,44.979210821580445,44.51320237493043,44.73649978637695,37.01731639442196,37.1817967261588,36.620633311851705,36.70771026611328,16.39514994801027,16.45217604893351,16.262088441580353,16.27159309387207,113.01286640628572,115.45405793078952,110.86457027293942,114.78727722167967
2024-05-30 00:00:00-04:00,38.25951733149195,38.69796634027272,38.04029282710156,38.36436462402344,99.28955787241703,100.59342137327164,98.87781386565932,99.74051666259766,222.100357375485,223.78052817430648,210.7666833035836,216.74171447753903,221.0803998709256,224.37630722776063,220.53271359572437,224.2002716064453,174.36635482166008,174.3862639091637,170.97257674604643,171.2910614013672,194.05936907247133,195.32013784464945,193.9029921078258,194.8119201660156,95.40660939346164,95.51188359356031,94.70797218385968,95.13864135742188,474.7280400666665,478.3796343306162,470.4760318999776,474.0685729980469,194.71777328435743,198.14354178107567,194.32399729443583,197.77931213378903,122.35364710891513,124.1698140923014,119.16805625361911,120.94538116455078,30.019567311756507,30.307740177296864,29.870513230933252,29.99969482421875,26.659904642381388,26.93691635131836,26.54528048979358,26.93691635131836,421.8446642438629,421.8446642438629,411.8428815087906,412.2704162597656,284.9039063565684,285.4246454742365,279.3231494003511,279.82421875,75.75454659717327,77.50348308404514,75.71524372714451,77.38558197021484,136.2345135339175,136.60795416679937,133.92672790564654,134.7605438232422,165.83394656369586,166.1823581181365,164.9145169286569,164.991943359375,549.930158776567,562.334014576462,548.7336275479995,561.1275634765625,420.5597870214378,425.1816414180068,419.9672346309495,424.766845703125,64.42540172136125,64.66353445989427,64.26664151560374,64.38571166992188,60.05386560384413,60.27718963014144,59.81112563987723,60.17038345336914,78.32336269588282,78.7393077292764,77.83003082371484,77.9654541015625,211.32241930868156,212.7357526567792,209.4772324401993,211.4696502685547,178.5800018310547,182.6699981689453,175.3800048828125,178.7899932861328,464.8999938964844,466.8200073242188,444.8399963378906,445.8699951171875,320.5572946317872,324.4480691968855,320.0168901189769,323.4262390136719,653.52001953125,656.489990234375,644.72998046875,647.6599731445312,190.1210227262773,191.53626445370173,189.99146851693155,190.6492462158203,90.54029533756156,92.16006037340048,90.27523770250532,91.7379379272461,100.23140253460126,101.15304812989396,100.0629315537378,100.78636932373048,36.74363922015005,37.81165872501233,36.70616397377406,37.78355407714844,149.2288898752665,150.94649254126855,148.19640533339,150.83070373535156,439.6233801020609,441.5918094439321,438.0924098419,439.5140380859375,247.77257891346167,252.48020395474924,247.3545671410809,251.54466247558597,62.77000045776367,63.34000015258789,62.130001068115234,62.5099983215332,807.0828251579918,816.3470319079247,805.1901109530223,812.2030639648438,141.25736571744065,142.22435211442422,140.67132554981387,141.9020233154297,37.79641384952723,38.177012313416704,36.68389411731364,37.69882583618164,175.85705553445754,175.85705553445754,172.41335988432073,172.74180603027344,267.20380851244994,270.1274401227618,266.81596558463553,269.789306640625,181.30999755859372,181.33999633789065,178.36000061035156,179.32000732421875,204.7497706897591,206.0983581228852,200.63509500778272,201.5997772216797,290.4372583087967,296.6822895383048,288.7856004323773,294.17059326171875,157.7926086447102,158.81755591892954,157.62666706997757,158.70042419433594,161.7634614507984,162.90662982776522,160.4639585328235,161.8318634033203,44.75591226310793,45.10541673739993,44.65882933290521,44.77532958984375,36.82381686809735,37.646207488691566,36.688360951866336,37.60750579833984,16.31911630007644,16.765824128935318,16.30961164676107,16.746816635131836,114.612337538274,115.78095222554882,109.62697631949284,110.46369934082033
2024-05-31 00:00:00-04:00,38.36436460503123,39.23173270283597,38.24998739322895,39.16501235961914,99.85816241378645,100.28951755803472,99.3973980514222,100.18167877197266,217.83532222853856,233.2550869209213,214.80306265240355,233.07614135742188,224.4166649565392,229.47233423419144,223.3543823251312,229.00021362304688,171.0422451160524,172.23653216033742,168.63376194065896,171.67919921875,194.78261675894592,198.69195170679055,193.85415269141868,198.03713989257807,95.0142267814754,97.15797846998368,95.0142267814754,97.02399444580078,474.8166369137402,490.5647891762315,474.8166369137402,487.5726318359375,197.20835060821764,199.1279616417073,196.02705266614848,199.03936767578125,121.52810605092472,122.96550722462482,120.96480709467583,121.92630767822266,30.02950494219729,30.76484006095746,29.75127115934644,30.65553474426269,27.07064353052129,27.46227936881002,26.975122194420106,27.376310348510746,414.3383733012913,414.3383733012913,402.1692127903504,412.7277526855469,279.824220426308,280.4039388671043,273.8209832033486,277.35809326171875,77.6999933765238,78.928179889824,77.23819404812205,78.82009887695312,134.491806454167,134.60937247676804,129.14714261095708,131.25042724609375,164.42094780881823,167.40179907807644,164.06286347147548,167.33404541015625,562.9522773456008,566.9306935098721,558.7744291650181,566.3323974609375,424.76682277454086,430.57378163863126,422.21888681298327,430.109619140625,64.16741416093227,65.38785852552783,63.6613830852169,65.24894714355469,60.18980754631761,61.199603056122136,59.89851660488047,61.10250854492188,78.08153385550939,78.81669405908876,77.98480399767358,78.71028900146484,212.4903689104904,217.31924755232936,212.0290722233053,217.191650390625,178.5,180.32000732421875,173.82000732421875,178.0800018310547,447.7200012207031,448.2300109863281,433.9700012207031,444.760009765625,324.2809964297248,329.31152839759443,322.2766754726922,329.0167541503906,644.010009765625,648.5800170898438,628.2999877929688,641.6199951171875,190.7987489600185,191.92496874276912,189.2738751129784,191.6060333251953,91.78702579963355,93.32826218994636,91.26673690520472,93.30863189697266,100.60798059532718,103.1449876953432,100.49897574840372,102.9765167236328,37.60554661705574,38.67356607003797,37.56807137250015,38.55177688598633,151.15877751447013,155.97386311629663,150.72455478078476,155.587890625,440.100631617431,444.7234268908138,436.69070156540937,444.45501708984375,251.89298917371607,255.76460572080504,251.544653635618,255.5854339599609,62.72999954223633,63.560001373291016,61.77000045776367,62.9900016784668,805.9173712033459,808.6169058506714,785.1674954172055,806.7740478515625,142.18530529747102,144.05088385470688,141.81413604859625,143.2597198486328,37.76714117834452,39.11387746098782,37.72810448081993,39.02604675292969,172.5825655047724,173.59776135461897,170.16402810623885,173.1399383544922,269.9285312119057,271.2411882816471,267.51206957054944,270.9428405761719,178.3000030517578,179.2100067138672,173.8699951171875,176.44000244140625,204.74976984691332,205.7833654391536,195.60494298530244,200.8614959716797,295.157682597974,298.9594065947991,292.7046226272297,298.9105529785156,158.56376777837565,160.83816979579626,158.10498199103853,160.6136474609375,161.9002574739001,163.1411387200754,160.08290935523,163.02389526367188,44.79474450691142,45.21220775058378,44.668533741656105,45.14424896240234,37.210821640344776,38.78788041473499,36.89154193101943,38.729827880859375,16.661276683557066,17.36460471832213,16.604248763269727,17.317081451416016,112.4830297906596,112.67997129263831,106.904868817121,109.59698486328124
2024-06-03 00:00:00-04:00,39.23173287507107,40.40410930015284,39.20313948099147,39.81315612792969,100.16205731890513,102.08353665885114,99.91697055392036,100.84830474853516,233.2551041457896,239.58805728099037,228.87077064606203,235.24346923828125,229.1772452112452,229.66904187478863,223.61010337790708,224.57403564453125,171.71901635552842,173.69955303760383,170.3455929752159,172.3460235595703,197.7243826360642,197.83188994185147,194.67510619981317,197.24549865722656,96.89000460904737,98.74665069217298,96.29664890942834,98.53610229492188,486.3521195414708,490.8304879569306,485.3088069430928,489.6100158691406,200.64398419634503,200.64398419634503,197.8580808391613,199.30517578125,122.14968320615311,125.23814659361004,122.14968320615311,124.72340393066406,30.83439895760554,30.874145826725712,29.86057507726836,30.099063873291016,27.376312113058216,28.207345422209706,27.357207480222996,27.9971981048584,413.1254536486165,414.0202395554304,406.55371826249007,411.1270751953125,281.3472072092664,282.4967494381429,275.805728822206,276.83740234375,78.28952434945245,80.68694691242386,78.2305737933977,80.64764404296875,133.6362783960961,133.6659148646038,128.6798729909445,130.59347534179688,167.15987435959528,167.33407278975156,165.5242757388432,165.71783447265625,567.7383441224833,571.9660351125438,561.3768461782355,567.9277954101562,428.7468057727514,431.1564665577948,424.7174736777007,428.9344177246094,65.00089089773054,65.32832054815843,64.65361243812362,65.30847930908203,60.88889617557948,61.2578619851932,60.6364482241079,61.10250854492188,78.8456988715625,79.77431863291156,78.46844732413989,79.43576049804688,215.62129699108172,216.92666690607828,211.99963417768868,212.7161102294922,178.1300048828125,182.63999938964844,174.49000549316406,176.2899932861328,447.5799865722656,449.8399963378906,436.5799865722656,439.0199890136719,327.8180743441959,327.8180743441959,321.1271097801759,322.27667236328125,645.219970703125,646.780029296875,627.27001953125,633.7899780273438,192.25384615761888,194.33685694398167,191.8751293663799,193.38006591796875,93.15094139902718,93.87037117407894,92.687755332197,93.03268432617188,103.2341805064753,103.28373435270528,101.55936786804872,101.84675598144533,38.57988211220672,38.88904394984593,38.31756254404787,38.39250946044922,154.39134968888035,157.46952957912745,153.2623647111492,154.57469177246094,440.8859989888185,442.397097252874,435.32869976738704,440.5976867675781,256.0233645266126,260.3329026462086,255.4759779205249,260.143798828125,63.040000915527344,63.52000045776367,62.58000183105469,63.459999084472656,807.8797442240827,824.7246576381888,804.0246385947092,812.2528686523438,143.82621271168418,145.43784173123422,143.35737761756036,144.30482482910156,39.07483659316996,39.22121860914786,38.41122769705364,38.91869354248047,173.06033057484387,175.03099255737388,171.63706373028532,173.5977783203125,271.569352121136,271.6091378868888,266.56736183228765,268.8744506835937,177.6999969482422,178.6999969482422,175.9199981689453,178.33999633789062,206.28537170199144,207.68318069946065,199.24710502043712,202.69241333007807,299.8292356166572,304.4128263721598,296.95593902887447,300.4449462890625,160.01820341110252,162.27309340933058,159.7253740948037,160.7210235595703,162.72099976314576,162.9555015967636,159.78002861399716,161.48989868164062,45.357833815663696,45.40637527598577,44.93066007648692,45.28987503051758,38.70080553911751,38.76853165354726,38.004189858358544,38.29444885253906,17.23154299401034,17.42163245374313,17.0699674970857,17.117490768432617,113.58368201334557,114.96222686767578,111.96620962094242,114.96222686767578
2024-06-04 00:00:00-04:00,39.79409408569336,40.10863597583567,39.45095880044217,39.79409408569336,100.77968474062236,101.45611915271276,100.52479240070676,101.39730072021484,234.34869566067195,239.1903594892673,230.8491690795616,233.4936981201172,224.36749474137025,226.0297700158893,222.5281798560109,223.88552856445312,172.4554906420356,173.02278573356492,171.0721052056168,172.9630584716797,195.62311616668424,197.40185573864696,193.78572404610256,194.64578247070312,98.4882580229462,99.63669456807813,98.15329067083304,99.3304443359375,490.7124140671575,500.269565404661,486.8049026494733,497.5333251953125,197.92697011012555,204.90648622616263,197.92697011012555,204.00082397460935,123.48996576114592,125.63634962271549,123.2277336104465,125.00506591796876,30.556164699264865,30.556164699264865,29.75127113543878,29.8407039642334,27.98764567996821,28.398386174743237,27.86346921085668,28.16913604736328,410.04337212748766,414.0301770538055,407.3092856318989,413.6623229980469,276.8373624159729,283.8329636380781,275.44215813465473,283.0272827148437,80.53955535487735,81.97407622020408,80.47077721394577,81.34524536132812,130.44526320225873,131.59027692777985,129.12244576025955,131.4746856689453,165.69845628233256,168.7760794159306,165.32101165712558,168.29217529296875,569.1342633898115,572.0856991015028,563.6003746812357,568.0175170898438,427.31950275177127,430.08369804248497,424.6643054596249,427.1510925292969,65.47716032404563,66.12211039979361,65.31840769145867,66.0824203491211,61.36467116650426,62.11231079179416,61.11221949878644,62.08317947387695,79.10687730456995,80.65457704618254,78.8457059713037,80.54817199707031,211.3126051991059,214.28648781279733,211.1261216397996,212.5198211669922,174.77999877929688,177.75999450683594,174.0,174.77000427246094,442.8200073242188,450.1199951171875,441.5899963378906,448.3699951171875,321.1566203448679,324.0255947316929,319.4175690456668,322.5223388671875,633.780029296875,635.22998046875,626.4400024414062,631.6199951171875,193.9880117607724,194.66574186569684,192.38340418619828,193.6989898681641,92.9242806262845,93.73240323754185,92.05702947629004,93.36775970458984,101.19269209838536,102.56029210158805,100.71700086722257,102.4017333984375,38.29882531946016,38.93589019775391,38.14892791126376,38.93589019775391,154.57470284021224,157.1028566607367,154.16942728512944,156.4563446044922,440.7666398681542,442.2777683494306,438.7385942839227,442.16839599609375,260.15376740588414,262.98033194667147,258.7703268485746,262.0845642089844,63.13999938964844,64.12999725341797,63.02999877929688,63.33000183105469,811.8444380835236,824.8243358310107,809.9118995799174,824.2067260742188,144.0508671584345,144.8615702162743,142.790868128876,144.36343383789062,38.66495951570033,39.172425371066566,38.46977976782962,38.723514556884766,173.6276257775434,174.36414282591306,172.40342834776362,174.30442810058594,268.12860344553235,271.469879132945,267.8103780426421,270.903076171875,177.63999938964844,179.82000732421875,176.44000244140625,179.33999633789062,202.6924273266168,203.00741915466625,198.5088383760201,201.17648315429688,301.01176778959285,303.8655288410593,300.08331047186505,300.39605712890625,160.85769278706516,163.13209495954607,160.47699975615834,163.02471923828125,160.82549159262837,162.58420308066366,160.122001033861,162.0077362060547,45.28988304074759,46.21218206041832,45.1539617429395,46.03742980957031,38.139644778792565,38.487952643752685,37.92679284304769,38.27510070800781,17.079469931857222,17.45014414888385,17.012939173444728,17.44063949584961,115.6779940883536,116.56169877793198,114.00753771578134,116.39875030517578
2024-06-05 00:00:00-04:00,39.727368898197135,39.727368898197135,39.00297146517465,39.3079833984375,100.90712579277368,101.38749377034082,99.97579905348672,101.20123291015624,234.26916985773647,235.5417222776206,230.20296696654384,235.15399169921875,224.97730577200292,225.33139998310784,222.2921000927162,223.6789703369141,174.36635570479385,175.80945323933747,173.10239440013726,174.5753631591797,195.2321677835653,195.29082033039467,192.45654375077228,192.7888336181641,99.48356498585407,99.7611053973289,98.555249225298,99.5984115600586,500.6928381093332,501.08653591639296,490.9486446706051,495.2006530761719,204.6899176341605,206.18623639669104,202.66202004628053,206.0090484619141,124.78167532636054,126.19965547737506,124.3834885149352,125.7237548828125,30.07919025930052,30.645596899838363,29.820828969781854,30.585975646972656,28.236000375440742,28.29331427359301,27.86346914704128,28.22644805908203,415.3922317370634,421.6259378345122,413.89096003424896,421.5563659667969,283.2238177551852,287.2030481920367,283.0272999623804,285.9355773925781,81.02100760558817,81.06031047385343,79.54718377879082,79.74369812011719,132.97436926971383,139.72681084838595,132.43495842042304,139.6023406982422,168.24378384383613,168.3696036428658,166.42431436272736,167.90505981445312,568.1969647833589,573.9103846834905,565.0760393637473,573.6112670898438,427.7455317736213,431.53019638944727,425.3578254657907,431.05462646484375,66.0526480490692,66.62814237068702,65.76490088826029,66.568603515625,62.13172945488582,62.20940432562926,61.51031196934685,62.063758850097656,80.38373097852104,80.46111781105259,79.04884132741722,79.61955261230469,212.77500650771205,215.58203943047445,211.7640834773369,215.40538024902344,175.35000610351562,176.14999389648438,172.1300048828125,175.0,449.1900024414063,458.6000061035156,448.3699951171875,455.7999877929688,322.7581193240411,324.6838519143979,320.2232285662154,324.48736572265625,634.02001953125,651.25,628.25,650.27001953125,194.7454708275224,196.24044634116564,194.2172473626493,195.21389770507807,93.93935788047187,93.93935788047187,92.34281971150688,92.95384216308594,102.07468989329972,102.15397302044344,100.1223863623027,100.58816528320312,38.97336594916587,39.08579169745901,38.53304427677878,38.73915100097656,157.1896846329809,160.16171983637165,156.47563407477887,159.64065551757812,444.1865286054333,444.9520440751937,439.72280159073273,444.04736328125,262.75142376433433,266.8220766468028,261.358051076597,266.5832214355469,63.7599983215332,63.810001373291016,62.84999847412109,63.52999877929688,827.7131160419576,831.1797683752454,818.5186471563776,831.090087890625,144.5294858932856,144.54902503764322,142.45878371138608,142.57598876953125,38.86014422727831,39.02604833712019,38.56737642944827,38.996768951416016,175.70279368634698,177.13102647161713,174.46365245832024,176.2352752685547,272.006866227296,273.3990643562745,270.5052648448031,272.9714660644531,180.10000610351562,181.5,178.75,181.27999877929688,203.69648197319597,209.1794517536375,202.16086110710816,208.5888214111328,300.8163071802643,303.2693672797649,299.4480777757244,300.4058532714844,163.02471486359053,163.02471486359053,161.04315697452202,162.08763122558594,162.59399030632255,163.94233484459252,161.97843231368563,163.541748046875,46.13451562101852,46.24130907277988,44.30932753581253,44.67824935913086,38.31379462898662,38.31379462898662,37.79133657801037,37.86873626708984,17.402622558612094,17.412127212561103,17.260056375031716,17.393117904663086,118.33212409256934,122.40878000462286,117.42942079845784,122.39978790283205
2024-06-06 00:00:00-04:00,38.94578790473897,39.35564351986851,38.793283743480494,38.96485137939453,101.2600510955425,102.93644370985412,100.78948120476596,102.22078704833984,238.4844822493546,245.3145105769697,238.05697592305944,241.34771728515625,223.91501851721824,225.16418626511788,222.70520290776452,224.56419372558597,175.06303132341756,176.30708360737074,174.9137511238172,175.8890838623047,192.78883518192376,193.5316183185047,190.90258834913973,192.44677734375,99.53142254470028,100.39275362319192,99.0816159091779,99.7611083984375,495.7222809260031,496.755771401981,489.45255284648937,494.01953125,205.91059450393576,206.93439705520356,204.384744464904,205.20181274414065,125.44210204462264,127.16114150092162,125.1895767223297,126.76295471191406,30.35742448048119,30.397173246523653,29.96988348819456,30.22824478149414,28.044959059105743,28.216897106937445,27.500489788917385,27.510040283203125,421.5563568996983,422.848821948627,418.14618249774657,422.0633850097656,286.1124612915254,288.73579697149785,285.52293788537685,286.6430053710937,79.73387098631834,81.48280740474836,79.50788136656072,80.04828643798828,140.46971855878644,140.5507289190282,137.14734409540665,138.43460083007812,168.39863921905305,168.78575662056969,167.12112521240005,167.6243896484375,573.6212305832909,579.9827289437444,570.2809722936911,578.1580810546875,431.98590462682216,431.98590462682216,427.96347042122704,429.83599853515625,66.53883881174531,66.91589047541476,66.25109164687743,66.62814331054688,62.06375862274389,62.490983373981805,61.986083752285,62.28708267211914,79.73563686507507,80.25798694087135,79.18426857062592,79.64857482910156,215.1698041152008,216.1218406828135,213.95277879460176,214.4042510986328,174.60000610351562,179.72999572753906,172.72999572753906,177.94000244140625,457.7000122070313,467.8500061035156,456.8699951171875,458.1300048828125,324.0353879170234,326.03973899244784,322.3258111085444,325.31268310546875,644.8900146484375,657.989990234375,644.239990234375,648.52001953125,195.03450583879905,195.84179017422775,193.5195930765027,193.82855224609372,93.48602064803984,95.39792352731055,92.62861927541172,94.33356475830078,100.14221492084566,101.0143066716633,99.90436552992274,100.30077362060548,38.70167939795442,39.0857917707517,38.54241137449206,38.72041702270508,159.68891434385327,162.96008060278268,158.58887652378604,162.66094970703125,445.86665092647297,447.1491138623576,442.029243673689,446.0555419921875,266.1552364284912,267.83721554134297,264.31398002601026,266.71258544921875,64.28500366210938,67.81999969482422,64.16999816894531,67.0199966430664,832.2057571330859,845.8232064451342,831.1100136339487,839.3980102539062,142.11691132800968,143.58203412520564,141.2964461385399,143.01551818847656,38.947971430539184,39.03580213425101,38.46978121638716,38.74303436279297,176.59355525115092,177.867535069039,176.37460634328087,177.5092315673828,273.26979750171614,275.6067178822197,272.5538055201926,275.4973449707031,181.75,185.0,181.4900054931641,185.0,208.58881816753876,208.92351670060864,205.5274148145473,206.16726684570312,299.95628409049147,302.97617128851266,297.40548705128515,298.7541809082031,161.87287264513014,164.55725059157447,161.14076956882712,164.4498748779297,163.54173757238615,164.57742784301482,162.9750360281231,164.34292602539062,44.600576363583976,45.037456946760216,44.44524145661868,44.88212203979492,37.89776449028568,38.62340464081928,37.74296140580371,37.8010139465332,17.38361392151307,17.53568474905206,17.31708134824091,17.374109268188477,124.00725324087745,125.54574922421772,118.2811377621336,120.95825958251952
2024-06-07 00:00:00-04:00,38.93625264987693,39.6320567184825,38.86000239056897,39.536739349365234,101.81885156815753,106.00493044204477,101.3384835779142,105.46574401855467,240.92024228339145,242.5109251499375,238.8921015282677,240.4430389404297,223.80682915035084,226.9346638761529,222.97078378963104,224.2297821044922,176.2075553066339,177.02364564681855,173.47064048742553,173.6298828125,192.95499201112668,196.36589211260284,192.5445136322584,195.4178771972656,99.45485044973286,99.86637486080022,99.11031804504478,99.15817260742188,494.137628983431,494.9446989144294,482.7005388346838,482.9662780761719,205.2707292358976,207.682548964878,204.4241296348372,205.52667236328125,126.59783413396488,127.5884623957599,126.46186467727382,126.90861511230467,30.059315502581093,30.585975266431078,30.019566737614863,30.546226501464844,27.462280061779943,27.748842255396536,27.271237384756883,27.299894332885746,423.73371564550735,423.81323935854607,420.55222098628695,421.3973083496094,286.3482860484308,286.71181702141115,283.1157568828009,283.36138916015625,80.19567418702496,81.18804355329887,79.20329732449503,80.00898742675781,139.0777399944502,140.77894249381356,138.0147315086536,138.96511840820312,167.28786580080052,168.27305428779246,166.5562862127504,166.8391571044922,577.82904598919,584.2503681478717,575.4160826361475,579.4044799804688,429.994507361017,434.1358263420374,427.59688413055824,429.6873779296875,66.87620304816818,67.04488007794299,65.12987875198006,65.36801147460938,62.228819829484735,62.35504936438502,61.95695593182789,62.05405044555664,79.56151919695246,81.46712758526846,79.474464542062,81.32202911376953,212.28425944595395,214.18833265498333,210.7727871428134,212.6572265625,176.1300048828125,179.35000610351562,175.5800018310547,177.47999572753906,458.1300048828125,468.9299926757813,458.1300048828125,465.4299926757813,320.0365470654976,323.0725330817356,318.2679914355827,321.3138122558594,649.3800048828125,650.4000244140625,640.239990234375,641.469970703125,193.99798178181692,196.28031956711487,193.48969558531903,196.23048400878903,94.00834085667285,96.52140886808976,93.91964805383807,95.15154266357422,99.95391615301682,101.35124536556096,99.6467034840518,100.6278076171875,38.5611441469971,38.68293690563265,38.233244689712215,38.35503387451172,163.07586460693125,164.36888863871607,161.9082735356645,163.48114013671875,446.821080510025,450.3503036457917,444.6438878732207,447.1590881347656,266.3144717235354,266.4637865997655,261.5770047137737,261.83575439453125,66.5,68.29900360107422,66.19999694824219,67.30000305175781,843.4224647165219,847.1082414469643,839.0493402693204,842.3267211914062,143.26947838275413,144.8518212592897,142.93738743365444,143.66018676757812,38.56630138733876,39.23394643641941,38.56630138733876,39.05721664428711,177.61872166754495,178.5741875907091,174.9612950507807,175.12054443359375,276.1635794692708,278.76898529555547,275.3183065754593,277.1182556152344,184.8999938964844,186.2899932861328,183.3600006103516,184.3000030517578,206.45273028132152,206.521643662903,201.68836429236103,203.39132690429688,299.76080572371944,300.9726617170243,297.57163881319127,298.099365234375,164.38153742856915,164.9379429137037,162.85876541930122,163.07351684570312,164.3233824329174,167.3816117810827,164.20613897715336,166.11141967773438,44.61028770762067,44.9403748539916,44.45495279776826,44.50349426269531,37.79133812161896,38.07191615813824,37.64620862382215,37.694583892822266,17.317081850114366,17.317081850114366,17.079470948594988,17.20302963256836,119.73066046106749,121.6520339148132,117.98324108710489,120.84829711914062
2024-06-10 00:00:00-04:00,39.46049369999399,40.71865403143855,39.42236674789294,40.575679779052734,105.51475806955207,106.83823266808318,104.93635685759374,105.37751007080078,240.38337805135976,242.2226217294571,239.03128925552053,240.4330902099609,223.61995470931944,225.2330472071904,222.53799601811917,225.19369506835935,174.3373028204193,176.41974164942064,172.13528757767702,174.3771514892578,194.7239778396924,196.2877028607848,193.9421078726816,195.0855865478516,99.10075467869356,99.41656997043978,98.19156908895528,99.22516632080078,483.2713971995344,487.59231066771525,478.5371115769928,487.20843505859375,206.50126007790143,207.77115202457108,205.87123348820927,207.4561462402344,126.86979465337956,127.88955834244936,125.91799347489042,127.70503997802734,30.35742334809095,30.75490341238691,30.099063959754154,30.71515464782715,27.080195888345244,27.080195888345244,26.392443724883808,26.81273651123047,422.2424037753453,425.6028192678221,421.4370934236562,425.39404296875,282.35922467685583,285.44435053677296,281.98585881193384,285.3559265136719,80.0679291242995,80.42164742237236,79.42927066965377,80.17601013183594,139.27729173611775,143.15489005979282,139.21109961066043,142.3072509765625,165.9320001801821,166.18560907090196,161.55227183012892,161.8253936767578,578.3176473354376,580.5910631609974,574.1896412467848,579.7933349609375,428.7264002475832,430.0837201931303,427.2105569911008,428.0031433105469,66.66783686274628,66.80674825031628,65.75498086858273,66.43962097167969,62.0831778541195,62.13172881474201,61.52973097907087,61.74334335327149,80.98346009907263,81.20593799626012,79.90974188565097,80.42241668701172,212.4412946223615,214.3453677849101,212.09778568631165,214.0607452392578,176.05999755859375,178.57000732421875,173.1699981689453,173.7899932861328,453.8399963378906,462.2300109863281,451.510009765625,459.9400024414063,321.2843478299172,326.9829572962335,320.7930873592292,326.7471618652344,641.010009765625,644.7899780273438,635.5900268554688,644.5,196.2404356269631,196.6391048667748,191.50634675889475,192.4730987548828,94.3434263839869,95.58517081970663,94.2153045239526,94.60951232910156,100.34041189151884,101.92603664133722,99.73589127426696,101.81702423095705,38.32692743604294,38.345665057559806,37.78355070739732,37.858497619628906,163.07585272109242,164.76450800074872,161.81177598186034,164.48468017578125,445.79709112992265,447.536854936435,441.7707624028359,446.6222229003906,261.1390655728273,264.38365695978854,260.64143034774713,263.4182434082031,66.97000122070312,67.48999786376953,65.80000305175781,67.08999633789062,843.9205397928836,846.211678578667,839.4976198827964,845.0761108398438,143.12295981744614,144.12900960335628,142.21459084539123,143.70901489257812,38.86085378406285,39.11612807132365,38.49757379494106,38.949214935302734,175.81802752495432,177.8307969945975,173.7554492975208,175.9973907470703,276.5912280078296,277.0088722975563,271.8577237399608,273.50848388671875,184.07000732421875,187.22999572753903,183.7899932861328,187.05999755859372,202.0820888509305,207.2894346142824,201.36350018953516,206.0786590576172,297.6400268829023,298.5978023155335,294.0630951843546,297.8061828613281,162.80020764639647,163.71777926031385,162.11691438965244,163.3566131591797,165.6619774724279,166.8442220820714,165.00734332573015,166.4729461669922,44.464657390034816,44.52290936712564,43.95011122123264,44.51319885253906,37.64621079597611,37.71393691464331,37.26887850888839,37.53010940551758,17.107985617780162,17.1460042337546,16.870374706422105,16.974924087524414,120.33046067723372,123.05955958930453,116.9715638416941,121.74999237060548
2024-06-11 00:00:00-04:00,40.53755066187737,41.03319010476058,39.91800408526292,41.00459671020508,105.21085607928708,105.21085607928708,103.45603377924172,103.73052978515624,239.75703714587308,242.33196598465915,234.88553416355413,239.5880279541016,224.04289507861168,225.17402144296264,222.61668770359933,223.6789703369141,175.58279097950916,176.20054419886765,173.14165320239113,175.98133850097656,193.4241276680095,193.4534464877217,189.21182155615907,189.95458984375,99.03377367609252,99.49314540690538,98.1724425538409,99.35916137695312,483.13359428666337,489.9446831095968,482.5725892109388,488.40924072265625,206.5110875109008,206.58984270791723,203.92206486017616,206.21575927734372,127.22913553818827,128.36545504670872,126.00541025660354,128.04495239257812,30.57603785729381,30.834399141756844,30.33755095517225,30.7250919342041,26.698113702323663,27.061092611948112,26.640799804552927,26.7745304107666,423.0178608454997,430.3153823959729,422.78918087724,430.1761779785156,285.05133662233266,289.16813593460085,283.74458611738754,289.0797119140625,79.5078740166252,79.55700447176073,78.35829333050148,78.495849609375,142.08303823333983,144.7316585324378,139.9125660900232,144.3384552001953,160.82070829498144,161.3962289214777,159.49410995740712,161.01580810546875,577.2706649496447,578.3176070666773,572.2452454149075,574.2195434570312,423.8815988907692,431.748140024997,422.6530811092276,431.450927734375,66.42969443155249,66.4396188360893,65.83435885108823,66.21141052246094,61.7433413914095,61.80160031995441,61.23844178910804,61.70450210571289,80.32569952124815,80.32569952124815,79.19394470040326,79.27132415771484,213.80555753989128,214.4827810028403,211.02796788923305,214.30612182617188,173.9199981689453,174.75,167.41000366210938,170.66000366210938,456.9100036621094,462.739990234375,455.5,462.6900024414063,327.1794705747444,330.4316124631059,324.54632167142216,329.8519287109375,640.719970703125,650.1900024414062,640.52001953125,648.5499877929688,193.00133588013964,206.46609195915696,192.9814138224934,206.45611572265625,94.1364554001292,94.60950623963812,93.15093971013296,94.48139190673828,101.71792477773394,101.95576660157352,99.83499206693716,99.96382904052734,37.74608113341333,38.027138350706295,37.68050123517284,37.86787033081055,164.282056901181,164.6583852531437,161.55125794764342,161.82144165039062,445.22042870117474,446.6221847748795,442.5063864726309,446.4134216308594,262.85093114567144,263.3286415213888,259.0589531721966,260.014404296875,67.12999725341797,67.1500015258789,64.40499877929688,64.7699966430664,845.9726814508426,847.6661531453215,837.0272499545844,846.0424194335938,143.39645088146983,143.738318832329,142.05831014993535,143.3476104736328,38.61539602013883,38.63502933453326,37.761200773919775,38.153934478759766,177.08350092603828,177.75109951120558,174.81166791246778,177.55181884765625,273.01128299031564,273.32947806494644,270.7041942002741,273.1405639648437,187.05999755859372,187.7700042724609,184.5399932861328,187.22999572753903,203.9130552062228,206.17711826722365,201.58009378016052,205.26165771484372,295.4313010216098,295.7146996899885,292.9977767583988,293.8773803710937,162.98569569563122,163.50304743025424,162.05836795779814,163.4835205078125,166.0821097787069,166.10165532440877,162.984804230253,165.437255859375,44.357866124314064,44.590870340620114,44.037489493304165,44.4355354309082,36.91089413937745,37.34627524174367,36.72706295404415,37.07537078857422,16.955914779537196,17.060464160639505,16.851365398434886,16.974924087524414,121.739991951163,122.83972700807324,118.7107397776175,120.88021087646484
2024-06-12 00:00:00-04:00,41.07131170510553,41.16662543186623,40.242070647133474,40.42316818237305,103.82856589948112,103.82856589948112,102.24040089037152,102.32862854003906,239.16054118170985,240.79099988451412,233.5235281939043,234.42823791503903,225.18387138665472,227.47564576884977,222.06588216520177,222.75439453125,177.60545332869307,179.75764648213246,175.47319211286342,177.14710998535156,191.5574034963046,192.26108494708043,186.97370609800305,187.188720703125,99.77067679231868,99.8280964280672,97.84703867734773,98.23942565917967,492.1297490028729,492.1297490028729,479.7477777343357,485.308837890625,207.46596142885497,208.33225352410892,204.5028705427041,205.2510223388672,128.88020846642084,128.88993009950389,126.41332925203936,126.4521713256836,31.26168740752887,31.281561790135704,30.19843257729413,30.56610107421875,26.90825973308732,26.96557181008596,26.3255811808606,26.42110252380371,432.8009161252906,440.8341457768561,430.7428874309175,438.5076904296875,286.5349525252204,289.0109149444053,280.4530952883697,280.738037109375,78.5941142622941,78.78080102299923,77.7982517498245,77.99475860595703,148.18836372793152,148.76136054328617,145.85686620229873,147.74478149414062,160.83047363325454,161.2694184426676,158.4503988109825,159.80625915527344,577.5797322594705,580.281832329089,572.933215585701,574.0200805664062,433.551303826046,436.4442708740139,429.8954415150786,430.1530456542969,66.33047440903152,66.41977891142474,65.38786035215266,65.79467010498047,61.84043789669762,61.84043789669762,60.86947794646826,61.05396270751953,79.58086133025746,80.21929164574253,79.24230315387058,79.54217529296875,217.71183748849052,222.78608581600076,217.71183748849052,220.85256958007807,171.1199951171875,180.5500030517578,169.8000030517578,177.2899932861328,470.0,471.1199951171875,459.1600036621094,459.8699951171875,340.9641948858638,344.36370848682765,337.0635860777653,338.1247253417969,652.2100219726562,655.780029296875,643.1099853515625,650.0599975585938,206.6753885384406,219.46241499269527,206.20696163392407,212.35630798339844,94.95443764247618,95.10226650351316,92.14571935832625,92.32311248779295,100.2908631223247,100.77646663345166,99.34940050596204,99.89446258544922,38.1957708437492,38.22387549144972,37.08090907431556,37.2589111328125,161.99512952430297,162.63198265612797,159.2450276988572,160.2678680419922,448.8490820291282,449.8531839271701,439.0169475534237,440.4087524414063,260.1836053090896,264.8513956130532,259.3376193815104,263.3584899902344,65.45999908447266,65.86000061035156,62.900001525878906,63.43000030517578,849.0308435622941,852.4476397787797,840.3643035424697,844.5481567382812,143.64063606675197,143.78715728827402,141.4136506164147,142.0290069580078,39.07685249832783,39.15540073480139,38.38957041072842,38.693939208984375,179.10622257947298,181.42787947273283,177.14327694877989,178.91690063476562,275.2288239337969,276.0542191592574,268.3970836744112,268.81475830078125,188.0200042724609,188.3500061035156,185.42999267578125,186.88999938964844,209.17943699113317,212.25067850656075,207.58475620740765,212.02427673339844,294.45400553971405,296.6529550357959,292.6361917805358,294.2487487792969,163.5030342525558,163.63969290927832,160.3013043853336,161.23838806152344,167.42070511133636,168.5150171367909,164.24523226493838,165.1245880126953,44.64912052140428,44.73649663606363,44.06661185584986,44.2899055480957,37.2785489718759,37.38497677540156,36.26265358596101,36.60128784179688,17.098480085972845,17.146003353501108,16.699293702871923,16.73731231689453,123.02967915018486,126.84873770805828,122.53980200765416,125.16915130615234
2024-06-13 00:00:00-04:00,40.47082775079934,40.64239537922457,39.14594722594907,39.536739349365234,101.60317661349326,101.66199504824895,100.58361469414928,101.41690826416016,234.14988214931117,234.27911556725263,227.32978914099152,227.6976318359375,221.94785266885188,222.488832059948,217.74791950626195,218.47576904296875,175.4731883543162,176.10091514486052,174.24764028080844,174.52662658691406,187.96083835956924,190.169607317636,186.5534753405452,189.2704620361328,98.25856089682031,98.25856089682031,97.21539859571948,97.59821319580078,482.5627382449092,494.098260590054,476.7556133011943,489.4722290039063,203.8630018087795,205.7137113824085,203.03609477329255,205.37901306152344,126.27734798896935,126.37446057380504,124.88850316781156,125.64604949951172,30.18849638192882,30.387236423902817,29.950009468755333,30.26799201965332,26.268269416688632,26.478414916131623,25.98170720636472,26.411550521850582,438.2989324414096,440.8242426789463,436.8274858579273,439.0246887207031,282.6441400825706,284.491269477489,277.1616112878162,277.3876037597656,78.11266782838084,79.48823832083625,77.79825235835584,78.83975219726562,168.93473061897342,171.48851665906344,163.25615157104886,165.87118530273438,158.09921276665597,159.54285884747125,157.57246717882947,159.31851196289062,571.6968571768447,572.9631928003947,563.3611213849543,570.968994140625,427.0123867508465,436.77126056934446,426.3882106750357,435.73095703125,65.78475526487226,66.24117948510157,65.43746921960599,66.181640625,61.03454077566817,61.209313856470125,60.63644735915664,61.1607666015625,79.31968955484923,79.31968955484923,78.2072777985039,78.99080657958984,221.7849918767551,223.1885008039078,219.24296278591632,222.65850830078125,188.38999938964844,191.0800018310547,181.22999572753903,182.47000122070312,457.8699951171875,462.3900146484375,453.5,458.739990234375,339.85394491011675,342.59518638758374,337.0734241885264,341.7993469238281,644.0,655.25,642.3499755859375,653.260009765625,214.02069454325613,216.02395620562416,210.89121315624297,213.5223693847656,92.67790059103947,93.16080119574116,92.36253585669922,92.8158721923828,99.7061591706611,100.16202580078284,98.71514278495596,99.19082641601562,37.240175380184745,37.28701765331708,36.818587774321045,37.26828002929688,160.18102241217127,161.04946784893983,159.21607649402566,160.7213897705078,440.4087627968092,442.5461807470832,436.750295479784,442.3970642089844,262.25376080003184,262.25376080003184,251.2361097455337,253.8039093017578,63.119998931884766,63.625,61.52000045776367,61.540000915527344,844.5481191893851,844.5481191893851,834.3275839569914,842.7052612304688,141.69693037351783,142.60529944207067,140.53459712356212,142.06808471679688,38.57612265459019,38.63503008969727,38.22266306240268,38.54666519165039,177.2030457535148,177.87064426133762,176.0272793318939,176.10699462890625,268.81478092850944,270.34618387627063,267.8203492414531,269.679931640625,186.08999633789065,187.6699981689453,182.6699981689453,183.8300018310547,212.9791397167529,214.94788753627537,209.68148111091128,214.40647888183597,290.2222278298595,292.54823247429414,288.59988820537853,291.727294921875,160.54534712989022,163.01497398734588,160.54534712989022,162.43905639648438,165.13434315683568,165.70104468049678,164.4797090455933,165.2418212890625,44.09573487581456,44.22194563900877,43.80448240215389,44.19282150268555,36.282005948004,36.61096294956442,36.098178446554186,36.35940933227539,16.680286092823213,16.803844788139596,16.55672921033431,16.794340133666992,129.35813218658845,129.7680348697194,127.128685680218,129.5780792236328
2024-06-14 00:00:00-04:00,39.47002417603286,39.89894330324612,38.84094400144885,39.26986312866211,101.2600602210808,101.68160980391788,100.41696105540665,101.64239501953124,228.01576913245023,233.8814399865267,227.8666326510623,230.5906982421875,217.7085598733662,218.54462026797043,214.9643408870557,218.4561004638672,173.5900422991066,176.41976954609018,173.5202881130933,176.15074157714844,187.11055156313623,190.4432633741586,187.0812327424001,189.3877410888672,97.5694957557198,97.93317291031109,97.14840626843996,97.80875396728516,489.0096307994368,490.013594706338,483.9899314137945,489.2950744628906,203.97130154507107,205.42823522882347,202.79984232503992,205.28057861328125,125.44210289179188,126.13165707756907,124.94677387598668,125.7528839111328,30.099065365610677,30.36736195761891,30.01956783277801,30.258056640625,26.50707007631957,26.956017994694697,26.201403253432854,26.296924591064453,435.74378876375306,440.5756810111054,434.1928184969439,440.0089721679688,276.4935052143759,281.9367245796059,275.8057228814944,281.7008972167969,78.60393864491803,78.99695983739376,77.72947042719377,78.26004791259766,166.64870430943887,172.61377499212065,166.17845523576736,171.40850830078125,159.123451444034,160.3524998638651,158.53818178657596,159.7867431640625,571.5876174344428,571.8270746312825,565.4812153166603,570.7794189453125,433.3828577689003,434.10611463915353,430.093567399984,432.9073181152344,66.02288767928974,66.58845764188088,65.7847549503311,66.49915313720703,61.0384536575472,61.34178439320262,60.75468951615623,61.20479583740234,78.49747255392317,78.874724135061,77.88806047668938,78.39106750488281,220.6464683365165,221.5690617317232,217.3192524603902,219.2135162353516,185.8000030517578,186.0,176.9199981689453,178.00999450683594,530.25,534.4500122070312,521.8800048828125,525.3099975585938,338.7830410750905,341.4260247880096,335.7175805564737,340.7775573730469,655.0499877929688,675.5800170898438,652.6400146484375,669.3800048828125,213.13367378271624,214.44924427717245,210.59221246372425,211.7782287597656,92.44137277267043,93.40717391784816,91.9486149381016,92.0373077392578,98.91334841331089,99.4782274814276,98.35838162662932,99.07191467285156,36.98722390996707,37.32449400462736,36.9591192600242,37.165225982666016,160.63455608086323,163.30746052842758,160.18103029909182,162.68023681640625,440.7467729266875,442.3572922255445,438.6193061797628,442.02923583984375,252.390633333749,253.6645783128037,251.75366084422168,253.64468383789065,61.290000915527344,61.63999938964844,60.310001373291016,60.6349983215332,840.1750596006476,852.8859772722304,838.670859355766,852.3779296875,141.76528188907895,142.57598496226854,141.12062427849452,142.15597534179688,38.38957532808544,38.76267200835304,38.20302886064491,38.52703475952149,175.22218357185352,178.0898666483664,175.22218357185352,177.7311553955078,268.5959832763959,270.0378908987977,267.7705880474252,269.1528625488281,183.0800018310547,183.72000122070312,182.22999572753903,183.66000366210935,214.2391264346093,214.6427233223673,210.3114693232235,211.96522521972656,290.857480429037,292.93915740228965,289.1862871537453,291.8445739746094,162.02906895690205,162.94662569520312,161.30672184495316,162.80996704101562,164.4308567794749,165.58380540047864,163.3951665204149,165.32977294921875,43.998655313556526,44.37728392858713,43.65886135224096,44.34815979003906,36.15622713153534,36.45615970804485,36.04979932403853,36.22395324707031,16.718303814618036,16.870374652373805,16.62325908781383,16.765825271606445,129.92799370452428,132.80727390157034,128.28839829543193,131.84751892089844
2024-06-17 00:00:00-04:00,39.1459462074582,39.40329764340033,38.54545952359324,39.05063247680664,100.88752739244885,101.89728374618184,100.5247962593936,101.41690826416016,228.94034195159213,230.49126420450736,226.4449493697884,229.13917541503903,215.92825577047768,218.85935987118825,215.69218795376733,217.74790954589844,174.82555863477174,177.71506640628968,174.1778998559042,176.59912109375,189.09451584044805,191.1469225293828,188.2735591300455,190.56051635742188,97.311109721875,97.80876363844236,96.88044781910676,97.66521453857422,485.6477413105433,487.4170483557587,483.0481826736051,483.5720520019531,204.75883186570823,208.86385087510916,204.30599322444945,208.64727783203125,125.26438831537048,125.97761242811148,124.44368339660944,124.57069396972656,30.14874866124054,30.80458812781969,29.98975739027137,30.784713745117188,26.220508512630246,26.249163639262672,25.66648692741441,25.77155876159668,440.0288392462003,448.3305259626429,438.16966532085047,445.775390625,281.2293167917598,283.55790597536674,278.9891516295598,280.5415344238281,78.1912598846363,80.32338965182832,77.88666456342686,79.91072082519531,177.82605111665734,182.07412090823328,175.70992279671324,180.6781768798828,159.47460069404102,162.32288209580142,158.7917811732971,162.05950927734375,565.1918582376486,568.0355036832051,562.497843084201,566.7384033203125,432.3227705008908,439.1787597698683,430.9852849270226,436.5532836914063,66.3999276333407,66.91589067884564,65.89389656230247,66.89604187011719,61.028669044272,61.54727339661132,60.84275653013275,61.27329254150391,77.63656494149214,77.86871805936443,76.66925167367394,77.3366928100586,218.24186068422432,223.0216627753411,217.50575079456843,222.5701904296875,177.9199981689453,188.80999755859372,177.0,187.44000244140625,525.510009765625,525.9400024414062,505.3800048828125,518.739990234375,338.8616453198788,344.5602545079819,338.38018969288134,343.3910522460937,669.1099853515625,682.7100219726562,665.1099853515625,675.8300170898438,212.65527993528357,218.21659070332572,212.0074632920053,215.94422912597656,90.6773030375204,93.74225751251522,90.6773030375204,93.62399291992188,100.07283663314256,101.0043868820166,99.71607013413384,100.60797882080078,37.09964658584638,37.09964658584638,36.49068986120895,36.96848678588867,162.49689548261318,164.4267874229003,161.49335815218296,163.73202514648438,439.8421224507845,446.7117079834094,439.0965093655527,445.4888916015625,253.0674378504345,254.0328514639573,252.77880089686175,252.9281005859375,60.369998931884766,60.63999938964844,59.48099899291992,60.130001068115234,851.2024495350173,867.2106295660891,850.0867634554697,864.57080078125,141.64807329904266,143.02527737310325,141.37458490816542,142.5564422607422,38.37975486988801,38.81175894689644,38.27175291428936,38.79212188720703,176.3461379133103,179.27561067019667,175.85790258992213,178.1396942138672,267.50210422387704,270.3163323391424,267.50210422387704,269.6600341796875,182.5200042724609,185.0,181.22000122070312,184.05999755859372,213.6977159264613,219.1905238230808,210.0653740093135,218.74755859375,291.7175068928061,297.0731811029248,289.83130410504026,296.3988342285156,161.89241553018732,164.6841694655995,161.45314172534412,163.50303649902344,164.89007733453883,165.82806966947473,163.6589763720127,165.6131134033203,44.07632620372716,44.37728552213486,43.639445592436,44.35786819458008,36.17557473501781,36.25297811200364,35.72083912221641,36.098175048828125,16.68979074729582,16.822854097084807,16.623259978815064,16.794340133666992,132.9572533982128,133.69706139159663,129.54808953427707,130.94773864746094
2024-06-18 00:00:00-04:00,39.09829336075153,39.3079879529208,38.211861757836495,38.89813232421875,101.2306474703126,102.04432990971266,101.22084190469428,101.94629669189452,229.13917650529532,230.9386443885864,227.89644839031303,230.46144104003903,217.74789839126143,220.1576990723444,217.52166111700373,218.9282073974609,176.49945355613937,176.74854954541945,173.47045301608333,174.4568634033203,190.18914928253463,193.4729912025171,189.72980123770608,192.5347442626953,95.06207800955104,97.49294240827396,95.0429332630077,96.89000701904295,485.0349187919481,485.9739440853243,473.4998995103013,475.4866333007813,207.75144704652496,209.9073236135826,207.15095181561404,209.5529327392578,125.3230041155861,125.77242727842813,124.1701068339546,125.04943084716795,30.79465147966915,31.27162530099019,30.307740466821567,30.436920166015625,25.77156006062376,26.230060329033694,25.742904932546956,26.182300567626957,447.1076349319816,447.53516969127554,442.3155500964385,443.7571411132813,280.3253449856072,284.84498435660083,279.4214351020517,280.3646545410156,79.5963078270668,80.2840892256723,78.20108235292342,78.8004379272461,181.73722620581825,182.9256998113179,176.345152812627,178.0749969482422,162.02050217956184,162.96667965769612,161.19137267512664,162.3911590576172,568.2949100797895,570.7693820994698,563.3658802053835,567.90576171875,435.542703275776,436.6721704814796,431.203252537897,435.9489135742188,67.10441927306142,67.34255959385384,66.77698957965325,67.07465362548828,61.18522560522551,61.4689897470559,61.09716100026636,61.28307723999024,77.30767573969479,77.7236207462278,76.5821907780685,77.14323425292969,223.2964566764758,224.9551598809597,222.74683040246305,223.55165100097656,186.55999755859372,187.1999969482422,182.3699951171875,184.8600006103516,514.7100219726562,530.3699951171875,513.1300048828125,522.25,346.7807594393349,350.18027331650626,345.9554155072938,347.6846618652344,675.6300048828125,687.0599975585938,674.6400146484375,685.6699829101562,216.86113841241476,217.8976632564161,212.28651711595563,213.5721893310547,93.29876583250544,93.88022398238049,92.84542953066256,93.40717315673828,100.21158177055318,100.84583166599263,99.70616128608089,100.58816528320312,37.20270240434016,37.64302766111741,37.19333537867613,37.54934310913086,164.46540084877049,166.9453044463098,163.9153745537603,165.3531494140625,444.445025244876,448.56082385129866,444.08714554296415,447.4771728515625,253.71435214025652,257.157994726618,252.79870510949877,256.2921142578125,59.91999816894531,60.11000061035156,59.02999877929688,59.119998931884766,864.6604826119725,870.597574173326,864.3616489831176,867.39990234375,142.56621702869424,142.9862117280392,141.88248115831988,142.26341247558594,38.841217415396834,39.2928585637955,38.74303211440608,39.263404846191406,178.14965455035454,178.26923510757547,174.99100977195764,175.8180389404297,269.78931613292,272.37484469971145,269.78931613292,272.0964050292969,183.7400054931641,184.2899932861328,181.42999267578125,182.80999755859372,223.2756880001169,227.0261500347901,222.4684942184045,223.5414581298828,295.8808853977588,299.5946550185161,295.1674376785685,299.04736328125,163.04423067829396,164.6255685188901,162.95638188596638,164.5377197265625,166.101632211746,166.83443353032723,164.51878613445243,166.63902282714844,44.17340561923066,44.64912084773654,44.17340561923066,44.62970352172852,36.12720367485174,36.562588494083606,35.55636662092476,35.70149612426758,16.993932540042856,17.298076046490195,16.97492504381223,17.155508041381836,131.10769173939232,136.29641557179684,130.6578056523983,135.54660034179688
2024-06-20 00:00:00-04:00,38.65030930989943,39.26032595190842,37.773411296008,39.11735534667969,101.49532997606848,104.74027635287298,101.43651154586438,104.4755859375,231.4953956766973,242.35186649759564,231.4953956766973,240.3933258056641,218.6626455525569,221.73145214662597,217.83643070160667,221.4757232666016,174.73584587896318,176.6489012104213,174.35723032198266,175.66249084472656,191.93856572168917,194.92920447281543,191.66491347733307,194.16688537597656,97.10056095485284,97.36852900907849,96.27751204454164,96.85173034667967,474.4883647527526,480.3003676106828,472.58066220160936,478.9165344238281,210.0746720617116,211.83678766066768,209.55293202919827,210.8031463623047,124.4632106710051,127.4333600282798,123.83791528483052,126.69082641601562,30.367361637990363,30.91389579850944,30.25805632214693,30.426984786987305,25.981706216121264,26.707664030862407,25.93394463494222,26.49751853942871,443.7173532757514,443.946033241849,438.7164619327626,443.120849609375,309.1330870449484,312.1789327741086,292.7936258771835,300.8110656738281,78.42708032941212,79.37032670377887,78.27969644361134,78.32882690429688,178.16783787899865,178.29529276636302,170.14196367424296,171.36105346679688,161.65957816201086,163.5226711099653,161.65957816201086,162.58624267578125,559.6042196486795,559.6042196486795,550.4845676347129,555.9723510742188,435.0175862414563,441.10079302275847,434.4231616737691,438.5347595214844,66.82658614543143,67.60052314318864,66.77697926384077,67.48146057128906,61.05802805655858,61.390716171114725,60.617705003078605,60.84275817871094,76.57252600092039,77.72362383402147,76.3693837091817,77.54950714111328,222.5996097928805,224.1405252092829,220.93109721688447,223.3160858154297,184.67999267578125,185.2100067138672,179.66000366210938,181.57000732421875,527.6699829101562,533.22998046875,520.4000244140625,522.9500122070312,345.8473440710124,348.71631818644886,343.4794651910637,347.2621765136719,681.7999877929688,689.8800048828125,673.719970703125,679.030029296875,213.21339445126264,213.5223688231627,208.1504242370716,208.9776306152344,92.52021362728932,94.6982024789462,92.16542736450565,94.18573760986328,99.66652232069916,101.02421755522212,99.47822677903795,100.92510986328124,37.32449249483651,37.91471513661726,37.29638784603048,37.69923782348633,165.17943522836592,166.75230178685678,164.0601091532982,166.0961456298828,448.4216588968908,451.8216679932751,445.7374395924256,449.8631896972656,249.20577674607568,250.57925487848095,246.03086146123863,247.38442993164065,59.25,60.0,58.790000915527344,59.79999923706055,867.9577562796894,870.4879621028641,857.2491153755901,859.1218872070312,141.89225404121345,144.6369148501397,141.63828990111426,144.34388732910156,39.05721758680396,39.57759031858928,39.027763869199866,39.263404846191406,176.07711363949488,178.09984190710827,175.82800902324556,177.0735321044922,271.6688029851583,276.49180287841176,271.5793077724152,275.2785949707031,182.91000366210935,186.50999450683597,182.72000122070312,186.1000061035156,220.69660655207983,222.3700390352772,209.51411940105223,212.10302734375,297.9136661647622,303.2595579384348,296.6627094156749,302.85888671875,164.35225379114365,164.75247371087104,162.8782916386948,163.66896057128906,170.08808197070437,170.28349268398964,167.29366553496786,169.93174743652344,44.571456368885656,45.50346589730989,44.522914900348766,45.35784149169922,35.585389727165634,36.7464146385132,35.5176636123267,36.620635986328125,17.050960357851665,17.260057317667286,17.012941739979293,17.212535858154297,139.76557010788932,140.72532511567726,129.48810330722768,130.74778747558594
2024-06-21 00:00:00-04:00,39.32704642131812,39.984723569837165,39.14594886638508,39.96566009521485,104.56382449796982,104.82851492203989,103.17172594194425,103.64229583740234,239.17048405681865,243.9425477761499,238.79268986386367,243.6343536376953,222.41997514216976,222.8822652300321,219.4790255419204,222.4002990722656,176.3599738775111,180.1960584868008,175.9713847127052,178.98046875,192.2513268682297,192.7008920381168,189.81776048303664,191.85061645507807,96.84204084553652,97.43342841570797,95.91133435721702,96.87112426757812,478.8374609076776,482.6528055851779,475.0319800683668,477.00885009765625,212.4274314847889,212.712920952434,210.1928147246243,211.73834228515625,127.17934620420051,128.18568079116184,126.12415738415764,127.71671295166016,30.65553318086021,31.162318553482905,30.476667532249213,30.894020080566406,26.526175488136136,26.640799639129774,26.32558049102022,26.49751853942871,444.79114029939626,447.9726045782074,443.9261796037789,447.17724609375,301.6658741058317,304.9278775435418,297.29360811373664,303.5818176269531,78.60392875133044,78.84956602867835,77.77859109764378,78.5155029296875,167.5180516204989,169.32990102262073,163.14748670401815,163.8597869873047,163.1032357677643,164.91755372660208,162.3618922655141,163.1715087890625,557.4690153810026,567.3270747988996,556.8703115611344,563.3458862304688,439.2976361279924,439.8722868722178,435.9290991362578,438.6536560058594,67.72951875240446,68.01726592251477,67.30286019949644,67.38224029541016,60.84275524293613,61.74296790202854,60.84275524293613,61.420066833496094,77.54949918938634,79.03916243596233,77.31734608265147,78.97145080566406,223.4633103722052,225.8385046321453,222.35424839841068,224.35646057128903,182.3000030517578,183.9499969482422,180.69000244140625,183.00999450683597,530.3099975585938,535.0,524.719970703125,533.4400024414062,348.6377209261123,350.0230790264635,345.89647915375105,349.5809326171875,683.260009765625,686.9000244140625,678.0999755859375,686.1199951171875,209.68527826262047,211.1802538712824,206.4162661482939,206.7949981689453,94.57008481497778,95.80197942884352,94.0379054395212,95.7724151611328,100.88547831131734,101.61882837219883,100.67735820186796,101.35124969482422,37.82102701753665,37.83039761636287,37.38070536628488,37.69923782348633,166.64615216543558,166.8680855973184,163.6451698602502,164.41712951660156,449.54500861551486,452.6368027377068,447.6263050409607,452.189453125,248.66833294152988,253.9034501452276,248.30007254081957,253.7541656494141,59.91999816894531,60.7599983215332,59.66999816894531,60.61000061035156,863.3056976644157,863.634384243821,844.3887696541414,845.0462036132812,144.45133177257856,145.61366484569496,143.9434183910489,145.2913360595703,39.12594347013065,39.18485464778198,38.65466528507819,38.77248764038086,177.8507453258578,181.85832853145465,177.42227746039913,179.61439514160156,275.6266539987818,275.994588880644,273.05104913045085,273.6875,187.8000030517578,189.27999877929688,185.8600006103516,189.0800018310547,208.45101226409224,212.1030460526898,206.13774260456367,209.208984375,306.02538856552474,306.32835257997147,300.317896084269,301.16815185546875,163.4835022568908,164.85010367637113,163.19065803166816,164.24488830566406,169.9806325620229,170.9479358832111,167.46955899994632,168.50526428222656,45.72675779258274,46.445184090111134,45.67821632598083,45.91122055053711,36.978621402658256,37.45270421044817,36.73674136457869,37.23017501831055,17.26956138750147,17.535686265116407,17.174516658865603,17.488162994384766,127.08867825178736,130.5978154647857,124.26937345205326,126.53881072998048
2024-06-24 00:00:00-04:00,40.03238147767986,40.36598320226609,39.85128391804536,40.25160598754883,104.20109420857725,104.20109420857725,102.8776271188072,103.23055267333984,241.7752366961004,242.98814052003985,238.41489510157757,238.5441436767578,222.94126018986145,225.6166351570546,222.2429023456218,222.64617919921875,179.50854860133447,180.23590467855504,178.02393093898397,178.5719451904297,193.32637712873137,194.71418919546127,192.6324785518308,194.37213134765625,97.13288150425848,98.94581702382337,96.81294909612456,98.7616195678711,483.206342935628,485.2128950405006,478.8967806067204,484.31341552734375,211.85648226222392,214.9573911662598,211.56115402826384,212.52587890625,128.25408344655267,130.24720800383565,127.9218835968228,129.90525817871094,30.943704994449813,31.221940666114023,30.337551485050767,30.37729835510254,26.69811254109269,27.137508140048624,26.487965235576407,27.08974838256836,447.197116551364,450.1300578332186,443.8267493445669,445.0794677734375,300.02505816930915,306.9125964473768,299.35694560743866,301.8427429199219,78.60393855873633,78.672716705125,77.78842089708807,78.33865356445312,162.73690337502478,164.61496508900365,157.64384184358573,157.79745483398438,163.38611708033858,165.4442950311594,162.98618331113997,163.95187377929688,564.353660536229,570.2405799003906,561.0709901610567,564.6929321289062,440.6252421426004,442.34916416894765,438.0493216108874,439.0400695800781,67.52115498686328,68.5034591190968,67.37231919225748,68.36454772949219,61.63533751581307,62.68232204438626,61.55705620564406,62.5942611694336,79.08753423314172,79.30034433122245,78.1008705747701,78.39106750488281,224.52331424335628,225.7501639965626,223.53202503419516,224.16017150878903,184.97000122070312,188.8000030517578,182.5500030517578,182.5800018310547,532.0999755859375,534.5800170898438,523.47998046875,524.1699829101562,350.6617134383634,351.43791336756146,344.5897412955044,344.7469482421875,685.0,685.5,664.5,669.02001953125,207.02421872275744,211.9875333707341,205.89799892378585,207.44281005859372,95.89067983544182,96.61995934220494,95.2796573996258,95.76255798339844,101.33142913936348,102.15397458414644,100.99448718512772,101.06385803222656,37.83976520835806,38.61736052611551,37.77418531093711,38.57051467895508,165.13118999198025,167.33126537831228,164.71625561509987,166.68475341796875,452.2690149873853,460.3614170411128,452.2690149873853,454.2871398925781,253.7442171497982,257.0684322430143,251.72381920026496,255.5456695556641,60.0,60.560001373291016,59.459999084472656,59.4900016784668,846.7297983132576,847.3573793807401,838.2724715852178,844.8968505859375,145.53552017410084,146.23878025585262,144.7248171658592,145.65272521972656,39.04740428299786,39.60704743785837,38.92958565707633,39.29286193847656,180.6307370908269,181.4278748991179,179.58449466770367,180.14248657226562,273.7869509373584,278.82872708729616,273.737211142315,274.761474609375,189.3300018310547,191.0,185.3300018310547,185.57000732421875,203.67678579182063,203.7949058408608,197.11101437311908,197.70162963867188,302.96637963292386,311.1171489769321,300.9335860797483,310.93145751953125,164.73294384168364,165.3674420945732,163.48348914927553,164.4303436279297,170.9869998182128,174.36766363167007,170.1564855698282,170.99676513671875,46.10538840902138,46.386930386252416,45.64909049225257,45.90150833129883,37.04634751805681,37.53978117178867,36.82381832591919,37.23017501831055,17.50717126375512,17.7732961255775,17.488161956590524,17.725772857666016,123.20963548646723,124.42933613805307,118.01091965046172,118.08090209960938
2024-06-25 00:00:00-04:00,40.05144400768522,40.38504572439929,39.63205847296095,40.213478088378906,103.32858143692565,103.89718452578788,102.7599783480634,103.41680908203124,240.37344929944163,241.68577751196932,238.4745570388999,240.3535614013672,221.160973552674,221.4363784934875,215.97743233014168,220.3839263916016,178.97049060645827,183.6236020982057,178.77121684563144,183.3645477294922,193.6000260486927,195.53515748196287,193.25796820675964,193.5804901123047,98.88765701699798,99.0427784607248,98.25748909590348,98.92643737792967,484.9657644316616,484.9657644316616,475.0418685537901,478.8967590332031,213.4512405145224,213.4512405145224,210.38970160074385,211.1083221435547,130.06156718543264,131.53688452156692,129.55352490389683,129.8661651611328,30.506479631824043,30.635659327313437,30.099064267547327,30.546226501464844,27.127956344594317,27.17571792490881,26.67900842114608,26.73632049560547,445.6560663286127,448.80773551860256,444.1647465305247,448.3404541015625,302.5993129426385,304.58401086420565,300.09384583036905,301.803466796875,78.60393625952567,79.34084816195873,77.49365835851187,77.89649963378906,158.58239457360708,159.16811408975062,155.0016902858993,156.66567993164062,163.95185847473888,164.81024992186045,163.14224197511726,163.2397918701172,563.5854013945242,567.0776271772157,554.954590457467,555.2838745117188,439.8722866802389,440.95219831985503,436.256032466709,437.0882873535156,66.64798475172894,67.0647188937966,66.0328079429917,66.89604187011719,62.56490418004294,62.69210944348715,62.14415146705376,62.46705627441406,78.53616514162265,78.5845263761217,77.10453828418811,77.78166198730469,222.5996053466301,222.85478468452797,212.96146722732303,213.2264709472656,184.3999938964844,187.97000122070312,182.00999450683597,187.3500061035156,526.2000122070312,529.6799926757812,522.239990234375,526.8800048828125,340.25679567759204,340.92490266432844,328.68270117848266,332.4064636230469,673.4400024414062,673.6699829101562,662.2999877929688,672.4099731445312,208.44940858434205,210.67194975002215,207.91122410230184,208.36968994140625,95.90052694912832,96.22574892309112,93.13123033669504,93.37760925292967,101.73774981940284,102.74858324612346,100.85573824516864,101.28187561035156,38.60799144063981,39.001474414426966,38.251987290352034,38.48620223999024,166.06719395255132,167.33127071562538,164.63906343075095,164.76451110839844,455.79823526983614,457.61751774719374,451.1455868196538,452.9847717285156,254.9286055428015,256.1925881686884,252.8086592891017,252.93804931640625,59.56999969482422,59.56999969482422,58.970001220703125,59.33000183105469,846.0523189396845,852.3978060282438,841.7489324858476,852.218505859375,145.71132854523978,145.73086768761792,143.52342152684687,143.76760864257812,39.05721973550367,39.34195150596173,38.635032281482815,38.66448974609375,180.4962157966117,185.0847182834381,180.45635054619012,184.9153289794922,275.3084174428694,276.38239030729056,272.00689697265625,272.00689697265625,186.80999755859372,188.83999633789065,185.4199981689453,186.33999633789065,199.96570811699848,199.975546448409,196.0577426364999,199.0108642578125,311.986983276877,318.7206401695068,311.1757984915603,312.0651550292969,164.60605364453485,164.87937092349344,161.9411878326766,162.8685302734375,171.12379171827203,171.7198041526537,167.489095382188,168.6420440673828,45.89180274391149,46.42576627790885,45.61996757099861,45.99859619140625,37.40432842295941,37.40432842295941,36.7077127418832,37.152774810791016,17.716268768538256,17.80180884067699,17.611721201456643,17.763792037963867,121.17013488438512,126.46883208603109,119.2906008372332,126.05892944335938
2024-06-26 00:00:00-04:00,40.13722445960841,41.023655959378296,39.75596227020724,40.50895309448242,103.02467387479886,103.57367334069652,102.26980989344,102.8188018798828,240.0652391277179,242.19278897909496,238.50436538847293,241.73545837402344,220.3249155123288,221.4462113570092,219.2134501983369,219.9413146972656,181.96962309255457,183.84281475961373,181.82015636356303,183.2151031494141,192.9745374220214,193.45343630700023,191.83105877463493,192.9549865722656,98.37382288160042,99.13971831084513,98.35442900427438,98.84886932373048,478.8967798293969,481.80278127806565,475.9018228463375,478.4421081542969,210.2223578423046,210.7342591426212,208.30274674239084,210.10421752929688,130.3156020936234,130.36444141810668,128.4690253999502,128.47879028320312,30.44685652521833,30.48660529023788,30.079189925414628,30.347488403320312,26.65990514903104,26.679009782131427,25.85752877799565,26.19185256958008,446.4017395883299,450.9751265075422,445.596429300538,449.54345703125,294.6801054090819,300.3984012949031,294.1986458186135,299.2979736328125,77.62138443578485,77.8964970040045,77.01220125168754,77.76876831054688,158.33362899178454,160.3712469233515,155.95211331948516,157.7766571044922,161.81566110519864,162.90814860287236,160.80121055507675,162.64479064941406,555.5632845824747,560.1331290394821,553.6076768957596,556.9302368164062,435.71114174214216,436.59292194977854,432.3128834559989,434.3637390136719,66.87620221636277,68.06687338480256,66.6876763794871,67.75928497314453,62.03651999026445,62.7312498220765,61.87017407223916,62.67254257202149,76.9014006824424,77.60754257742452,76.58218554991566,77.43342590332031,212.45112406602064,215.10111653038905,211.8720396021997,214.7281494140625,186.5399932861328,197.75999450683597,186.3600006103516,196.3699951171875,528.5800170898438,530.6599731445312,526.010009765625,528.6599731445312,333.5265414450802,336.601836706816,331.6302832751308,335.8453063964844,672.4099731445312,682.9600219726562,670.02001953125,677.6900024414062,210.79155216910212,214.1402980033581,209.9344322470105,212.5356903076172,92.72716558537488,93.11152361323988,91.80078597037532,92.69760131835938,100.98457867399902,101.45035761941853,100.51879972857952,101.2620620727539,38.41125123649849,38.57051568472052,38.13956104076348,38.429988861083984,164.3206433105503,166.30844438357957,164.18555146324803,165.15049743652344,450.1017176138463,452.0204211331202,448.7496872600794,449.73388671875,251.98259094666145,254.54044355367148,251.01719248337133,252.39065551757807,59.7400016784668,59.75,58.02999877929688,58.2599983215332,849.4391914657897,856.4322019728405,846.7894523781168,853.5433959960938,142.8006252880126,143.76761165198937,142.39039271347676,143.40621948242188,38.45829885239557,38.635028641866455,37.77102049932672,38.29138946533203,183.5402622680096,185.264061805554,183.33102292285415,184.70606994628903,271.39034729685545,272.93170422696085,270.23680293240903,272.0765075683594,186.9199981689453,194.8000030517578,186.25999450683597,193.6100006103516,197.17993578755195,198.00680626823572,192.64197145522348,194.2465057373047,309.98347344570993,310.28643744782715,304.6473641219447,305.722412109375,162.08763707198227,163.80563373340834,161.70694403755982,163.4542236328125,167.35228988252672,168.720179805857,166.50224506652015,167.9287567138672,45.68792490221903,46.027718857486775,45.43550336104041,45.49375534057617,37.04634473213165,37.19147052958788,36.39810435961263,36.97861862182617,17.716268235264018,17.87784372079281,17.687756087294254,17.830322265625,126.09892059020918,128.08842814640124,122.56979155312732,126.36885833740234
2024-06-27 00:00:00-04:00,40.44223597099091,40.50895631404104,39.53674092618573,39.56533432006836,103.18152950220843,103.25015349818612,101.87766609917794,102.59332275390624,243.5747051224752,257.09559278095554,243.0279017300329,251.3790435791016,220.8953933299169,221.6330883323512,219.12492232238617,219.80360412597656,183.51399970907897,185.37724814669312,183.35458982218609,184.73956298828125,192.96476499762983,195.32991072388057,192.4369964569133,194.65554809570312,99.08154579718844,99.1688034534779,98.00541488140033,98.47077178955078,479.440361474593,483.3249337616703,476.4750566181425,480.8143005371094,210.96065825522552,211.99429956093903,209.6907513587433,211.03941345214844,128.9575372097765,129.25063278795835,123.86723031755116,126.83739471435548,30.22824446459788,30.466731372376067,30.099064766965085,30.397172927856445,26.14409188550237,26.58348749978606,25.85752786487046,26.55483055114746,449.56335593650766,453.5302875755873,449.1557248487335,450.2294921875,299.6713192745193,300.1232741800874,296.19315851747075,297.8929443359375,77.67051375104788,78.05370732204314,77.30696786481296,77.85719299316406,157.7766588738017,159.1264813390408,155.6954431357496,157.2474365234375,162.5374668772477,163.14223452335557,161.21086873957427,162.17654418945312,555.4834499691692,557.0200684785507,548.0100956176605,549.5567016601562,436.5929128810361,437.4449416060069,433.50175387625126,436.1470642089844,67.75928773195967,68.04703491623714,67.14410331349373,67.35247039794922,62.672541454373146,62.88780385584161,62.25178501808512,62.53554916381836,77.3850671604054,77.45277879897014,76.13723206684205,76.73696899414062,215.48387811392277,216.23962170074955,214.041101710068,215.729248046875,195.1699981689453,198.72000122070312,194.0500030517578,197.4199981689453,533.2100219726562,549.1599731445312,532.0999755859375,546.760009765625,336.83763155479016,338.73391970565166,332.5342151407034,335.52105712890625,679.3499755859375,688.5700073242188,678.1400146484375,684.3400268554688,213.97087836680484,215.01736433595823,211.63872006367092,213.3828582763672,92.41179945220335,93.3677508384151,92.03730621094924,92.82572174072266,101.12332206934828,101.36116390643345,100.8953849532022,101.2521514892578,38.41124595564522,38.44872119966404,37.99902899294607,38.24261093139648,165.28558707427035,165.54612660626577,161.86968485305866,163.06622314453125,445.9461815729695,446.0754260167117,439.4146042688629,440.16021728515625,251.74371722262435,251.88305448212785,249.84274696419467,250.5692901611328,58.47999954223633,58.4900016784668,57.209999084472656,58.369998931884766,854.41003847758,855.0276482038995,845.3749274163212,847.3472900390625,143.38667582075232,143.93365256956193,141.47224229591998,142.40992736816406,37.99684014847572,38.63502771027792,37.64338057805676,38.53684616088867,184.98010536766324,186.82845731487285,184.7857964740692,186.1907501220703,267.0148519050643,269.0832563829562,265.0160345784232,265.10552978515625,195.00999450683597,199.83999633789065,194.1999969482422,197.8500061035156,193.7936796840983,195.4671272854576,190.8110280487958,192.10055541992188,304.6571413171521,309.60233214557235,303.6700477520375,306.5726623535156,163.49327747496525,164.08872195390265,161.55075846129276,162.64402770996094,167.19595718480477,168.54431648754746,166.57063394027873,166.93215942382812,45.4160837650188,46.12479948164475,45.40637695398608,46.066551208496094,37.03666687011719,37.14309466768817,36.727060744890416,37.03666687011719,17.84933190872136,17.85883656249925,17.68775642015195,17.820817947387695,124.06941564080124,126.37885155800387,122.88970613137968,123.95944213867188
2024-06-28 00:00:00-04:00,39.75596399136433,40.48989137434484,39.47001915492688,39.58439636230469,102.64234179839386,103.09330806134086,101.49533744824332,101.8678741455078,252.02523121723823,258.66636217835554,251.7070855766961,255.6042938232422,221.2101486852472,223.7084843150053,220.6298321838221,222.5478363037109,183.65349958942755,184.46056816789695,181.3020328256385,181.4913330078125,195.4765057912876,198.0078113799218,194.78260722325572,197.67550659179688,98.43199254377129,98.6549777598348,97.84060501051285,98.23809814453124,490.62945087241326,503.50875705296784,483.7499520725805,503.3703918457031,210.80316567158928,212.7818394655148,207.8499131320484,210.21250915527344,126.5638179608626,127.96097152959696,118.093020051013,120.95570373535156,30.556163935664028,31.11263338233784,30.526352361702315,30.774776458740234,26.535727635903136,26.86049909818661,26.40199703136887,26.726768493652344,450.4481970791117,452.7448272217048,443.8267333016812,444.3636169433594,298.23689495897867,300.21175808408384,296.37990054536226,298.1091613769531,77.34627559594617,77.50347957268296,76.25564536489199,76.491455078125,158.1611850191091,162.4574341728322,157.18202692121218,159.1175537109375,161.24013412116682,162.13753657375796,160.5768275963675,160.87921142578125,551.7018156576478,557.0299811593339,544.4180427153088,551.7716674804688,436.0479689067171,438.16818396450674,434.0664730703799,434.7500915527344,67.34255231094996,67.57076063106638,66.79682359744923,67.18379211425781,62.52576668295973,62.68232183746432,62.153937926201,62.28114318847656,76.84431714124506,77.3615560971214,76.37587740395588,76.8150405883789,216.09240714725053,217.45666347890503,214.3257405007428,216.3770446777344,199.5500030517578,203.1999969482422,195.25999450683597,197.8800048828125,549.7000122070312,558.47998046875,548.010009765625,555.5399780273438,335.3835220760073,339.24482209583715,334.7546942947413,338.2229919433594,679.0,687.0,673.0800170898438,674.8800048828125,215.0472481217429,215.34624626528088,209.5955695452833,209.91448974609372,76.01283032202906,77.90502635682213,73.47020529329653,74.27832794189453,101.1034962224446,101.65847058307324,97.4961969022085,98.39802551269533,38.28008925519662,38.95462940646093,38.12082124222088,38.6360969543457,164.03117167718247,165.79702457923065,163.12412010437998,165.50753784179688,442.0392149435542,445.6777800798977,436.1538290092269,438.5795593261719,249.21429171123188,251.6951662185441,247.08212675004071,248.9353179931641,58.31999969482422,58.7599983215332,57.900001525878906,58.02999877929688,847.9748885484922,853.9418328085812,843.5519686361205,846.7197265625,142.64436145215146,143.65042623922423,142.26343008772628,142.76158142089844,39.01794389842248,39.33212934413999,38.60557316005203,39.04739761352539,185.0548268895309,185.9117473236654,182.66840055888892,182.7630615234375,265.71215665148134,267.1043549319423,259.79527602496427,261.00848388671875,197.72999572753903,198.8500061035156,192.5,193.25,192.9372944797778,200.75322605736835,192.55338923953525,196.06759643554688,306.5824479779406,309.49481543565327,303.5429955032556,305.3608093261719,162.03883422924287,163.24925016026793,160.65272068765515,160.98460388183594,166.9321737059522,169.48232330908343,166.61950460249724,168.9840087890625,46.16363628863904,46.46459929337514,45.959759916145074,46.12480163574219,37.28822677782488,37.97516518584132,37.2495250867488,37.88808822631836,17.868338406435633,18.181984712295783,17.849330912767776,18.16297721862793,124.54930428199576,127.67853027804634,122.71975337861936,123.50955963134766
2024-07-01 00:00:00-04:00,39.69878253852044,40.28973576467374,39.21267297888899,39.365177154541016,102.1129537277556,103.4364207676345,100.59341278749734,101.17181396484376,256.64819884298623,257.97047851995444,253.04926315205947,254.719482421875,222.42980520398723,224.1412630793872,220.4724489848574,221.1708068847656,182.3681567746708,183.2150892304388,180.64441676394287,182.32830810546875,198.242371245536,202.3960396196472,198.0664583314268,200.793212890625,98.86827401700543,100.13829944670994,98.0926815642498,98.1605453491211,500.88942097483385,503.0244441294811,487.1897267716492,488.9293518066406,209.81873366396232,212.17149075709213,207.58410185752783,207.6628570556641,122.499394840123,126.22186525079744,122.22582902602814,124.96150207519533,30.71515590338328,30.82446311506541,30.417047738300838,30.645597457885746,26.69811320042817,27.347654299023468,26.688560884312626,26.956018447875977,446.0637277902953,454.7233168460645,443.0810879907853,454.0870361328125,298.4235366182797,299.0425046861423,294.3656871506644,297.2641296386719,76.62901240837279,76.85500202980114,75.44012873869842,75.78401947021484,159.3821737761281,163.40091222829932,157.92531530492502,162.61302185058594,160.98651682178183,161.9814692069418,158.58694416136748,158.8893280029297,552.2207108303658,556.3315547766116,538.2019303171063,540.5167236328125,435.0869638279627,436.70188785242897,421.46417927648514,424.971435546875,67.3623914084467,67.70966986503922,66.72736578207677,66.95558166503906,62.65296838586994,62.9171659412198,61.762539012794704,61.91909790039063,76.51249568078174,77.46889768857719,75.07788522337421,75.26331329345703,215.37593401257945,216.41630022518075,209.5263076981469,209.60482788085935,201.0200042724609,213.22999572753903,200.8500061035156,209.8600006103516,551.3699951171875,561.2100219726562,549.72998046875,560.010009765625,337.9085872245029,338.6258082621458,329.5276854915347,330.3136901855469,674.8900146484375,675.02001953125,663.780029296875,673.6099853515625,211.37956216985052,216.78140506529675,211.2101334408119,216.02395629882807,74.40644056728614,75.94384276104266,73.21396738893799,75.71717834472656,98.50703899044304,98.84398096226464,97.00068971645469,97.15925598144533,38.80472811964835,39.32937085257537,38.739148224762005,39.10452651977539,165.26630262624536,167.7848122307576,163.59693547449126,164.39784240722656,438.22163627251376,439.88188136590185,433.0023448611191,435.05029296875,249.0648286637736,249.3836644535964,242.30965119690663,243.61485290527344,58.36000061035156,58.3650016784668,57.02999877929688,57.810001373291016,850.2162739922617,852.7066555798195,837.2662897369606,842.4163818359375,142.67367249129538,145.24251112659826,142.23412370630388,143.03506469726562,39.18485753508367,39.60704497589491,38.949216552501404,39.28303909301758,183.81928023476223,184.67620075111876,182.07554786344363,183.82925415039065,262.32112552142905,264.2900807064185,259.84497015137896,261.774169921875,193.4900054931641,198.3000030517578,192.82000732421875,197.1999969482422,196.353065147115,197.5343108357528,193.01603819102735,196.90431213378903,306.23058187843924,311.76216493562663,303.1911594141094,303.9534606933594,161.63859153361335,162.24380686138338,158.32948628111689,158.8370819091797,169.47252955621758,172.41351530395215,169.4041425133468,171.08470153808594,46.09567920064901,46.44518368267921,45.96946842581,46.13451385498047,37.63653355555549,37.81068746969484,36.90121620901239,36.93024063110352,18.28653279537022,18.362568203160293,17.896851103842707,18.039417266845703,123.43958890104815,124.80924657003756,118.8007324055703,124.2693862915039
2024-07-02 00:00:00-04:00,39.32704723064786,39.41283105022069,38.51686954044924,38.55499649047852,100.68164043307716,101.35808230034051,100.68164043307716,101.17181396484376,253.56626323343175,256.2306803644798,252.58201704453356,254.6996307373047,221.1707938462496,221.8396300977125,220.1478634003525,221.80029296875,181.39172281674388,184.89899899691764,180.9034891495935,184.5701904296875,200.63684865912472,204.1259374732244,200.12864582190664,204.09661865234372,98.19931636185642,98.82948424514731,98.0248084464312,98.53863525390624,488.5438922477185,492.7051951473175,487.68395862495015,492.4778442382813,208.47009227650028,209.9565572518331,207.6727165274469,209.90733337402344,125.26437687054292,125.2936864267298,123.74998519861047,124.78562927246094,30.66547207706199,31.112634328128223,30.39717358922695,30.874147415161133,26.95601776650673,27.013331661751295,26.44975777860543,26.58348655700684,450.57745029839504,456.9304570935814,450.4879444071706,456.6222534179688,295.67246128851326,298.68883268324987,295.67246128851326,298.52178955078125,75.77419798373992,75.8626238146822,74.9488527470009,75.4892578125,162.6130269403898,164.4365725932702,160.7498304432833,164.26611328125,159.48434099204889,160.43051839538418,158.3333296509332,159.5623779296875,538.1121349319291,540.3871000506972,532.2751527396854,532.7440795898438,424.0401192377396,426.5169890931002,420.70130351034993,426.11077880859375,66.91589151589554,67.55091714130478,66.73729008561779,67.5409927368164,61.89952802328889,62.016949989334016,61.50813266778014,61.79189682006836,74.99981628597496,75.63416886885676,74.67775932833597,75.5073013305664,208.75092886889064,210.87092870738684,207.8774124969444,209.74221801757807,218.88999938964844,231.3000030517578,218.05999755859372,231.25999450683597,560.0,570.1400146484375,560.0,567.7100219726562,329.14449517902074,330.9424951984618,326.7176674032599,329.1150207519531,673.5399780273438,681.739990234375,670.0700073242188,679.5800170898438,215.4259709293389,219.64181293490427,214.3795002092306,219.5321807861328,75.70731492597666,75.82557951545283,74.29802718999298,74.93861389160156,97.06015677632224,97.10970306396484,96.07904501421656,97.10970306396484,39.00147047687626,39.06705037024715,38.14892828921851,38.50493240356445,162.71882928293314,162.71882928293314,159.65029371250893,160.14242553710938,432.4555844492056,442.15850566167296,432.4555844492056,442.0491333007813,241.2834126084409,241.6321373378813,237.9954908841697,239.5298614501953,58.77999877929688,59.27000045776367,58.31999969482422,58.970001220703125,842.4363214870194,857.049863569144,839.8363777105083,856.0537109375,143.02527595863506,143.72853607222143,142.3513320117809,142.63458251953125,39.27322235388349,40.21577879148397,39.23394823263688,40.18632507324219,182.8128970182058,186.2804290197841,182.4043617984991,185.941650390625,261.7741849725305,266.7364196777344,260.9388660054714,266.7364196777344,197.27999877929688,200.42999267578125,195.92999267578125,200.0,195.1521146908075,197.34726415855383,194.01023742619356,197.0322723388672,303.2107116486966,305.3412422872545,300.6599444743535,303.7189025878906,158.7004284301946,160.1255807663724,157.8511936148739,159.98892211914062,170.8306577918217,173.41989833535746,170.32259289185214,173.2342529296875,46.01801229099068,46.396640901298255,45.59083851240664,45.90150833129883,37.114075150065375,37.114075150065375,36.54323808923937,36.92057037353516,18.039419005283868,18.05842831227007,17.754286651799994,17.887348175048828,121.10014907077634,123.37959365292392,121.00017523772506,122.6397705078125
2024-07-03 00:00:00-04:00,38.52640115816249,38.75515923243544,38.1546724689569,38.18326950073242,101.32867259463926,101.62277970405732,100.17186276609176,100.31891632080078,255.48503990563475,259.7003641640123,255.4452641088453,259.43194580078125,222.2527566842808,224.35764582182767,221.31833100883907,221.86915588378903,184.18157764961356,185.41708400664012,183.33464521797683,185.1480712890625,204.8002854335967,205.6114742163925,202.94334240491852,203.95977783203125,98.67436373450852,98.81978823149052,98.02480936413244,98.32534790039062,491.3707918612708,492.31968099487045,480.8933750524962,484.2244262695313,209.6809165816263,209.9467134986712,208.7654155643868,209.1493377685547,124.75632515957015,125.0005814105966,122.42123599608632,122.9585952758789,30.923832959411207,31.14244548620724,30.71515572877935,31.033138275146484,26.669456018564247,26.793632483143085,26.382893825278927,26.45931053161621,455.5385808076234,458.3521910129211,455.2303771210673,458.1036376953125,299.4257046690946,301.52833106486355,298.66916815389806,300.4082336425781,75.49907970796015,75.69559405294464,74.7425200944732,74.92920684814453,165.50692549716678,171.3759765625,164.95787772381465,171.3759765625,158.91859345569,160.09888173951572,157.98217991846238,158.60646057128906,531.8161000356222,538.6109712229832,531.2473588120616,534.4202880859375,425.6451575743275,429.6577051781732,425.5262726501063,428.9344482421875,67.28301246081246,67.71959542518056,67.09449419264664,67.70967102050781,61.83103291563279,62.30070957555534,61.576626124588266,61.96802520751953,75.45849345777336,75.87814135408756,75.22427362713948,75.31210327148438,211.8327825357873,212.9811120802751,209.1042699477852,209.34963989257807,234.55999755859372,248.3500061035156,234.25,246.38999938964844,564.2899780273438,571.8300170898438,564.0,570.1500244140625,331.1095444169592,333.7034139941053,327.71003048705563,327.80828857421875,677.47998046875,683.75,675.5,682.510009765625,219.26308073535037,220.80789184570312,218.29632866276663,220.80789184570312,74.4064360799391,74.82035087346652,73.93338523098764,74.15019989013672,96.96104185392647,98.18990764523905,96.95113713364948,97.72412872314452,38.53304079496249,38.77662274658143,38.364405761597006,38.5236701965332,160.26786910752494,161.24247393914405,157.78796567546195,158.09674072265625,442.7151848012426,446.6619641850063,441.6812596068043,445.5584411621094,240.02804057878677,242.17016342293937,239.12136840820312,239.12136840820312,59.02999877929688,60.0099983215332,58.89500045776367,59.63999938964844,851.7105010032319,860.1977408903878,851.7105010032319,859.3410034179688,142.80064191223437,143.24017580012,141.37459730673862,142.30250549316406,40.27469041530063,40.45142021746332,40.00959571205659,40.1568717956543,185.63276432631835,186.94802880286505,184.72103291035663,186.71885681152344,267.5717285082586,268.24793473964473,266.6568380470075,267.4921569824219,199.94000244140625,200.02999877929688,196.75999450683597,197.58999633789065,199.51289681610683,201.6588397499216,197.3079088713182,200.625244140625,304.422585469996,305.44877988685994,299.1646476626377,302.3604736328125,159.3153928353509,160.2915302428731,159.09087050745498,159.92059326171875,173.80096272724677,173.89866063932428,171.15310033159577,171.70025634765625,45.775300624051695,46.13451190272593,45.66850718089755,45.71704864501953,36.823021452835256,37.369271587466045,36.78400278871349,37.11565399169922,17.94437536254055,17.98239397879979,17.735278411596944,17.754287719726562,121.63003350315482,128.24839782714844,121.33010435521813,128.24839782714844
2024-07-05 00:00:00-04:00,38.454210086497305,38.46388491137177,38.07682547349053,38.37679672241211,100.02481925910132,102.02472835745787,99.7601288175999,101.9757080078125,261.1916075589944,264.2636276073159,259.79975823387065,261.65887451171875,221.46589273567744,222.9609438921272,219.16428779012568,221.4757232666016,185.1879463493014,190.16986676631305,185.1281657368756,189.9108123779297,203.41926238573083,203.7926968848938,200.9918706611392,201.2572021484375,98.06359439360544,99.2269756316757,97.72427548221808,99.00399780273438,483.34472143025454,484.0069861615077,478.8967638710804,482.3661804199219,209.25764462635897,209.5923429864153,207.45615871755737,208.9327850341797,123.6229712225404,123.6913626739142,122.04019550385848,123.54480743408205,31.2020665029894,32.13614164734713,31.11263367558677,31.818159103393555,26.51662262982081,26.831841771486346,26.43065360737403,26.79363250732422,456.95033221316646,465.6397765538939,456.3140515175161,464.8543395996094,299.5829080983336,300.3591143705702,292.47921293958973,293.9137268066406,74.90954912412913,74.93902440081288,74.10385907766604,74.72286987304688,173.98641178433087,174.96854892045488,168.08366869595656,168.80812072753906,158.64547421993282,160.47930517965284,158.47965129672784,160.3524932861328,537.4535989848943,538.9701814169139,532.6642118113111,538.9003295898438,428.4093169491025,431.9165730946125,425.2290245529139,431.6886901855469,67.63029499612672,69.60482749814318,67.57075614127186,69.49568176269531,61.9680221031445,62.41812841310595,61.64511731600383,62.388771057128906,75.2145158849222,76.05381171759981,74.85342106760734,75.74151611328125,208.75093818892705,210.8611137394456,208.5938978287992,209.9287109375,249.80999755859372,252.3699951171875,242.4600067138672,251.5200042724609,570.9099731445312,580.5499877929688,568.9199829101562,578.3400268554688,326.8945023385372,330.0484158433828,325.8432278210787,328.7318115234375,682.510009765625,697.489990234375,677.22998046875,690.6500244140625,220.90754038733803,225.6914650307592,220.90754038733803,225.5818328857422,74.26846232320129,74.98788455976886,73.6968614236764,74.33744812011719,97.42682803612928,97.42682803612928,96.70339023753031,97.10970306396484,38.57051171581458,38.76725496679919,38.36440501425543,38.66419982910156,158.94589500265093,161.44510143131063,157.8941074711325,161.38720703125,444.4947560512916,447.3181710624954,441.6813225958108,446.86083984375,240.10773502072743,240.5461113992008,237.62684550031224,238.3740997314453,59.380001068115234,60.15999984741211,58.83000183105469,59.7599983215332,861.2336844982265,883.5275844227447,855.4161265953546,882.262451171875,142.38064405474992,143.14250675148574,141.14016919047475,143.07412719726562,40.18632210828638,40.21577582435506,39.55795119624741,39.6757698059082,186.6491104769195,191.5714048253656,186.6491104769195,191.27249145507807,267.50211024616794,269.0434671438443,266.7463324911033,268.8545227050781,198.6499938964844,200.5500030517578,198.1699981689453,200.0,202.6333707650628,203.5193012557372,200.7925813814607,202.5349273681641,303.97300668494205,306.299011388645,301.5688302326572,303.826416015625,160.09630800619823,161.6776609042667,159.59848323708349,161.26768493652344,171.7100340565293,172.05199910710974,169.96107298561387,171.98361206054688,45.46246643387316,45.78558777014896,45.34496810570055,45.67788314819336,37.02786750332624,37.05713336481108,36.7547442696342,36.93032455444336,17.77329582274712,17.86833873129608,17.725772555645364,17.839826583862305,127.34860945857926,128.81825608276085,125.64903140778242,125.79899597167967
2024-07-08 00:00:00-04:00,38.35744328570103,38.81223757038606,38.22197359016226,38.69612121582031,101.74041697358788,101.80904096880091,99.93658196829963,100.11304473876952,259.8594231789457,261.3109211140417,255.69379613325657,255.87274169921875,220.82653428350736,220.9937433494788,218.48559235146436,219.72491455078125,189.2133152781957,189.4823432148657,187.1009860660353,188.34646606445312,201.50289881017656,203.3308130076352,200.45136491460585,201.6306610107422,98.95551824641376,99.80866397510736,98.74222996509104,99.45964813232422,483.5325269136405,488.1682895424893,480.5474640306208,483.6807861328125,208.58820324945287,209.9073189665069,207.7317649142192,208.33226013183597,123.88678276570134,124.53161544049074,122.45055470961664,122.89021301269533,32.82179017277948,33.87510969875,32.613114843025684,33.77574157714844,26.793634548618463,26.860500765996434,26.54528160031568,26.67901039123535,463.8501958785038,464.993565428788,461.7722937542279,463.5419921875,295.2106396211421,296.674628144548,290.43556332151223,294.2379455566406,75.0078007659912,75.1158817754383,73.17043859790111,73.26869201660156,168.97563331675067,174.1192341933026,168.97563331675067,173.0251007080078,159.05514477947258,159.7282003409792,157.9431444686429,158.1382293701172,540.2473274421205,541.813847419683,534.2406797561222,535.0987548828125,432.5903068498892,433.8782671640512,430.30168137404087,431.7085266113281,69.35677261806113,69.59490533484113,68.81104392325011,69.13848114013672,62.22242831745304,62.22242831745304,61.48855787986678,61.60597610473633,75.56585072117858,75.7317561351882,74.73631620541582,74.99005126953125,211.0181508975176,214.25703713909013,210.8120335559533,213.1283264160156,247.7100067138672,259.44000244140625,244.57000732421875,252.94000244140625,573.1799926757812,576.75,563.9199829101562,575.4000244140625,330.0091141865358,334.80382082340395,329.1444910245881,333.6640930175781,687.0,688.8599853515625,681.489990234375,685.739990234375,226.32931907748747,227.08678305881676,222.50218547217585,227.056884765625,74.31773798186302,74.3965735186664,71.94264168166262,71.9919204711914,97.25904058395425,97.85639214999452,96.462566765409,96.9404525756836,38.69230240533011,38.96399255856715,38.48619571480193,38.90777969360352,160.70208861034493,161.84073246351494,159.81434012212932,160.68280029296875,446.6520792832531,447.9742865249181,442.3971149863853,443.6298522949219,238.58333607281463,239.8187866638121,237.07885450059197,239.7689666748047,59.720001220703125,60.02999877929688,58.630001068115234,59.09000015258789,883.3781089106254,884.5336799311772,874.2832311520103,877.4510498046875,142.99597315647208,143.7969140732115,141.87271835314155,142.0973663330078,39.8623209463245,40.29432880828741,39.6954115417563,39.8819580078125,190.6796152957187,190.9924860557011,188.6419414632955,189.7977752685547,268.7451325664608,269.9285085659803,264.4889666485092,264.91656494140625,200.0399932861328,201.1999969482422,197.9600067138672,199.2899932861328,204.001657707607,207.1516512648221,202.92867871344987,204.64149475097656,304.2955124550974,308.32205848169605,303.56252926818075,304.39324951171875,161.9900269301963,162.6928471728978,161.6678997444017,162.5464324951172,172.36466191620022,174.49466414249423,171.97382556122713,173.5664520263672,45.38413174684631,45.80517146947278,44.99246940768053,45.10017776489258,36.862041194968015,37.05713080025749,36.29628171173101,36.41333770751953,17.906359728216263,17.96338584350096,17.763793533590764,17.877845764160156,127.4585719244731,130.73776982046533,127.0086858992603,128.16839599609375
2024-07-09 00:00:00-04:00,38.52194136566425,39.57667436034148,38.42517466952247,39.537967681884766,100.3777315843726,100.5737979981632,98.76996305703624,99.64247131347656,254.99650267344592,255.90262065765543,250.01785246609853,251.3521270751953,218.6331235678936,219.2527921667273,217.0102005814016,218.14132690429688,189.6218386770616,190.6680449292031,188.03759174863737,188.2966461181641,202.0827345182002,206.14147875268137,201.90583185424475,204.04823303222656,99.58569028506008,99.76019821369547,98.51925623077598,98.5677261352539,482.6824486089549,489.6706912743112,480.4683638692944,486.4187316894531,208.3913249758932,208.7949397210703,207.27892849026455,207.3183135986328,122.36261071048672,123.20285281915952,120.85799129388916,123.14423370361328,34.79924945469186,34.99798949894323,33.507444853034585,34.3719596862793,26.631246036729564,26.688559931376425,26.07722447523553,26.478412628173828,464.29759021110544,464.6256672353131,455.3496709136752,456.8807678222656,293.8646037985393,293.9235531415495,289.3351593656218,292.85260009765625,73.32764326765832,73.33747085849866,71.46080580578567,71.48045349121094,174.08553624428214,175.51464523371604,169.03112724166365,171.78131103515625,158.20653080228277,158.5674386450776,157.53347518321385,157.92364501953125,536.8948536123166,537.1343107948,527.1964114246243,530.6786499023438,430.18278470940686,431.5698258333916,426.7646920867044,427.2105407714844,69.35677337646484,69.70405183600447,69.12855749156584,69.35677337646484,61.70382704890239,61.87016922122709,61.24393371868559,61.34178161621094,74.99005299849568,75.13644319776185,74.13124191289698,75.02909088134766,211.97018353543885,213.1675900326571,211.22426431429983,212.32351684570312,251.0,265.6099853515625,250.3000030517578,262.3299865722656,573.0499877929688,575.010009765625,562.4600219726562,566.02001953125,333.0254720002813,333.33005108141896,329.7045465513264,331.1979675292969,690.0,695.27001953125,684.719970703125,685.739990234375,227.1664984715379,228.631575647805,225.6117264169712,227.9139862060547,72.23829846223208,73.06612797979538,71.33161837109307,71.41046142578125,97.04000965442644,97.09974253215562,95.72583317422368,96.62186431884766,38.85157070223192,39.14199490552834,38.60798519267938,38.69230270385742,161.1652713113039,162.62233434655445,159.08098459514875,162.15916442871094,444.6951398270004,445.6210622016696,440.85204848232416,442.7536926269531,240.9944847199173,240.9944847199173,237.84604979809703,238.91212463378903,58.900001525878906,59.70000076293945,58.41999816894531,59.0,880.4494085556483,893.2200915652899,879.5727894460707,883.4378662109375,142.28295689013902,143.7090163048412,141.80434474394443,143.63087463378906,40.019415176705934,41.069977405641325,39.8623224243637,40.667423248291016,191.0632403244824,192.16926542683404,189.54868000321284,189.7579345703125,265.5132555555121,266.06018083426466,262.4504193687349,263.9619445800781,199.3999938964844,200.57000732421875,199.0500030517578,199.33999633789065,203.25351571824876,205.2911768714636,201.4619630568179,203.88351440429688,304.54963719247854,308.90843573175323,300.6501759983293,308.7423095703125,162.65379425138266,162.78068199633347,161.19934403343436,161.70693969726562,173.52738664553513,173.62508455869718,171.55370392950724,172.4330596923828,45.04142553073642,45.13934017911278,44.69872052621476,44.8455924987793,36.35481221291707,36.7449877293377,36.237759930093375,36.58891677856445,17.88734884627375,18.039419682215264,17.773296625731295,17.86833953857422,130.3178959397844,133.78704236722226,128.61830251041144,131.34764099121094
2024-07-10 00:00:00-04:00,39.5476471786151,39.837939918795925,39.13155956422268,39.78955841064453,99.4268020684176,101.0541818606205,99.279748506075,101.02477264404295,250.12739513563088,253.7120295308704,245.05913263279012,251.51145935058597,218.692149678868,220.84622159396,218.2888727888808,220.7281951904297,188.46601975809165,191.05662413286367,188.34645854817109,190.4886779785156,202.5839341248705,204.38236709027484,202.03359693239867,204.21530151367188,98.65497913943092,99.7795799846245,98.5774184200114,99.6244659423828,485.2622930318048,495.7001644706982,484.4517690727172,495.1367492675781,207.9089632432761,211.5906899281418,207.48567094822087,211.147705078125,122.9879087023938,124.55115472142808,122.93906192311738,124.3752899169922,34.22290250728898,34.7495641747144,33.91485905060243,34.65019226074219,26.583486880623333,27.137508454639537,26.55482993265219,27.080196380615234,458.5510493427236,463.7607172108967,456.20469022907776,463.5519409179688,291.71286534731547,292.793653285856,285.454160173576,290.27838134765625,71.7162559004176,71.89311503627115,71.08742508321707,71.24463653564453,173.03897454641017,175.06965123252076,171.09252943943935,172.9091339111328,157.86513953250048,159.7477456792138,156.71412796166098,159.57215881347656,532.0655359127102,535.807206348102,527.6453832129841,535.677490234375,429.1028090221739,432.01561027083466,426.32872699260486,430.9258117675781,69.5552198586852,69.89258150222467,69.17817573482633,69.8628158569336,61.3711400955701,61.50812864767766,60.95038740972082,61.47877502441406,74.99005305743256,75.23403424116296,74.49233680353723,75.20475769042969,213.54056631389037,216.81870523685615,212.87315226527244,216.65185546875,262.79998779296875,267.5899963378906,257.8599853515625,263.260009765625,564.7100219726562,566.9299926757812,558.2100219726562,564.5499877929688,332.72088785235223,338.272124871847,331.71869735688887,338.1640319824219,685.02001953125,687.219970703125,673.1599731445312,677.6500244140625,228.5319341376685,232.29927134034503,228.48209857735924,232.19960021972656,71.21336801973327,71.58786128646642,70.63190983521552,71.48931121826172,96.52229741728158,96.85084342953482,95.82538853892966,96.5422134399414,38.92559640137837,39.163644318356894,38.74467765978801,39.11603546142578,161.5802023700579,162.5451483558139,160.28717828288262,162.2460174560547,432.7078213651889,435.4955847939544,427.1721583305977,431.7420959472656,239.5099223690177,241.49264237563935,239.07153079344891,241.31329345703125,59.09000015258789,59.310001373291016,58.20000076293945,58.900001525878906,883.9859144187532,886.8448677523634,877.311679288593,880.9077758789062,143.83599321886098,145.994614178844,143.26947724337222,145.95553588867188,40.52996443904304,41.00124265980093,40.32378091972139,40.98160934448242,190.0668230363833,192.61765188536268,189.9372837700379,191.9699859619141,257.67712282528214,262.0128605753722,257.07053408910565,261.5355224609375,200.0,200.1100006103516,197.69000244140625,199.7899932861328,205.47821718981632,205.9704041491497,203.3322742365388,205.5372772216797,309.8661937588886,315.55415039514395,307.50111806625694,314.3716125488281,161.94121518433366,162.93687966566333,161.58980506708068,162.8197479248047,172.5503006974,174.1331468748524,170.44959450587734,173.76185607910156,45.10017838059206,45.32538506910788,44.87497169207624,45.30580139160156,36.65720147626888,36.7449878980209,36.22800356890341,36.51088333129883,17.914646999270992,18.08829492495641,17.808528413566233,18.07864761352539,133.99698191654937,135.0667256558596,132.38737791270125,134.87677001953125
2024-07-11 00:00:00-04:00,39.915352452752046,40.31208671735881,39.37346997544451,39.4315299987793,101.3482800616326,102.58351949647133,101.0345692901844,102.13256072998048,251.52142093034692,254.32937181780068,249.848586517571,250.0477294921875,221.16098186737855,225.21338187036773,220.5806503552916,224.9674835205078,189.1635091348476,190.16985150502285,184.41075318141904,184.89898681640625,202.6527231965433,204.51011862199184,201.837039544708,203.87132263183597,99.62446374096908,101.79611206054688,99.6147668021066,101.79611206054688,491.9440883300342,502.8465246584976,491.9440883300342,498.5270385742188,211.649762329364,213.2937377505163,210.32079269702783,211.50210571289065,124.67815766897913,126.15346001442327,124.65861299517604,126.00691223144533,34.809184100885474,34.928430399599435,33.10002884981283,33.2888298034668,27.49093631621576,27.92077959579419,27.147060235018657,27.376310348510746,460.30084022096906,462.0904118522062,448.9369602373819,452.0687561035156,291.55141576880123,298.2026941294208,290.110640747745,294.0678405761719,71.07760494372128,72.21736560452592,70.82214755113162,72.02085876464844,174.88829031918908,174.90909869512663,165.3582658529163,169.0697784423828,155.19242168846975,160.84020952733567,154.14869433775007,159.9232940673828,538.561134350058,547.4114280835013,536.6753176637816,541.484619140625,431.0744426483213,434.06649059732297,429.588320711061,430.8663940429688,69.63459720955477,69.9024955766979,68.72174879619689,69.25755310058594,61.29285938476159,62.09522411145592,61.058022931057856,61.74296569824219,75.56584613500046,76.32706617257672,75.33162630321874,76.19043731689453,221.43165416097708,225.72071601486823,219.39998382416996,225.49497985839844,263.29998779296875,271.0,239.6499938964844,241.02999877929688,564.0,572.6199951171875,557.0900268554688,557.6300048828125,344.6486513269749,347.94010206399435,338.9696821984939,347.6060485839844,672.489990234375,672.489990234375,647.4400024414062,652.75,230.61492037011672,231.61157070495585,225.0137503547776,226.80772399902344,71.64698761782229,72.68178209933411,71.24293009495624,72.32699584960938,96.58203829692926,97.14952341333448,95.8751714042657,96.17384338378906,39.11603225259593,39.38264473539734,38.80180728444628,39.32551193237305,161.64775912569272,164.37855809085727,161.4837200714626,163.9539794921875,430.1092802258589,435.85401592396425,428.2275375405446,434.5099487304688,242.8177828120559,247.77954674321148,241.1239943606469,245.368408203125,59.54999923706055,60.93000030517578,59.43000030517578,59.9900016784668,887.3329305917173,887.3329305917173,843.2631477617205,843.3328857421875,146.10204848445264,147.07879702500605,145.1839024716925,146.21925354003906,41.01106081116649,41.13869982604707,40.63796416903118,41.05033493041992,190.65470480345505,191.7208798554092,186.15090430376924,186.62918090820312,260.6703684047892,262.16201585194807,259.30800192534065,261.0880126953125,200.08999633789065,200.2700042724609,192.8600006103516,195.0500030517578,206.73819165554545,206.84647337539337,196.6483601092121,196.72711181640625,314.69413245599713,320.54821562440253,312.91541933190217,317.7140197753906,162.33165669013275,162.65378382761222,160.84792363422977,161.58978271484375,173.57621579643384,175.3251767879657,172.56983641828722,174.22108459472656,45.21767561765074,45.93246302093658,45.21767561765074,45.785587310791016,36.66695380031975,37.25221893044893,36.63769166012077,36.82302474975586,18.04006083064177,18.20406145055803,17.962884176565687,18.194414138793945,135.71655549549055,136.1164508461357,127.0187019512054,127.36861419677734
2024-07-12 00:00:00-04:00,39.741173368088056,39.80890821173046,39.04446790059802,39.150909423828125,102.61293668281748,102.86782904174684,102.06394466000532,102.17178344726562,250.545587414207,254.1999148321025,248.62383573293252,252.88555908203125,225.90189172840385,228.61660407753533,224.9674810110482,226.44287109375,184.4107609794594,186.4334193756876,183.8228980414375,184.4008026123047,200.48084587923356,203.8713277736667,198.61362831289745,201.40463256835935,101.97061577307224,103.37636858969452,101.7961078637277,102.71711730957033,501.057495281402,508.619017176684,497.6078365381434,505.6141662597656,212.1714949143889,213.4709331775711,209.02136203230563,211.75804138183597,126.42703531922454,126.94485740229908,124.39482888336153,124.82472229003906,33.55712801341558,35.25634795426933,33.55712801341558,34.27259063720703,27.6055615816106,27.83481170440045,27.50048974736401,27.624666213989254,451.7009001735588,453.7191518916055,448.0422026334216,450.9254150390625,295.6468035575991,307.913193115862,295.0941766667748,306.54150390625,72.5121377627864,73.75014442243335,72.09946137998152,73.52416229248047,169.57322655114956,171.0479294118874,167.61885737199106,168.54649353027344,160.90850260725497,163.9030940606931,160.90850260725497,162.2936248779297,541.4845896471872,550.4346364206275,539.6586373567757,546.8726196289062,433.5414081833145,440.3181207889839,432.61010265632905,436.6226501464844,69.3567710867953,69.48575806176531,68.63244097786547,68.70189666748047,62.0952264855676,62.731249059593935,62.02673220623039,62.3300666809082,76.31730728174787,76.76623918844737,75.94645858242487,76.07332611083984,226.83959484693003,233.6510667026952,226.0740418406353,229.74478149414065,235.8000030517578,251.83999633789065,233.08999633789065,248.22999572753903,555.0999755859375,562.489990234375,552.3200073242188,559.0499877929688,348.79492292057057,357.5884970554709,347.90082529470334,353.4815368652344,652.75,655.9199829101562,643.7100219726562,647.5999755859375,228.1531925563972,231.86073301422448,227.91399100155516,229.76776123046875,72.50438860987457,72.9774394467581,72.11018083228629,72.35655975341797,96.67164112889424,97.39842407074136,96.55217537103368,96.70150756835938,39.33503688201285,39.58260510343106,39.23029522330111,39.44929885864258,164.64872634000687,165.61367225589714,163.94430522019454,164.3109893798828,435.48561576177735,440.29449321002056,435.4059792684947,438.1837463378906,245.0296439338038,247.34115772027627,243.89381807746523,245.7968292236328,60.38999938964844,60.52000045776367,59.77999877929688,60.27000045776367,846.620201882894,846.729764083813,835.1544749964822,839.6571044921875,146.51227035462125,147.371813776648,145.76994688359744,146.3950653076172,40.73614995851949,41.15833363673469,40.34341625202035,40.83433151245117,186.2505361838417,188.01420111013584,185.4733310036047,186.1110382080078,262.8680556818658,265.91101406789306,262.1918494511143,264.26025390625,194.8000030517578,196.47000122070312,193.8300018310547,194.4900054931641,198.5088580446404,202.85978918191677,197.1208871445056,199.26681518554688,320.382075375986,326.2752590751588,318.6131449834178,323.3237609863281,162.25358429610807,163.6396978258473,162.05835976559268,162.63427734375,174.46534923731596,179.9369388091088,174.4067275126488,178.63743591308594,45.80517057761792,46.86266671670489,45.677882280849786,46.392669677734375,37.0571369959373,37.398541071505576,36.97909965236435,37.34976959228516,18.05935332740844,18.184766538313774,17.933941956539645,18.14617729187012,128.2284060345482,131.8875082938102,127.1886688828338,129.2081756591797
2024-07-15 00:00:00-04:00,39.31540977146434,39.33476311066995,38.62837914911717,38.8509407043457,102.42801349185233,102.65469286140863,101.0975250716154,101.47203063964844,254.9267994022111,255.2952450502676,251.04345823986992,251.78030395507807,226.816642059574,232.5706543941812,226.5018849702737,232.1182098388672,184.25133560725024,187.55933793133792,184.25133560725024,185.8555145263672,203.6158196968508,207.9595695864377,203.1539263492745,206.42648315429688,102.7655985248046,102.8916291432393,101.71855102880252,101.86397552490234,518.1772045045991,524.6910183249648,507.8579397005339,509.4097900390625,211.05908234331991,212.95901571637032,210.08451874096772,212.3585205078125,125.059206771606,125.39139171162046,124.2775837476396,125.17644500732422,34.48126375284248,35.00792159998404,34.093722786783545,34.242774963378906,27.72973976533959,27.95898988726292,27.538697086111146,27.79660415649414,450.6768844175797,454.6139909980391,448.8177103695207,451.33306884765625,308.5546482545372,315.166444732356,308.5546482545372,313.6861877441406,73.58310815571932,73.59293574655966,71.25446387941555,71.48045349121094,168.4800876895254,171.95870052659288,167.74669833435473,169.88739013671875,161.93269913592346,162.2155849139225,159.63066141866472,159.83551025390625,545.3759454355543,548.4590478483652,541.7839051871675,543.4701538085938,436.62265032476574,437.0585818582233,433.48196589988703,434.1259460449219,68.7614347347127,69.42622598056447,68.7614347347127,69.06902313232422,62.41812771343651,62.56489956104405,61.98758800207504,62.04629898071289,75.94646353925789,76.13189162387904,75.10716766089838,75.22428131103516,229.6662881708795,230.73609762832905,226.3587058216554,227.87017822265625,255.97000122070312,265.6000061035156,251.72999572753903,252.63999938964844,560.22998046875,568.22998046875,560.22998046875,565.7100219726562,352.8625644789485,354.8668854926174,348.8243880561575,352.1944274902344,647.5,667.5399780273438,646.6300048828125,656.4500122070312,235.68787221439837,236.43535998230436,232.3092281117703,233.6148376464844,71.94264644458006,71.95250370691595,70.20813669898371,70.2771224975586,96.90062725374,97.05991745857416,96.17384433117326,96.44265747070312,39.44929921302505,39.4778637993584,38.75419976443889,38.83989715576172,164.48629126252837,165.90804589229666,163.03530865511794,163.62933349609375,438.4028116707346,442.4550059542714,436.819774207164,442.0567626953125,245.4979280548721,246.5341291476568,242.8675936543887,245.32855224609372,60.25,61.02000045776367,59.81999969482422,60.470001220703125,843.6017381603394,854.5993012800761,841.4201616328114,845.4645385742188,146.59042369848075,146.75646916296384,145.4085513990423,145.76995849609375,41.0896054277477,41.462702071004045,40.94233309818406,41.12887954711914,185.82208288068784,189.21985825223288,185.82208288068784,187.5159912109375,264.1906813019493,267.7407793826839,263.77300663781455,266.9552001953125,194.55999755859372,196.19000244140625,190.8300018310547,192.72000122070312,199.8279064629894,205.970405152726,199.6211813301064,204.9269561767578,324.34996891722204,325.2588609596619,320.43094239045826,322.6592102050781,162.49760922204717,162.64402388773996,160.53557822838326,160.6527099609375,179.17482881251237,180.65996221893576,178.41271656453964,178.68629455566406,46.42204430452919,46.500379013612026,45.8149652499553,46.412254333496094,37.3107475131729,38.47152498512484,37.26197603840644,37.98380279541016,18.184765395076138,18.204060017084952,17.876058803080795,17.924293518066406,130.52782847793975,131.35762580228223,127.14866403247436,128.40835571289062
2024-07-16 00:00:00-04:00,38.85094366968018,39.93470490900942,38.79288364763187,39.86697006225586,101.43261076685508,102.36888599289983,101.0285399473623,101.23550415039062,252.6963749296633,255.6835651276122,251.59111394867688,254.936767578125,232.12803772698908,239.8197451641992,232.0296723855916,239.07220458984372,186.68250724756797,187.99772622450303,182.70692960576108,183.25494384765625,206.37734324776068,210.0528308544808,204.49046648039163,209.9348907470703,102.01910003916242,102.90132918802864,101.64099337925136,102.862548828125,527.7254951867479,543.5601835996214,521.0337706200113,542.5223388671875,212.4865200836922,215.5972679194108,212.2896245699346,215.0656890869141,124.93220043198104,126.06554565561916,122.32353778720244,122.55802917480467,34.14340953949424,34.232842368767805,33.626686947097056,34.12353515625,27.892125848768536,28.23600012504237,27.81570914049457,28.178688049316406,451.5915461266938,451.6710698371023,444.0752963423949,446.9187316894531,314.18948831088267,320.87037075153336,313.84408898654465,320.72235107421875,70.94987594195891,74.19229125976562,70.30139737615082,74.19229125976562,170.85865039930994,171.2649884204635,164.91229344635437,167.86566162109375,159.39655987284848,160.9865160130797,158.8405522567501,160.71339416503906,548.0200136736463,554.5455259454823,546.5033704227709,554.186279296875,434.0070592813517,443.8550966572528,434.0070592813517,441.6061096191406,69.27739839951201,69.69413258175588,69.03926566253027,69.44607543945312,62.0658745641187,62.926946594461285,62.02673390837811,62.8878059387207,75.18524111538099,76.31730991569395,74.83390762149065,76.21971893310547,228.50811782539887,236.54642423051732,227.80145122201824,236.50717163085935,255.30999755859372,258.6199951171875,245.8000030517578,256.5599975585937,564.5999755859375,570.0999755859375,562.0800170898438,566.5399780273438,353.76645433115743,362.96286506537234,353.21624505470044,362.6680908203125,661.7999877929688,663.6799926757812,649.1300048828125,656.3200073242188,234.2128217621178,235.47857190808813,231.5517672716992,234.03343200683597,70.4742281141375,71.90322283714912,70.4742281141375,71.7553939819336,96.59199090270732,98.2844958746644,96.1141126863396,98.0355987548828,38.89703221736432,39.56356718052925,38.86846762670635,39.46834945678711,164.18439957497876,165.40166227983724,162.8794826624059,164.7686767578125,444.9838852907795,445.2029236346789,437.77558223810775,441.58880615234375,247.0920760262177,251.764908444827,246.1654880385243,251.2169189453125,60.79999923706055,62.02000045776367,60.68000030517578,61.810001373291016,844.5381603049059,847.9649276735545,838.1030534349467,847.4967651367188,146.20949420763242,147.56717410872648,145.6918186635894,147.49879455566406,41.74743447217116,43.59327691228858,41.4528860630448,43.32818222045898,188.2832314913497,189.65827857329185,184.45697320018695,184.8356170654297,267.0247863633221,268.7053783465395,265.88119598982394,267.750732421875,195.58999633789065,196.6199951171875,192.2400054931641,193.0200042724609,206.7185109331728,207.79147483741733,203.3913224744973,206.3641357421875,322.9621743180045,328.2885310267008,320.5579976864024,325.5813903808594,160.9748269461239,163.08328736689666,160.6819827385707,162.9661407470703,180.4352300803129,182.32097995405488,180.28867577538435,181.5490875244141,46.461216375748485,46.97038083086301,46.23600966707944,46.43183898925781,37.98380232862689,38.69587627033664,37.90576871416451,38.637351989746094,17.943587614128806,18.194412172782183,17.9146456819639,18.184764862060547,128.40836211736584,129.0082051584145,124.54931239200172,126.32887268066406
2024-07-17 00:00:00-04:00,39.86696758283419,42.11190328460585,39.86696758283419,41.75387573242188,101.16651385527597,104.12315815195738,101.01868013661483,103.16717529296876,252.9154212894424,254.47872469035693,248.5441671749017,250.1472930908203,239.44596631868484,242.0229760799963,238.7771150396649,239.8885803222656,182.3083784640881,182.88628299827585,179.24947234058598,180.3654327392578,210.1117824439957,213.8069140461205,209.59092656643872,213.1288146972656,103.1049259678206,105.48986275319515,103.1049259678206,105.00511932373048,547.5929693738275,566.9761645146928,544.9241829084957,566.6500244140625,215.5874127778444,217.27077315809723,214.45533876481528,216.778564453125,122.58733193966911,123.77930367119131,121.69823558270734,122.9976806640625,35.85256576329393,36.92575583925324,34.18315560900105,34.242774963378906,28.10227133570091,28.94285512655477,27.997197678624914,28.68494987487793,440.0288496296795,442.2757813397234,436.638578721872,440.9534606933594,321.65985244205586,324.2453631376596,319.3605030779252,321.314453125,73.90735257325575,74.80146845385492,73.24904640345942,73.78944396972656,160.85885736987188,161.3841176700844,154.21876206035898,154.58544921875,161.96197431112338,165.89300934185326,161.81566433406044,165.71742248535156,551.771665550742,558.7162277860446,549.6264168130892,553.8270874023438,442.96343816566025,447.5803274876314,442.59686624220575,445.1331787109375,69.63459648516371,70.54744488902546,69.40638059914693,70.47798919677734,63.083510813092126,63.98372352194577,63.024803560654654,63.807594299316406,76.07332649090233,79.59641521207288,76.06357260493168,79.30364227294922,235.01532488383933,241.0808775714081,233.33700288556997,238.5388336181641,252.72999572753903,258.4700012207031,246.17999267578125,248.5,563.9299926757812,565.0,556.4600219726562,563.0900268554688,360.23147478183006,368.6320164275124,359.032798092405,365.38970947265625,650.0,650.4500122070312,639.469970703125,647.4600219726562,228.68140979310064,230.68468664215072,225.88082486496336,228.1133270263672,71.47944785174016,72.27771311058456,71.44988358569223,72.01162719726562,97.866352499541,98.17498250362512,96.10415660252616,96.8807144165039,39.56356305948687,40.17296514553563,39.53499847180426,40.02061462402344,165.07056175232754,171.13741000058752,165.07056175232754,170.67971801757812,440.4637247938221,449.5438040769105,440.12521653100646,449.1853942871094,251.55567770446768,253.6181068240364,249.991433310088,250.33018493652344,61.11000061035156,61.84000015258789,60.65499877929688,61.2400016784668,844.7473112260486,846.679849553754,839.4079482918836,843.0239868164062,148.02624140770826,153.8281300098067,147.89925933063887,152.9392852783203,42.85690606124552,43.63254936835647,42.85690606124552,43.180908203125,184.0185620689277,184.5665952870992,180.96952387855157,181.9659423828125,266.9452300853531,271.3903407003512,266.7463316196243,271.1815185546875,191.3500061035156,191.5800018310547,185.9900054931641,187.92999267578125,196.6089824124392,196.8747675543364,187.5822761225152,188.6060333251953,322.51261928670493,328.9726304660357,321.14438989718803,328.0539855957031,163.74705387584405,166.109304668987,163.33707794262173,165.396728515625,181.1876020146519,183.63027349369136,180.8260914065968,183.1515045166016,46.47100244518479,47.72433166606135,46.363294085909,47.508914947509766,38.705634164750286,39.73960657032467,38.69587763695731,39.59328842163086,18.233001103916344,18.51276761818456,18.18476638630153,18.48382568359375,121.32010271185337,121.8199795319496,116.6912461036676,117.96092987060548
2024-07-18 00:00:00-04:00,41.0668484564786,42.80861223922332,40.999113608402126,41.01846694946289,100.91027357178304,102.6448404055816,98.26900425271036,98.6238021850586,251.0633632892265,251.37203716033144,244.67077846925423,246.2938232421875,238.6591007592523,241.83610322269524,238.20664119384296,239.0230255126953,181.27214401888855,181.8400902285701,175.83189558689608,177.0474853515625,211.91020780994904,212.90277907083097,205.63044122875476,206.357666015625,103.9871587555677,105.84857168143112,103.90959803450735,104.1810531616211,557.971538577096,574.77493300723,554.9271419881431,557.8134155273438,216.5521544560801,217.3495302167147,214.13049585126527,214.2781524658203,122.42123444758776,122.71433747264648,119.55855092360362,121.39535522460938,34.73962508799172,36.07117841001198,34.31233533453851,34.65019226074219,28.57032276433552,29.315387006647565,28.30286338511423,28.37928009033203,441.76874441556754,442.0769481184989,431.88626155510383,437.82171630859375,325.0742799124843,331.82424761056484,323.52493716422566,323.7815246582031,73.16061733950406,73.79927586071852,72.52195881828958,72.89533233642578,157.46942251555424,160.06599322284802,152.52403082081943,159.08485412597656,164.5663897976016,168.42912153524424,164.25424204133492,166.18560791015625,550.4645461907913,555.9223665744267,536.5754834169257,539.4191284179688,441.417864534202,447.1839948128633,441.417864534202,441.9132385253906,70.13071141688856,70.63675007681421,69.88265428929205,70.26962280273438,63.406405263873225,64.39467868977992,63.328123963212576,63.78801727294922,78.51313980243825,81.61658067258135,78.15205242563385,79.25484466552734,237.46903301861508,242.39606577483215,233.503861242792,234.9368133544922,251.08999633789065,257.1400146484375,247.1999969482422,249.22999572753903,564.1799926757812,564.260009765625,556.0700073242188,556.8499755859375,363.43448099347455,369.1723995473717,359.3864996152166,359.6812438964844,656.5999755859375,657.0399780273438,639.1699829101562,643.0399780273438,229.50863493701104,229.66810263837596,221.52547133243425,223.42906188964844,71.91307739967911,72.85917151110029,71.3020549965396,71.33161926269531,96.9304917021401,97.6274005759872,96.25349125508704,96.36300659179688,39.89683353135077,40.48719136605739,39.7254387354161,40.0587043762207,169.88119218437078,172.05278484351416,166.24888417564696,166.6578826904297,446.7859710002757,453.43672757726426,445.5215403047145,446.756103515625,248.7260642579763,254.524764463251,240.9944791872032,243.8938140869141,60.54999923706055,61.33000183105469,59.93999862670898,60.0,846.1618562210117,852.0092668460136,821.9354188239228,836.1405639648438,151.98208164586234,153.4179032190041,151.02485732776768,151.80625915527344,42.8274442579236,43.43618184891864,42.14998257871613,42.2285270690918,182.88262939240457,183.39081251523984,177.57173261448804,178.57810974121094,270.77380561888066,272.0963863757686,267.0645645961728,267.6512756347656,189.58999633789065,189.67999267578125,181.4499969482422,183.75,190.7519708106964,190.87009087074057,184.0286953533661,188.46823120117188,326.61732686820613,331.2888719510952,323.1674204557918,323.4606018066406,164.77200333694228,166.84140994955004,164.264407696136,164.42059326171875,182.36007656589547,185.12518239680227,180.85539753413096,180.9726409912109,47.146625899980855,47.62641292475416,46.98016650909706,47.03891754150391,39.24212516098705,40.18830735691721,39.14458221587098,39.154335021972656,18.425943596745224,18.64782624113697,18.31982501028112,18.474178314208984,121.81998031239168,122.36984786902624,116.53128260658956,121.06016540527344
2024-07-19 00:00:00-04:00,41.25070115218399,41.44423086120375,40.2637029583282,41.2603759765625,99.15599680395722,100.920128838371,98.63365750421316,100.55547332763672,247.5882808472988,247.92684062512492,244.12314438766936,246.57264709472656,240.78365237094755,240.78365237094755,237.53779135080077,238.34434509277344,178.2331677734678,179.63805760345338,176.4894958420638,177.017578125,207.55661956123063,208.68679009239557,205.31595267641737,206.1611175537109,104.88878342159806,105.26688269687578,103.7060082952021,103.85143280029295,560.5612691719774,563.3091475123796,555.0457848144954,558.7919921875,214.33720091167157,214.7408156594072,210.9015937251401,211.2658233642578,122.42124423691196,124.07241153620517,122.30399854504752,122.88043975830078,34.35208356711346,34.362022653681926,32.64292457982029,32.7721061706543,28.59897892349403,28.65629099534771,28.22644590165033,28.627634048461918,430.59376141790096,438.5872443835016,429.5001207828966,434.5805358886719,326.73216376173565,331.3703140383834,323.39664676907023,324.857177734375,73.35712080339725,77.99474634700016,72.89532151818825,77.88666534423828,160.39303823896358,162.48417402886918,155.71523699445785,155.9431915283203,166.0978266932734,166.30267552469454,164.3322836878837,165.20042419433594,539.9479687936787,541.0255259438355,530.2994049003839,533.1630249023438,441.2493907009168,441.47727360431065,437.8313285613693,440.6351318359375,70.6466645818309,70.7756591287932,70.1009434611757,70.20016479492188,64.22833944683566,64.22833944683566,63.42597474185096,63.885868072509766,79.61593816696215,79.7037678153065,77.49818337211727,77.56649780273438,234.9662616331454,236.5660785233824,233.44497990141588,234.10256958007807,247.7899932861328,249.44000244140625,236.8300018310547,239.1999969482422,557.0499877929688,561.0900268554688,548.9600219726562,551.0,360.0251354996893,361.1746981754423,355.62346094374,357.0087890625,660.6400146484375,678.969970703125,629.1199951171875,633.3400268554688,224.0669409422169,226.04030439428965,222.53209087352224,223.5586395263672,71.2527876527212,71.76525250506725,70.80930107928152,71.64698791503906,96.39287963010538,96.39287963010538,95.0189702151304,95.31764221191406,40.27770529125261,40.27770529125261,39.449299588789664,39.63021469116211,169.1216111377788,169.2969046958665,166.7357791832792,167.80697631835938,449.2451502032367,449.2650517311502,441.62863797465087,441.74810791015625,244.0931107758059,244.3521534572837,240.11771246974664,242.64840698242188,59.810001373291016,59.83000183105469,58.75,59.33000183105469,833.2916331366333,845.6140361118008,832.3452759929589,834.9053955078125,152.8709057605244,152.8709057605244,150.53647738990236,151.09323120117188,42.081255056633104,42.76853714309156,41.91434192709691,42.12052917480469,179.7239986831795,181.31827435333457,178.2194122325236,178.7475128173828,268.814765017243,269.44126179862934,262.83822122054164,263.9818115234375,181.13999938964844,184.92999267578125,180.11000061035156,183.1300048828125,188.69462697978025,190.0727443709146,182.857282199408,183.30026245117188,326.0797854231133,326.40231473170246,320.9782211818643,323.7733459472656,164.9479402993134,165.99868142002893,164.123056898783,164.93812561035156,182.05717860832988,182.71181272582172,177.77761373193084,179.0478057861328,47.08787429003314,47.09766426104526,46.157670165292224,46.33391952514648,39.19335670384141,39.30065618433927,38.890967597077015,39.0958137512207,18.445236206054688,18.56100025134421,18.310175699835145,18.445236206054688,120.32034177331325,121.57003374775046,117.341080377663,117.90093994140624
2024-07-22 00:00:00-04:00,41.05717311548873,41.58937706851645,40.99911309303628,41.28940582275391,101.0186841457182,102.32946497386006,100.83142759337348,102.22105407714844,247.68784381144948,254.48868170798087,246.94104629242,252.99508666992188,238.7968118921141,239.3771284141699,236.9083143062828,239.27877807617188,179.9369802536856,182.0393510707807,179.5782814108386,181.01307678222656,206.82941425980613,208.509907083908,206.09235232050025,206.6525115966797,104.34585761371058,104.43311526858994,103.5024088639264,103.94837188720705,556.5382412270246,557.7243751363245,550.6373140139408,552.070556640625,211.915558810858,213.72688340051383,210.30111471642235,213.5890655517578,123.05629774845696,123.5838921514396,122.15743652297958,122.80227661132812,33.07021606470152,33.19939766232487,32.55349346485917,33.15964889526367,28.761365244547967,28.87598939064336,28.06406076447617,28.274208068847656,439.23349185507885,442.0272287343498,436.3701527646277,440.3768310546875,326.3670570459754,328.4394228214145,325.3802190687096,327.14666748046875,76.96307816619802,77.1006344500849,74.6835643951729,75.21414184570312,158.7974445124627,161.5327781534619,156.4882742800051,159.62002563476562,165.10288482525124,165.54184450857107,163.2398066874446,163.5421905517578,539.4690704757403,545.9047561987676,534.7894852618987,545.206298828125,443.7361863505242,444.5584938263752,440.3379282176129,441.97265625,70.30931133563983,70.70620424525748,69.68421011281129,69.83303833007812,63.84672886305996,63.88586951605534,62.93672921053703,63.37704849243164,77.63481216646245,78.15205106150556,77.17612637026512,77.39083099365234,235.0153240665825,236.92920659137135,232.1886725592761,235.8201446533203,244.2100067138672,253.2100067138672,243.75,251.50999450683597,558.6500244140625,560.1900024414062,552.7100219726562,554.8200073242188,358.1288774756834,360.86028445020565,354.76864271621486,356.9007263183594,639.5,656.2899780273438,632.5999755859375,647.5,226.24957960487183,227.01700459563804,222.34271224556247,223.20980834960935,72.06090827495306,74.24874673973964,72.0116294840499,73.77570343017578,94.69042465870794,94.7402071229577,93.0775685233098,93.7147445678711,38.04005384727038,38.087662699179845,36.849814387921015,37.221168518066406,168.78078823016853,170.15384929669978,167.49535165483724,169.0631866455078,443.46056651737433,446.8855130137365,441.3100165975183,445.9794921875,245.20899727385668,250.35011027526812,244.2823940780208,249.97149658203125,59.900001525878906,60.790000915527344,59.52000045776367,60.77000045776367,842.4961100548692,846.3213630116987,835.3735942338286,844.15966796875,151.17137732162917,151.50346825181197,150.01880628205348,150.65370178222656,41.865251809701554,42.091072374656285,41.19760677184141,41.53142929077149,181.69691040759497,183.63992334392967,181.2485099418617,182.69332885742188,265.7419610646871,266.9054290142992,263.5442454307205,266.2192687988281,185.0,185.05999755859372,182.47999572753903,182.5500030517578,188.01541993091948,192.445102599449,186.09589377862756,191.9233856201172,325.66931518480175,329.441720864428,324.9265493721661,328.3471374511719,164.90865053473397,165.66480113924612,164.68279281597347,165.222900390625,179.1943683780153,180.728373177225,178.6667579142355,179.9271697998047,46.33392202964487,46.39267306450681,45.79538394996025,45.84434127807617,39.12507424807039,39.20310786268158,37.827731450806645,38.5593147277832,18.040059233525557,18.10758856985907,17.66382146818158,17.89535140991211,120.3203432330864,124.03942781453529,119.8304661088677,123.50955963134766
2024-07-23 00:00:00-04:00,41.06684544572139,41.68614124044582,40.54432004047855,41.58937454223633,102.50686272618452,102.82223782584852,101.8761125268565,102.41815948486328,255.49438001905503,256.23121056136046,252.6665102113396,254.96664428710935,238.25582343690283,238.9148292093458,235.36405645949,235.57061767578125,181.39171422932947,182.94607087093,180.88354864784296,181.1326446533203,207.37974425742053,207.8318005003516,205.73855486222425,206.7016448974609,105.91643380741056,107.96205156466364,104.7045752970283,106.21697235107422,552.3275160306632,552.3769860390842,546.4166946342656,548.2848510742188,213.5988845474514,215.44959407745236,212.840893959966,213.9926605224609,122.11835524368988,122.73388577732834,121.32696736227967,121.52236938476562,32.75223342263411,33.020531913608885,32.623055616004486,32.7422981262207,28.29331402268637,28.312416833316338,28.01630231649447,28.178688049316406,441.3312725932698,445.7953108894537,440.53591409904936,442.2757873535156,327.0677055390591,327.8275900602906,323.6532545496938,325.982177734375,75.793847477309,75.793847477309,74.70321722547631,74.92920684814453,158.96592094645666,163.85185162858673,158.4703912488401,162.30580139160156,163.66898369505756,164.2249913426324,162.0985255379057,162.19607543945312,569.701744540013,570.968943131319,549.4468466413485,551.0133666992188,443.7461082247439,444.4693348685488,440.8927493272042,443.2705383300781,69.9223506975202,70.15055903640686,69.56514779568559,70.1009521484375,64.02286258122749,64.619744517172,63.455334270769306,63.56296920776367,77.53721797829596,77.74216872688609,76.91262673742436,77.4884262084961,236.6249511262124,237.49846751128368,233.12107617978228,233.8964385986328,253.6000061035156,255.75999450683597,245.6300048828125,246.3800048828125,556.489990234375,557.25,544.4400024414062,546.010009765625,359.04261161122497,359.04261161122497,353.0983720552486,353.33416748046875,647.5,649.9099731445312,641.0,642.760009765625,223.61844622977043,226.17984506717187,221.9341046141529,224.2563018798828,73.54902535617117,73.95309035483663,72.17915929538107,72.33684539794922,90.29987165641188,91.28550971572594,89.43371454431663,90.538818359375,36.88790463879767,37.39256503070078,36.86886037068323,37.03073120117188,168.78077991540604,170.01750808961253,168.2451813687369,168.61521911621094,446.0889945853141,446.7759770732827,439.1793666512608,439.7867126464844,269.011529864324,271.98063102893366,262.59510427509184,263.2128295898437,60.720001220703125,60.95000076293945,59.68999862670898,59.709999084472656,845.6339929698754,851.2921326192126,842.3267589381575,848.8316040039062,149.7453026128513,149.9308872031497,148.04576984695777,148.80763244628906,41.4528845546872,42.00270723294687,41.384156719904745,41.63943099975586,183.18157455853097,184.55663696261976,182.6734065937824,182.94244384765625,266.0403154628626,266.2093822073539,262.39073771635776,263.3155822753906,184.1000061035156,189.38999938964844,183.55999755859372,186.41000366210935,191.16541365989949,193.17354488280395,189.1474441050504,190.3287048339844,326.7736912125443,329.3929073562119,323.7929045965452,325.6791076660156,165.0854207041946,165.3898408885496,163.32763238924574,163.62222290039062,180.13235887237911,181.12897297006845,178.81331036341135,179.87832641601562,45.775800921846766,45.80517457209258,45.37434484926656,45.39392852783203,38.4422591019984,38.59833003867212,36.06217638746811,37.56435775756836,17.914646223912886,17.953235467966817,17.499821050515294,17.567350387573242,122.74974719191928,124.65928025097236,122.06991443104106,122.5597915649414
2024-07-24 00:00:00-04:00,41.850640123457474,43.331135575519504,41.850640123457474,43.21501922607422,102.71382511939922,105.75916516691626,102.04365210453756,105.70989227294922,252.54700654593995,254.81726974648623,247.8371926732536,248.71343994140625,234.29193609223051,236.7902716392703,232.95424851805683,233.4853973388672,172.97227682395808,175.5529078595556,171.1987144347076,172.0057830810547,205.93509927893504,208.3723131129809,204.4806346516648,204.9916534423828,106.57568467116,108.28198351743258,106.03277442777215,108.03961181640624,553.5235369445065,554.6404731936118,546.624280735817,553.2764282226562,213.992673484377,214.37659569513016,209.80889925546904,210.3207855224609,122.09882197980116,123.271249060929,121.8154838201382,123.02699279785156,32.32494148650973,32.59323995949019,31.460426711784343,31.50017547607422,28.18823815229589,28.646738365939008,27.99719548565232,28.63718605041504,437.90124163761953,438.9252800797557,425.1156433619879,426.4180603027344,325.0446804295321,328.16309188523644,323.82101104009377,324.3538818359375,75.03728826572359,75.15518937709,72.7282915513873,73.37677764892578,158.91639409365428,159.9669147256962,149.7490938790391,149.9869384765625,162.19606246084962,164.52736203464465,160.89872627101047,164.03964233398438,551.691816749146,573.9722335854049,551.4224578947726,573.453369140625,444.3207110085388,445.41053974334255,438.5347469126664,439.654296875,69.97195046960378,70.28946328671096,69.79334903684958,70.05133056640625,63.69016700625281,64.5512464517285,63.43576395674073,64.39468383789062,77.66409057949893,78.42531066561826,77.02973802582794,78.0447006225586,233.2356739843156,235.79988643700796,228.2650208380644,228.48199462890625,225.4199981689453,225.9900054931641,214.7100067138672,215.9900054931641,543.7999877929688,544.7100219726562,530.3499755859375,531.0399780273438,352.6562148999192,355.1321867258993,343.882310572092,344.1868896484375,635.739990234375,652.4199829101562,632.6699829101562,635.989990234375,223.24967028544492,224.04699357799976,216.40268749627205,217.80795288085935,72.18902797172927,72.32699957385019,70.0504606199669,70.06031036376953,89.82199207091968,90.34965273936884,89.18481606421837,89.40384674072266,37.36400224365312,37.92579546694819,37.183083504016615,37.77344131469727,168.6639297152699,171.97489342947642,168.42047715654138,171.59510803222656,432.1005159866376,433.95236075654026,426.9829975954655,430.5573120117188,260.9212784317728,267.28786922715886,260.64230471063604,264.7870788574219,59.54999923706055,59.65999984741211,57.97999954223633,58.06999969482422,841.3505488257048,842.7451869303575,826.3086673271058,827.6235961914062,149.20809657514465,152.77323756836347,148.78810187102266,152.64625549316406,41.5117924768908,41.973254011919686,41.30560897011089,41.42342758178711,174.7618344929483,177.31266333834552,172.94836078735528,173.7454833984375,254.6441136411035,255.76782623361177,251.72048223413955,252.7546844482422,183.1999969482422,185.4499969482422,180.41000366210935,180.8300018310547,186.38134648482915,186.6471316376297,177.86651844693677,178.24058532714844,325.6888608607156,329.5296855801939,322.84488253269484,327.99530029296875,163.32765001471023,165.2523781551004,162.60095837886357,164.9774169921875,179.91739909278067,180.82608058120337,178.95009587779185,179.80015563964844,45.57017677476183,46.05975752119836,45.27642907394083,45.87371444702149,37.7692093751515,37.896014471425936,36.46211369513468,37.15467834472656,18.25229572697688,18.551355024269103,18.09794242256564,18.48382568359375,119.1406333610656,119.92043994002134,113.41204956795865,114.22184753417967
2024-07-25 00:00:00-04:00,43.340813509949335,44.48263472278564,43.05052079459329,43.80528259277344,105.4733513405611,107.1389299881044,104.38924996535728,104.42867279052734,253.6522690848708,262.9523685699808,250.6451601901657,255.42465209960935,231.9903357179585,235.7673307034485,227.11170593870088,231.48870849609372,171.8961830942536,172.7929226710128,166.58545420511723,166.6751251220703,205.0506227988765,206.5640650250406,204.46098225258515,205.07028198242188,108.41771083037176,110.211259934546,108.01052814876196,109.74590301513672,555.5004517548208,563.2992181277019,552.1200210580492,553.207275390625,199.6300169463428,202.0319980344321,195.89908125431543,199.2953186035156,123.13446007478233,124.91264528409027,122.82181237163286,122.9585952758789,31.17225584068728,31.78834652633028,30.754903291082982,30.90395736694336,28.627636807823727,29.54463915546023,28.627636807823727,28.82823181152344,426.3186638850103,427.31287721528406,415.09401723172687,415.9788513183594,321.3045883387393,331.27165839558785,319.08420278668467,325.77496337890625,73.7501457136357,74.44775479489807,71.98156152763781,72.04051208496094,149.90762520409552,152.1771594837018,144.21895446511192,147.92550659179688,165.32723522696634,169.22899296768773,164.71270361991486,166.8196563720703,574.8602408515094,602.4787482486691,570.8591384786934,593.179443359375,440.8630620294381,444.25140330462887,437.89081798828056,438.93109130859375,70.05133206650719,70.22000909824752,69.4063820138557,69.47583770751953,64.61974000449325,65.45145835156261,64.44361079855841,64.64909362792969,77.71287494224461,79.49881878685183,76.51249182720393,76.571044921875,228.6299350813432,235.3955202596456,227.8606548067519,231.53933715820312,216.8000030517578,226.0,216.22999572753903,220.25,536.7999877929688,542.280029296875,527.5900268554688,532.1500244140625,344.0788212337106,352.55795116906745,343.2240028887121,347.11480712890625,641.0,649.97998046875,621.7000122070312,634.0900268554688,218.19665359620475,220.11023564894725,213.9010930254534,216.7614898681641,70.49393608679831,71.38090171137611,69.88292117122428,70.37567901611328,89.6826090798559,90.1007544043911,88.81644439697266,88.81644439697266,37.95436073995857,39.011294080193295,37.88770761330619,38.04005813598633,172.36440513211957,181.23581663469864,167.3005950718224,177.3990020751953,432.040789193196,435.7843426277151,427.6799541570302,427.71978759765625,264.4084781080747,275.298457292497,263.4221121181858,269.1012268066406,58.15999984741211,58.650001525878906,57.20000076293945,57.220001220703125,832.5743636099073,833.4311010582163,811.1471721546804,812.8107299804688,152.84161720034857,156.84629243362085,152.37278204410234,155.9281463623047,41.25651767663004,41.5314290155556,40.90305810064799,40.92269515991211,173.6259198480616,174.57251436164208,168.44454680160155,168.5541534423828,253.96789352324836,256.7821368586083,251.29287000921477,252.32708740234372,182.91000366210935,183.8999938964844,176.8000030517578,179.85000610351562,176.8132351610222,177.4235571930337,170.56246990648322,172.6493377685547,328.36668468733143,338.98029673010075,325.4640700776542,326.71502685546875,165.2916513110262,167.0297952876282,163.86772722777874,163.89718627929688,182.5164133813753,191.75947378175923,181.0508105141408,187.5776214599609,46.38288065581412,47.18579281204039,46.07934297187785,46.255592346191406,37.59362359935204,38.403240420159605,37.29123453173556,37.30099105834961,18.474178545265183,19.04335705063159,18.42594382719815,18.512767791748047,113.01214179627254,116.60125336651195,106.27380502948412,112.25232696533205
2024-07-26 00:00:00-04:00,46.70821807275161,48.97250720432066,46.18568895978824,48.817684173583984,104.92144792729418,105.59162092394652,103.1474658908393,103.71907806396484,257.0676338844007,263.3606245470911,255.9723247796184,261.5882263183594,233.3280062536733,239.16070737929056,232.0198253500529,236.4164886474609,166.54558494627688,167.48218836937892,163.4667619348052,166.39613342285156,205.6304420604461,209.48281701358428,205.0211273770822,208.5786895751953,109.74590242690869,110.0367514245552,109.12543146875348,109.9010238647461,553.523605218264,572.4323717728664,553.523605218264,563.1311645507812,199.8662850143278,204.5619607231948,195.1509317704772,199.580810546875,124.31666174179064,125.77242693776736,122.17698201189448,122.38215637207033,31.23187753157216,31.36105722704932,30.824462167334016,31.152381896972656,29.206019255522747,29.91316290251548,29.07040317188868,29.80660820007324,415.7799870015666,426.4379540941027,414.8553456338981,422.8090515136719,321.6302331130303,325.4690170209467,320.9295564955404,324.13677978515625,72.55142480778893,73.71083309137518,72.42369611840202,72.75776672363281,152.12761395939148,152.20690052402165,148.57961958461232,150.2743377685547,166.5367646162855,168.51690540782292,166.5367646162855,168.5071563720703,599.5153751643822,613.2847714973224,597.9688301848378,605.7914428710938,440.0109579273905,448.5611172472887,439.35706067711305,447.2137145996094,69.68420876951669,69.69412560374157,68.29508739768414,69.23770141601562,64.64909720834481,65.66673184729218,64.5903899582206,65.60802459716797,76.72720664200368,77.5372185269907,76.43442623827298,76.8052749633789,232.99895968171367,239.18268231741015,232.82144388824335,235.58290100097656,221.19000244140625,222.27999877929688,215.3300018310547,219.8000030517578,535.3499755859375,545.5,533.3300170898438,542.4400024414062,348.80479074202793,355.34838421770723,348.80479074202793,353.22613525390625,645.0,646.989990234375,629.77001953125,631.3699951171875,217.96741565742545,218.75477790382115,215.2864239407029,217.2299041748047,70.95713154944008,71.72583260487023,70.82901721316446,71.50901794433594,89.602962678916,90.15053937802652,88.9458706399834,89.53327178955078,37.99245142582485,38.24953999611432,37.75440349366384,38.17336654663086,178.64547748964907,181.9564410716456,177.34057539316993,180.31069946289065,430.3880356820901,438.85083366864586,430.2187663533939,436.26220703125,270.9045753881496,276.70327582329435,270.19718319254554,272.9072265625,57.59999847412109,58.310001373291016,56.970001220703125,58.290000915527344,816.0128832259171,820.2825153125117,807.0447318184291,815.6138305664062,156.03557114975604,157.82302267347256,155.76208276509988,156.90487670898438,40.82451497757874,41.1976078799464,40.657601840931136,40.91287612915039,168.16554065318968,169.23170045423535,165.27094636539994,168.0758514404297,254.1667826287829,259.7455599846496,254.1667826287829,258.0152282714844,180.38999938964844,183.19000244140625,180.2400054931641,182.5,176.212769205743,178.46699388362873,174.79528338452502,177.2365264892578,326.9691349622251,331.2497615108689,325.71817819311497,327.2525634765625,164.24090759432212,166.27367220811334,164.02486454403726,166.06744384765625,186.14130451410009,189.13114648607632,185.2717141924229,187.35287475585935,46.33391997735879,47.0095400399244,46.25558900288379,46.88225173950195,37.62288508503003,39.12507014943648,37.59362294774437,38.71538162231445,18.483823022216512,18.618881684120915,18.22335116851265,18.3391170501709,116.16137637359374,116.17136841805404,111.55251154245995,113.03214263916016
2024-07-29 00:00:00-04:00,48.30483332197134,49.53374283081152,47.38557358790813,47.39524841308594,99.1362831351766,103.65995297769118,98.47596769035349,103.25587463378906,261.58824294489324,264.94384847993695,257.41613144463577,257.48583984375,237.0361671423009,239.8885818578076,236.07223485190912,238.1771240234375,168.2195263708959,169.8137317797604,167.38256739097093,168.9169921875,208.981613584145,209.9250594241352,206.91784923973356,207.21267700195312,109.8622390261017,110.97715027616113,108.9993964039524,110.90928649902344,559.1675449985934,564.7422721438672,555.2632149660119,560.1954956054688,200.358486997001,200.58489880981423,196.0270561259597,198.2616729736328,122.89021104637692,125.04943553786138,122.04996889713378,124.8442611694336,31.221941203638227,31.27162526588968,30.595913300772725,30.63566017150879,29.72911345491616,29.961598964872667,29.486940817757645,29.7581729888916,429.0825608465564,429.6492697069918,422.2423988579534,424.2606506347656,324.33419887700467,324.6499942825264,319.6072361595441,321.9065856933594,73.09183287577096,74.27088889286993,72.43352672449497,73.8876953125,150.66084773385782,153.61420038440528,147.81649709514434,148.87693786621094,168.05845420125132,169.22899343391222,166.65383391330255,168.95587158203125,602.9078533258867,606.4599434970032,593.8779671647211,602.7781372070312,447.2929751045898,449.0267840051071,444.9052689333643,445.79693603515625,69.3071572840069,69.35677173566853,68.59275157265336,69.07894897460938,65.4416738202304,65.58844940833201,64.96221386672724,65.39275360107422,77.09804992675781,78.45458463993855,76.70767856456804,78.073974609375,234.99116239901187,237.6638615667677,234.06409536412244,236.50010681152344,224.8999938964844,234.2700042724609,224.6999969482422,232.1000061035156,544.2999877929688,544.2999877929688,535.1900024414062,536.6099853515625,352.9313047664839,356.5470042684441,352.6758697356995,355.34832763671875,634.6099853515625,634.6099853515625,623.9299926757812,626.9600219726562,216.23326096996,218.5654190781,215.0273073866339,217.50897216796875,71.44988571986939,72.80004488785826,71.15422801278376,72.48468017578125,89.99124069500509,92.14171542419552,89.79212604040768,91.7335205078125,38.16384249862492,38.20192740348383,37.773440440996325,38.11623001098633,179.22002611312547,181.25530076319197,175.80195759475708,177.17503356933594,436.8795024806564,440.981496098699,433.5143211676212,439.3685607910156,271.1038517791696,272.23966244403783,267.10852260332433,270.6554870605469,58.5,59.09999847412109,58.06999969482422,58.93999862670898,820.5617916191424,821.7389177947531,812.1123966136153,813.5787963867188,156.25046424980567,156.27976551351946,154.37510885212342,154.8732452392578,41.02087598502858,41.11906127961192,40.23541235529196,40.34341430664063,169.88935657362845,171.54341495524503,169.11215134932957,170.51710510253906,258.8704696912279,261.24714569423514,257.1401378816963,260.1433410644531,183.83999633789065,184.75,182.3800048828125,183.1999969482422,178.66385102829838,179.78603659923226,175.07089253917616,175.84854125976562,326.50002322158144,327.2427890743677,323.7831000221127,324.9656677246094,165.8121247753854,167.47170638902853,165.08543316311642,166.8726806640625,188.75007993437097,188.8575580624581,184.84180605321072,187.10861206054688,46.82350032767948,47.20537269626034,46.45141793012694,46.98995971679688,38.754403182578166,39.77861899539701,38.65686023698584,39.68107604980469,18.329471070011504,18.34876569169393,18.15582315494241,18.232999801635746,113.66198865142056,116.25134680115112,111.27257816967544,111.5625
2024-07-30 00:00:00-04:00,47.47266069396333,47.71457192187357,46.30180754551075,47.462982177734375,103.24602331452424,104.152725781719,101.29463472551905,103.79792785644533,258.51146072722685,259.6366406763016,254.03067498209413,256.82867431640625,239.16071345013387,243.2032826581373,238.82629531819276,241.4033050537109,169.62441781635252,170.6108282471045,167.83092357369438,169.67422485351562,209.5516185907068,212.06745427396143,209.28628708974412,211.47781372070312,110.60873914201032,111.3261646585703,110.15308658518572,111.20012664794922,560.3437995107374,572.7288581121677,559.4442899182695,569.6647338867188,198.8031103640662,200.771945356572,198.3305941717501,199.48236083984372,120.64305398109018,121.09248460038542,111.2929247423962,112.60213470458984,30.655533712816226,30.715154964946016,29.820828601697457,29.94007110595703,30.03909256133188,30.552499190361367,28.84760369235662,30.40719413757324,425.24486743225,426.5671576267596,414.9448029922065,420.47265625,323.1795812095278,326.10064350156733,322.6467103495225,324.8670959472656,73.93683049402789,74.72287288648667,73.5438092977985,74.61479187011719,151.90959735712624,152.09790107973035,142.06838388406817,142.2368621826172,168.44863418045148,169.18996277418174,167.336633847844,168.9265899658203,608.4555087738902,614.3723299559194,601.5109461602818,613.69384765625,448.3827985889887,452.5043136120131,446.4706623377609,446.6787109375,69.00949319947576,69.307157198772,68.44392327370016,68.65229034423828,65.05027477642642,66.3712399878425,64.9328528262924,66.2244644165039,77.80071710252518,79.04989950838034,77.78119443921932,78.86447143554688,236.88473850786815,239.04460424079213,235.02074747307847,238.0780792236328,232.25,232.41000366210935,220.0,222.6199951171875,541.8499755859375,543.6699829101562,530.9500122070312,538.7100219726562,356.4782499210758,358.3155592570526,352.9804778197794,357.3330383300781,630.1699829101562,634.6900024414062,617.0,622.5800170898438,218.45580119769895,219.5919820328496,215.39607720378967,218.06710815429688,72.6226580574475,73.41106614648248,72.39598612653076,73.2435302734375,91.26559329866836,93.6251407090179,91.26559329866836,93.3762435913086,38.097190901839184,38.33523884297929,37.92579972595577,38.12575912475586,178.78180311021944,182.79391106023127,177.81774056490883,181.8882598876953,441.827751775162,446.7660653411715,441.0710987096704,445.4916687011719,272.2297097526178,275.2386425183861,270.7650902395438,274.1825256347656,62.775001525878906,65.05999755859375,62.43000030517578,64.0,816.0128654325665,820.0031483931169,801.328653363446,808.062255859375,154.8537054176323,157.79372803204643,154.6778978361191,157.57884216308594,40.30414386695052,41.128881689785786,40.06850662921836,40.52996444702149,171.21460023716017,172.3305841410966,169.51071783712683,171.24449157714844,261.7642602211663,262.82827904711485,259.5566206930974,261.6349792480469,184.72000122070312,185.8600006103516,179.3800048828125,181.7100067138672,176.53760501732722,176.59666504586136,164.16403336777256,164.3313751220703,325.4445548034923,330.88818409443087,324.14474432930126,325.7182006835937,158.87911811860675,159.45851441040605,155.1965869506186,158.79074096679688,187.08907696506907,188.3495037111084,184.7538837870169,186.6591644287109,47.18579051802385,47.53828924951364,46.89204282018391,47.13683319091797,39.76886555028863,40.0419887703788,39.38844285915594,39.807884216308594,18.28123485191015,18.358411492254437,18.17511628142317,18.3101749420166,111.49251876218644,111.96240417731258,102.5147356535528,103.7044448852539
2024-07-31 00:00:00-04:00,47.1726827820243,47.521035491633526,45.83733195894626,46.02118682861328,103.97533010057492,105.28611094814156,102.05351421063564,104.40897369384766,255.11597867866237,260.71197650196336,254.2596654515037,257.6949157714844,241.491851986525,245.09179236770137,240.4689064618244,242.68199157714844,172.61355784032972,173.61990013827557,169.39522679360476,170.91969299316406,211.07486749625411,212.65709427449363,209.0012661284442,209.1290283203125,110.71538150691812,112.7222187403336,110.51179018139445,111.6460952758789,558.9007094680312,574.1819368513101,555.8167969804042,569.4967041015625,200.58490004830557,203.53815248434609,198.99014853956965,201.5594787597656,113.33491033117696,115.13263291707808,109.64175668718067,110.53084564208984,30.34748836260998,30.675408092279664,30.08912707630577,30.546226501464844,30.223146432753804,30.281267349443574,29.51600091456728,29.58381080627441,418.0666907004293,419.33928250485553,409.8246539863894,415.92913818359375,327.2749656064636,329.53480292112823,324.7091808081282,326.26837158203125,78.16179112311177,79.82229415803508,76.44233003928943,76.58970642089844,150.1157744936883,159.88762117093555,149.64997534738723,159.24342346191406,169.64843756948648,170.3995301587236,168.02920441285477,168.42913818359375,612.8656379595734,619.2514464843997,607.936608371236,611.9776611328125,449.3735588323058,453.94089240847774,448.3332553346536,449.30419921875,68.64236402129809,68.71181970953614,67.75928131222777,68.10655975341797,66.0483373143593,66.15597223905982,65.17747835292117,65.30467987060547,78.42531412891321,79.04014404584197,77.06877931128986,78.38627624511719,239.301029655647,245.56365330679,237.92030107922488,242.13153076171875,227.8999938964844,234.67999267578125,226.7899932861328,232.07000732421875,547.0499877929688,555.5499877929688,543.77001953125,551.6500244140625,358.6201145122041,365.97918617123656,356.6943820188806,361.7248840332031,626.5700073242188,633.5999755859375,622.5800170898438,628.3499755859375,220.6982497488722,223.07028238181744,219.8909654212368,221.3361053466797,73.42091718855897,74.33744705958777,72.84931629718878,73.77570343017578,93.37624495145675,94.42160830362056,93.2269051595084,93.27668762207033,38.1162301323896,38.83989781185629,38.068621276922194,38.58280563354492,181.50847610806863,182.58940598587157,178.64547184474395,180.4665069580078,459.9779735882864,471.9254534217484,455.5375020910398,461.6804809570313,274.49141046001387,279.23399410563945,272.458870268195,276.06561279296875,65.0,66.98999786376953,64.16999816894531,65.77999877929688,818.4269949614893,823.4747006276808,809.2992589382359,820.003173828125,156.1332608839972,156.62163515651017,154.07232085783247,154.1797637939453,40.48086935165664,40.628145418575656,39.48922223661133,39.57758712768555,174.29351108109944,175.27997080668484,171.10497512525495,172.52984619140625,263.0669308031302,264.87677316039515,262.7785371562149,264.1906433105469,185.0500030517578,187.94000244140625,184.4600067138672,186.97999572753903,172.8363688175188,178.250425194002,170.70027928596693,178.12245178222656,324.0274050713852,328.7771513801281,323.0696595126432,324.9265441894531,157.91676393792326,159.9298840978095,156.3455595329393,157.86766052246094,186.62009022015172,190.08868650183163,185.63325636681364,187.73394775390625,47.40120511303157,47.75370382870763,47.23474946129814,47.440372467041016,39.7591092896521,40.60774853666057,39.68107567811415,40.25658798217773,18.23299967638193,18.638177528747587,18.213705054832044,18.57064819335937,112.87217777091092,118.31083191790376,110.85267132044424,116.99115753173828
2024-08-01 00:00:00-04:00,46.2534188524857,46.94044574711238,45.69218681038577,46.611446380615234,105.1087098913333,109.0804676643771,104.79333478952957,108.5581283569336,258.790220700015,262.2354379886175,248.6736154558761,251.97943115234372,243.3114907396244,245.2491709079127,239.7902246218325,240.4590759277344,169.63438196406787,173.42064433790932,168.2693407012315,170.1425323486328,209.52213987600663,210.14127671028743,202.8197976999272,204.3725433349609,112.24717745200522,114.23462829631252,111.40372869288512,113.87591552734376,570.5247563825143,580.7056259286824,560.5415255945061,566.14599609375,201.1460160029368,203.53814315641205,198.3601128634246,201.39212036132807,110.53083692864284,111.8400543209137,108.85036016938524,111.20498657226562,30.2381805481622,30.516414316046976,28.70788724349436,28.866878509521484,29.758172880182265,29.84535517705129,28.973534055991596,29.690364837646484,418.3549862264431,424.98637136355273,410.6995323530128,414.6962585449219,329.4854579364156,334.4591296122918,322.12365529824666,323.76177978515625,76.53075619234995,76.77639349107909,72.54160885979049,73.79927062988281,156.09186533864764,157.4892628100951,144.86315981420563,145.70556640625,168.29256204154575,171.24814229517418,168.26330004965035,170.6628875732422,615.0309094809887,620.9177681751988,611.5087208973407,620.3889770507812,451.8504131185707,455.2189500143437,445.747402276296,449.1456604003906,68.37447644511812,69.25755929332217,67.98750032670519,69.24763488769531,65.55909036869757,66.6452191794938,65.26553921674122,66.49844360351562,78.74736683764922,79.13773076312002,77.46890041087414,78.55217742919922,243.4333791569872,244.85356575385708,235.73085481718832,238.0386505126953,227.69000244140625,231.8699951171875,214.3300018310547,216.8600006103516,549.989990234375,561.97998046875,540.239990234375,546.4099731445312,363.5228835086908,364.9868599797696,347.5667543322954,352.31231689453125,629.25,646.7100219726562,617.6099853515625,624.8499755859375,223.618417993468,223.72805013234773,216.29304757526307,217.6285552978516,73.61801361429781,73.7067139296878,72.19887623804533,72.78032684326172,93.44593534661564,93.53553466386764,92.19149173492654,92.63951110839844,38.72563128053999,39.21125103881747,38.35427713145883,38.89702606201172,182.85233729053985,185.9685268202564,181.87852713380568,184.7415313720703,463.4228083161949,465.45388833645904,457.18026122263245,460.38616943359375,278.23763871761474,280.6687083087526,277.2313265982924,279.7321472167969,65.77999877929688,67.30000305175781,65.0199966430664,65.30999755859375,816.5615192559256,822.1678619589228,807.7130716391686,814.9055786132812,154.7950941372038,157.0709198723208,154.04300854237033,157.02207946777344,39.70522603852184,39.71504644142453,38.27175433640523,38.78230667114258,171.36404903295707,175.05079443481682,169.89931262453103,171.83236694335938,264.8469548030854,265.5132373283709,262.7089329315805,264.4491882324219,189.2899932861328,190.6000061035156,181.8699951171875,184.07000732421875,169.07606880397896,174.20466383073264,158.80905543838873,161.4373321533203,328.4644365262425,333.1555470230404,325.89410393286835,327.9171447753906,157.98551125708607,163.31780951024942,157.78909759580785,162.70896911621094,188.3885814483724,189.1995501197683,183.972227505052,185.31082153320312,47.60683017950494,47.70474856876709,46.216422668824094,46.402462005615234,40.2370766702069,40.40290041221047,39.22261372293032,39.27138519287109,18.62853129651536,18.93723789904128,18.45488337258541,18.78288459777832,117.50104810323892,120.13040514788088,106.78368749587624,109.18309783935548
2024-08-02 00:00:00-04:00,47.53071755074598,47.93713033758157,46.74692752608207,47.19204330444336,108.58769590279054,110.42081607066524,106.83342139182426,109.70136260986328,246.7319494312564,246.9410594329112,240.0904316318413,242.9282684326172,239.5344878820129,239.8984126196576,231.83295013258493,236.03289794921875,165.83816733480066,167.90067445744558,164.0745632707895,166.057373046875,200.3629181530397,201.13928344801727,193.49349562520945,195.7046813964844,114.4866956272425,115.42709903105782,111.64610633039462,114.22493743896484,575.5953438001619,584.698791118057,568.5972074318784,583.0086059570312,205.0049323441377,205.7038753373681,198.1632341248515,200.5159912109375,112.5142092487057,114.60504227633812,111.73258622072122,112.55328369140624,21.801700111553934,21.8414469830145,20.291281089542203,21.3445987701416,29.91316258771163,30.33938693588673,29.07040286595397,29.47725296020508,410.1030126570464,412.5984976168064,402.0001807599968,406.1261596679688,320.71244563739964,322.38020412967103,316.1335333538138,318.89666748046875,73.79927231022022,75.33204669038808,73.61258556013365,74.55583190917969,140.66104772064568,144.05048403987888,138.35189271928814,142.53416442871094,174.447575551952,175.53031386162613,169.57037864063133,173.66722106933594,620.5684922787318,620.6183690352333,604.1250574237685,614.3223876953125,445.45016261810514,453.5545036701674,439.60475587390266,449.799560546875,69.05910315879977,69.69412880305656,67.21355751452134,67.92796325683594,67.05619108961592,68.17167362684026,66.23425973179445,67.8389892578125,79.08893689015879,79.91847137827618,78.38626992987108,79.54762268066406,234.99116449156503,237.21020218252605,231.96340361869056,237.111572265625,214.8800048828125,216.1300048828125,205.77999877929688,207.6699981689453,535.780029296875,536.8400268554688,519.6799926757812,526.1699829101562,348.72614676117865,349.35497454926644,340.67929793945854,349.2174072265625,620.97998046875,625.27001953125,608.3499755859375,613.6400146484375,218.41592196270943,224.84432899946663,216.98075820790515,219.12355041503903,71.77510997627316,73.05627587031259,70.87828708344631,72.93801879882812,91.75343615545395,91.79325300962084,88.60737297466916,89.17485809326172,39.23029897488827,39.93491880253087,38.47806665613426,39.01129531860352,185.97827648201996,188.83154822744103,181.57666487197665,184.33253479003903,458.205723593639,464.7071420626256,456.6027543955162,459.9978332519531,278.4269130352915,278.4269130352915,271.14367823254287,275.7367858886719,64.0,64.04000091552734,60.88999938964844,61.97999954223633,814.2172867269551,828.2730249880572,803.0544672096248,820.0830078125,158.1355795351693,161.01699959435092,157.25651182816452,160.32350158691406,37.309560942374326,37.82992993594171,36.50446019009083,36.897193908691406,167.58762038247167,169.60038989475044,165.7940641440123,167.79685974121094,262.3608637612909,266.4678709384157,261.4161719927755,265.0955505371094,166.75,168.77000427246094,160.5500030517578,167.89999389648438,158.0116860612348,161.69323444808302,155.0684030016027,156.82058715820312,329.7642472953032,330.6731392475135,318.3394808245491,326.4120483398437,164.42747243770867,167.28512019193968,162.1786650355825,167.0199737548828,184.4509881580873,184.9199768583137,181.44161542294427,184.7831878662109,46.68641675698684,46.75495775750085,45.38413027681175,45.68767166137695,39.86640935011284,40.12977976986411,38.86170286519216,38.92023086547852,18.9468866922063,19.28453525514012,18.51276868846565,18.68641662597656,103.73443867463745,108.69321575888374,101.3450281116693,107.24356842041016
2024-08-05 00:00:00-04:00,46.3308345557273,47.16300968327876,45.68251061329478,46.05021667480469,109.730915783096,110.38138110234816,106.80384440386597,107.0600814819336,231.3280194463495,240.78745520503296,231.21848852981933,237.98944091796875,233.12146026582104,234.06571650896973,227.46579836296485,231.01657104492188,154.93772354006205,163.83542602504582,154.36977732002595,158.67416381835938,190.70248346449543,192.7859069503092,187.60681451628977,191.53781127929688,113.35239349733304,114.36066064461868,109.69743156044524,110.09491729736328,575.3877507010731,580.0334070515767,560.2054042838918,563.368408203125,199.3740564823613,199.3740564823613,193.8317816674337,196.59800720214844,112.30902850368804,112.47512843025125,108.7819674144315,109.72968292236328,20.072667229540983,20.26146817330116,19.16840369359356,19.983234405517575,28.179206605474707,29.070401933455248,27.94672110873593,28.80885505676269,386.9179967872079,398.7193036046689,383.3487444003249,392.8633728027344,307.5085649760582,313.6861802973119,306.14675387658974,309.61053466796875,72.56125547809151,73.69118853487736,71.45097760281794,72.57108306884766,128.45121083799177,144.11985770307686,127.35113428711504,140.80972290039062,175.11089122276195,176.4667514396045,168.90709583199492,169.76547241210938,606.190484993597,610.0119946903986,591.4932233692831,596.70166015625,449.7896651360201,451.4541447188668,437.147741488852,439.396728515625,67.57075880445676,68.04703181155551,66.39001204641454,67.0647201538086,67.50629603665578,68.054257729263,66.27339902525154,66.63543701171875,78.87423526686912,79.84039865112432,78.27892059431927,78.39603424072266,233.07786974259213,237.67374719421412,229.53727526734045,233.7583770751953,185.22000122070312,203.8800048828125,182.0,198.8800048828125,504.2300109863281,515.9000244140625,500.0,509.3200073242188,344.7469392671129,347.7534508317783,339.2055069813949,343.89215087890625,587.0399780273438,604.5599975585938,587.0399780273438,598.5499877929688,198.42310739676373,212.7848420736874,195.34346157584417,208.5690155029297,70.03074231560471,71.56815190024382,69.72523485866391,70.38552856445312,86.5066804813854,89.16489984045185,86.03875269095121,87.39275360107422,38.08766730395115,38.34475949413159,37.74487771704391,37.8972282409668,182.54071664113224,184.3325238196,178.2462101488556,179.53164672851562,453.0085933909697,459.2810079150863,437.66603496652607,440.06549072265625,268.2144590828099,272.2695355247574,264.79699335572496,268.3340148925781,60.70000076293945,61.05500030517578,58.650001525878906,60.459999084472656,796.0614889813136,808.8503537924275,791.073635040328,799.8822021484375,159.98163663544798,161.9253715933813,156.84628217168614,157.50070190429688,35.00226211992628,36.28845779902258,34.50152642034706,35.984092712402344,156.8063590575562,165.3456720606902,156.039127834995,160.0646514892578,259.9941667150407,261.45598245266694,253.0927934708081,255.01205444335935,154.2100067138672,162.9600067138672,151.61000061035156,161.02000427246094,150.87497976796746,160.27575276368452,149.0243521777588,155.48184204101562,325.17089648821167,325.7768244977528,314.117512165314,317.841064453125,167.80558657375636,167.80558657375636,163.67132495207383,165.03631591796875,180.3180157615018,181.01172612872085,177.64084239096334,179.1064453125,45.57996572386886,45.707257760944586,43.75872479034156,43.80768585205078,39.193355137936926,39.52500637303195,37.661907772622406,38.21791076660156,18.13652859146298,18.445237019263388,17.982175297580977,18.242647171020508,92.0373150047539,103.38452459369913,90.66765743904186,100.4252471923828
2024-08-06 00:00:00-04:00,46.340509878123655,46.51468624117173,45.59542292314512,45.77927780151367,107.375471735775,109.0410505743574,107.06009661737664,107.9175262451172,240.06054432338627,242.8087688732975,237.01361292555788,237.4019470214844,231.51821078873988,237.54762790347743,230.8788660971628,234.63619995117188,158.75388411013478,159.98940589570805,155.844444295993,157.71763610839844,192.0291886950613,199.10499496884864,190.6533458060265,196.88397216796875,110.09491450007737,111.89816047197944,109.74589867347711,110.71538543701172,561.6387035169755,570.841031452695,556.0243996521183,561.7770385742188,196.5881639201917,199.0295150171233,195.397027204378,195.7021942138672,109.71991666892843,110.48199501924582,108.37161732226578,108.5963363647461,20.191910941842604,20.4999563012095,19.62550428595571,19.70499992370605,28.7991691202542,29.109149795382702,28.33419810756145,28.402006149291992,397.6853041219084,403.3225066578681,396.1939842314513,397.2975463867188,312.82759329992246,318.4130990528765,311.56444207735376,314.4854736328125,72.63003248913962,74.6639089611598,72.55142675682599,74.05473327636719,140.46284770893757,147.5786622257269,138.9960839979809,142.63327026367188,169.0241459107584,171.8821912255167,168.1267434070597,168.25355529785156,598.9266998972016,611.5186632219068,595.2847829923719,600.6828002929688,439.9614271140532,447.0452685504718,439.495774391745,441.5367126464844,67.31278335587841,68.09664484391533,67.15403071924362,67.21356201171875,66.68436523746458,67.35952099719957,66.31253275279668,66.58651733398438,78.5228942379443,79.71352346878555,77.99589404827452,78.83518981933594,232.42694341556387,240.84943290621197,232.42694341556387,237.33840942382807,200.75,202.8999938964844,192.6699981689453,200.63999938964844,513.6900024414062,519.1599731445312,509.010009765625,514.2000122070312,342.6541571630682,352.3909426894424,341.209850268993,347.7239685058594,600.6199951171875,622.4500122070312,600.6199951171875,609.5700073242188,204.61231506511243,209.28660752946877,200.39648844230865,206.5358428955078,70.62206053592521,72.17916966868756,70.47423167324399,71.44989013671875,87.84077539155768,91.50454132093309,87.57196224694005,89.5730972290039,38.05909898071722,38.54471509296237,37.85913598643025,38.33523178100586,180.5736024564081,182.9010228955953,178.28515760210772,180.8462829589844,441.28013788619006,453.4566211665759,440.17498027949097,446.337890625,270.03777709796145,273.0666563863313,267.7163204419584,267.9853210449219,60.59999847412109,63.58000183105469,60.29999923706055,62.75,803.1043358664159,831.0662742698262,803.1043358664159,814.8956298828125,157.30535085181634,157.7253455580924,155.2444108951606,155.27371215820312,35.98409269091501,36.63210073174681,35.8760907265453,36.24918365478516,160.36857505755367,161.76854176630374,157.56365468246898,159.9650115966797,255.07175081038312,259.03952388951905,254.34581986181595,256.82196044921875,161.7100067138672,165.0800018310547,158.5399932861328,161.92999267578125,155.94450722160462,161.0731017109747,154.05451118711878,156.2398223876953,317.85082208156234,325.42498125482405,316.1795990350238,321.4864196777344,164.8791814133524,167.26546928497032,164.83009298759328,165.06576538085938,180.46455333503943,184.5682381525625,179.4288630853993,182.5164031982422,43.81747704064976,44.78684856727375,43.70976867822435,44.21893310546875,37.9447850072703,38.48127863158394,37.77895754024987,37.96429061889648,18.22335396323621,18.618884539502822,18.19441386841061,18.512767791748047,103.8144091952266,107.68345833707174,100.5252265940952,104.22431182861328
2024-08-07 00:00:00-04:00,45.89539336170801,46.92109818308945,44.89872039451955,44.9954833984375,108.02593307812914,110.72633289764916,107.81896886939462,108.35116577148438,241.5740633793185,245.4773232768052,238.6366628271953,239.01502990722656,235.9148643976377,237.9705708395722,232.5903141649897,232.9542388916016,160.66692482795222,162.3906649427379,157.89697844100593,158.3652801513672,199.99928271662984,202.20064630567495,196.7463852895685,196.94293212890625,110.90929572867152,112.8773528260392,110.71539392314418,112.20840454101562,560.0571643960883,565.0389156160882,550.5880001354224,559.5333251953125,197.42492977674087,200.77194321997447,194.61933393386948,194.83590698242188,109.1141601738966,109.96417466872896,108.17621700069007,109.90554809570312,19.920000076293945,20.25,18.950000762939453,18.989999771118164,28.702299458057954,28.87666404827158,27.8401654815912,27.94672203063965,406.2752977774928,407.7069368759002,395.16992295159474,396.1243591308594,315.73881815379286,321.45258827331713,313.7453861953289,313.8341979980469,73.98595521512543,75.4892542400464,73.84839893155456,73.97612762451172,146.9245534254116,148.758019331606,134.61559771197673,135.05166625976562,167.40491682253034,170.10688831782574,167.12204592563393,167.57073974609375,599.635136893306,600.4433962397532,584.3791199299376,586.0653686523438,445.1628826884292,446.8273320124197,437.2368989720226,437.7718811035156,67.34254539100702,67.48145676378707,66.29077812125546,66.39000701904297,66.5865151558802,67.69221061313962,66.37124529607551,66.9876937866211,78.86446812099622,80.74800298226985,78.61073307439966,79.13772583007812,238.37395261739627,239.99138390302565,227.91982871475196,228.403076171875,200.7700042724609,203.4900054931641,191.47999572753903,191.75999450683597,520.9500122070312,531.010009765625,512.8599853515625,513.6199951171875,348.97174578824604,350.04268990891813,336.29723291155034,336.4151306152344,616.0700073242188,632.0,610.6400146484375,611.47998046875,206.20693999643444,212.9243684609316,205.6986538206396,209.1171722412109,71.82437439497417,73.13511195067836,71.47944543791711,71.56814575195312,87.61178913652667,88.84631676573484,85.37171498246775,85.5807876586914,38.4304556400968,38.77324521584758,38.278105121132334,38.354278564453125,182.9789370081868,184.6246786809625,181.10922314217768,182.59915161132807,448.5581983804837,454.9202463375436,447.0747292731065,447.8712158203125,269.011549647653,270.0377776763709,261.94750927042287,262.3460388183594,63.345001220703125,65.01000213623047,62.63999938964844,62.7400016784668,822.1080542643008,831.8044740647922,807.2941522951122,808.3316040039062,155.17605151635178,156.88536163468663,154.5118695957195,155.20535278320312,37.40773994431866,37.88883852947519,36.59282259015425,36.62227630615234,162.65535811810648,164.19979459850455,159.66610267866855,160.1742706298828,258.2141284901676,260.57092666886155,254.88277635947264,255.0915985107422,166.5500030517578,167.5800018310547,161.42999267578125,162.77000427246094,161.0238704490115,161.75231247938802,153.07012822191902,153.68043518066406,313.70702828407286,315.6714328125,299.63375674910543,305.40966796875,165.5371504962704,168.63047072554318,164.9872132476314,166.9610595703125,183.76704971579431,185.51599581320653,182.4186903823249,182.5164031982422,44.47350764327838,45.24704602221483,44.150386333406274,44.17975997924805,38.227660168687805,38.62759217647824,37.52534281416842,37.56435775756836,18.52241347952105,18.831120064173668,18.42594221180801,18.57064819335937,107.7834365963936,108.77319818362058,98.6656883565928,98.88563537597656
2024-08-08 00:00:00-04:00,45.06322047365328,45.62445625976485,44.72454625187712,45.33415985107422,108.36100848280054,109.61265875620724,107.6415625944891,108.17375946044922,242.2013769354783,248.3649330322774,242.04205648488448,248.05625915527344,233.34769034830327,236.93780005075217,233.01325720490527,236.59353637695312,159.92959903655023,163.09810823419537,159.6306959832372,161.44410705566406,198.97722732733428,201.3751377216436,198.30895008840693,200.539794921875,111.65579502613936,113.3039270542884,111.43281720014932,112.74162292480467,557.8430985210188,565.8296708202164,557.8430985210188,559.6914672851562,194.83589669133116,197.4150655611105,194.83589669133116,196.706298828125,110.32566357767408,111.60557142392436,109.9837063111604,111.3026885986328,19.100000381469727,20.549999237060547,18.84000015258789,20.489999771118164,28.024216491066547,28.10171165724552,27.64642778689788,27.859539031982425,400.1111878952457,403.5113802629597,397.62565473832814,400.3597412109375,311.14999870647586,315.3046082277625,310.3309364455017,311.7223815917969,73.75996684188348,74.82112175824963,73.49468186091964,74.4281005859375,139.93759328393415,144.9622720248491,137.1626237604271,144.43701171875,166.02956707777514,168.75103678681072,165.63938233976006,168.13650512695312,588.4300441332955,599.8047465109,586.1950294246142,598.7071533203125,438.1384837483888,443.696565322957,436.8504932518646,443.39935302734375,66.32055113132783,67.39215975764048,66.1518740985109,67.13418579101562,66.5375882256236,67.37909361511414,66.39081264088615,67.25189208984375,79.27437182700943,80.63090665281898,78.9620762004716,80.23077392578125,228.9948517178267,233.5512713985768,227.82122481852707,233.077880859375,195.6999969482422,200.6999969482422,192.0399932861328,198.83999633789065,520.5900268554688,531.0700073242188,519.5599975585938,530.239990234375,336.25792902210674,342.64431460243264,335.37366624627765,342.2513122558594,621.989990234375,632.2899780273438,616.02001953125,630.3499755859375,212.39614722358988,213.4824924067945,208.13048513245965,212.5954742431641,72.1693157115935,73.1351168561333,71.99192259051038,73.11540985107422,84.77436339386621,85.9491581429355,83.53983576465804,85.5807876586914,38.35427804204943,38.83989781185629,38.32571345523356,38.58280563354492,182.02459688589147,185.71534578564248,182.02459688589147,185.4134521484375,450.2606813216287,454.2730420930659,449.0559856097911,453.5860595703125,264.1195029501101,268.4734995331225,262.4855227944178,267.6565246582031,63.54999923706055,64.67500305175781,63.09999847412109,64.27999877929688,819.5044315800641,840.7127970315128,818.4569943926716,837.390869140625,154.8830151191179,156.96347926683444,154.35556258859884,156.49464416503906,37.13283372798864,37.72193060150433,36.975740978692016,37.5157470703125,161.7625449521268,164.90724730098054,161.4496741925987,163.25318908691406,256.69263268902284,258.9997212747992,256.4838105512374,258.3831481933594,165.1699981689453,166.69000244140625,162.5500030517578,165.8000030517578,158.22826145490018,163.0024657177332,155.4030982308787,162.37246704101562,306.8756333273869,317.7433261432607,305.6930954480945,317.3230895996094,166.37183687575418,168.47333394349565,165.95939520648795,167.79574584960938,183.2003553227791,188.4569889556833,182.7118210419184,188.19317626953125,44.33643148444477,45.30580301205394,44.33643148444477,44.87497329711914,37.51559073598585,38.471525801591056,37.49608140146022,38.38373565673828,18.580298136868667,18.792533483880923,18.53206157615908,18.715356826782227,101.974868133654,105.47400576569116,97.49596860854,104.9441375732422
2024-08-09 00:00:00-04:00,45.32448273688964,46.13730451936035,44.99548335609741,45.20836639404297,107.7006933813455,107.7006933813455,106.13367553748128,107.13893127441406,247.63807308131925,251.86992601059225,247.3891405560679,251.45172119140625,236.52470543026763,236.52470543026763,233.0624524696874,233.62310791015625,159.43140161323996,163.1977319936456,158.4848398346875,163.0781707763672,199.95997896392697,202.90822653503253,199.3998047275469,202.24978637695312,112.74161654815178,113.02276859699172,112.09206219217523,112.47016143798828,558.0110351369142,559.3849741722689,551.1809762974649,552.2979125976562,195.92860447149687,196.0565835471144,194.44213952501383,195.1410675048828,111.16591464836276,112.08432062737243,110.27682568379568,111.91822814941406,20.07999992370605,20.149999618530277,19.5,19.709999084472656,27.752984003175293,27.84985342810351,27.55924700094945,27.65611457824707,401.6919964430869,405.6887229670082,399.9322498333492,403.6704711914063,312.0381289214519,313.14338245490063,309.0973413931758,311.6729736328125,74.32984997005988,74.5361844066476,73.44555417307276,73.77961730957031,142.91074985260542,148.21292322396732,142.82155814383893,146.9344482421875,167.86337104814567,168.5364266487657,166.2051269632124,168.156005859375,598.6672963538512,600.0142734108127,592.5608948030089,594.8557739257812,442.84451660838334,444.013591898696,438.06910437276144,442.8841247558594,67.3227070626318,67.68983435932603,66.80675153629434,67.42192840576172,67.22253137697508,67.31059971443712,66.78221208561408,67.20296478271484,80.29908496086044,80.41619860799568,79.53786486876818,80.06486511230469,232.53543235423712,234.4783244060069,231.07580283448357,232.58474731445312,197.0500030517578,200.8800048828125,195.1100006103516,200.0,528.02001953125,537.280029296875,528.02001953125,536.2999877929688,341.8092213616853,345.3855819617308,339.3627238522364,342.5461120605469,622.989990234375,636.6199951171875,622.989990234375,633.9400024414062,211.38955402452132,216.05387055494424,211.259984607228,215.51568603515625,73.04642224429033,73.49975853828994,72.30728551124771,73.26322937011719,85.75003249562043,85.86950584691634,84.33629868610322,85.82968139648438,38.55424297803605,38.849420076114,38.1162320417552,38.80181121826172,185.78349405985676,186.0074662275601,183.17369006285884,184.95574951171875,453.5860321687565,456.79194028659606,451.47531571552247,454.7807922363281,267.4273684452725,269.40013071322824,265.7335798954854,267.1284484863281,64.80000305175781,65.5,64.47000122070312,64.72000122070312,836.4630693859497,855.6862771190881,835.5951877090582,852.8531494140625,156.39697118981408,157.18813512122998,155.63510852222842,156.88534545898438,37.46665023496276,37.751381967492335,37.2211926197585,37.584468841552734,161.06607082428397,164.92719246706665,160.35362004988897,164.7976531982422,258.24368591801004,260.5852622026408,258.08425414225394,258.8315734863281,166.39999389648438,168.5500030517578,165.85000610351562,166.94000244140625,161.5062386589255,163.29779140930592,159.4488857201508,161.90982055664062,316.4044255126544,317.6651650109167,312.0846979161741,315.1730041503906,167.05925324348215,168.17874214660318,166.59770812704772,167.47169494628906,188.4297112598708,189.85886384885296,186.32049752132025,188.69583129882807,44.747682901137615,45.1001816514066,44.2972694914405,44.52247619628906,38.11060861601958,38.40324116268002,37.74969526583919,38.120365142822266,18.70570616509137,18.90829600372148,18.58994212019101,18.80217742919922,105.6139698534446,106.5737323955936,103.40451530940656,104.72418975830078
2024-08-12 00:00:00-04:00,45.25675087705078,45.93410302227269,44.976132979687485,45.53736877441406,106.8334156747688,106.8334156747688,105.56205772191431,106.2420883178711,251.5214235255283,253.0050516163192,247.9567080266622,250.23692321777344,234.4394779996484,234.4394779996484,231.04606897847327,232.86572265625,163.75571936475353,164.30371841151174,161.25478575040617,161.70315551757812,202.84927793581176,203.5666806953696,200.14671747640375,202.6330718994141,112.55741117202967,113.20696552498082,112.18900886660896,112.54771423339844,555.8167574792915,562.4194958145423,554.5614257667427,558.7523803710938,195.36750116469287,195.40687125494185,193.4675676030224,193.7235107421875,112.07453162459,112.07453162459,110.51129318837374,110.87279510498048,19.8700008392334,19.96999931335449,19.0,19.36000061035156,27.685176934076942,27.71423831686707,27.433317159454496,27.55924797058105,404.7044554196647,406.39463013243375,401.9007666876047,404.4559020996094,311.3177716717342,313.29144758682656,308.6236932059075,309.82763671875,75.1944859186788,77.06133081952856,74.95867621953356,75.68576049804688,146.7560942832364,149.778828817901,145.06137586466443,147.291259765625,168.00969107721662,168.6242077907465,166.5172699551772,167.20982360839844,594.9356237648117,598.1983800752878,590.2760136113203,597.7393798828125,442.8841321344135,444.2513691257933,440.9819130261502,442.6463623046875,67.80889665848854,68.68206264261536,67.54099827615167,68.16609954833984,66.97791083942889,67.06597918076977,66.37124934152897,66.70393371582031,80.05510184732523,80.08437839697346,78.86447252353327,79.2353286743164,231.51961117856987,231.51961117856987,226.22351242857167,227.8902587890625,199.0200042724609,199.25999450683597,194.6699981689453,197.4900054931641,536.0399780273438,538.0800170898438,525.77001953125,530.9299926757812,344.6388284778495,345.3560794941394,336.1498639079343,339.7655334472656,631.0,639.0,627.0700073242188,633.1400146484375,215.59550663031672,219.02793942662467,215.12653755613,217.0522918701172,73.627877094678,73.91367755013843,72.97744064205858,73.55889129638672,85.48122435548399,85.99892700391257,85.10290348146837,85.5708236694336,38.99224565281347,39.0398545050136,38.38284362707756,38.592323303222656,185.10183139365623,185.57900370691328,182.78415852806992,185.1992034912109,455.7664396107433,456.4534220770252,451.9034469623305,453.695556640625,267.2579724598313,267.2978345347872,263.31247840311846,266.2218017578125,64.94999694824219,65.12999725341797,63.28499984741211,63.459999084472656,855.1675741979969,868.1359946874387,850.3293801393843,861.4722290039062,157.22721950981432,157.94024179735,155.0197730929501,156.16256713867188,37.800476832184096,38.02629741316376,37.31937820634992,37.476470947265625,165.40048221300762,166.10295907223568,162.96424691360264,163.36280822753906,259.5688951695593,260.66496952260854,258.3133890552939,258.9610900878906,168.13999938964844,168.5500030517578,166.11000061035156,166.8000030517578,158.05107251562748,160.83685248212353,154.9601390404246,160.34466552734375,316.5510086681461,316.5510086681461,310.7164611418266,312.739501953125,166.35222085100804,166.59772295674108,163.20979689447694,163.80882263183594,188.49872231395017,188.82397681598977,186.2810902867272,186.75418090820312,44.58121870765794,44.78684544669035,43.572683630135934,43.9251823425293,38.04232997320504,38.1398729206238,37.52534565404075,37.58386993408203,18.850415611286337,18.86970839374712,18.618883821392185,18.74429702758789,106.29380933051289,111.04263923804828,106.23382655143304,108.9931411743164
2024-08-13 00:00:00-04:00,45.94377935275963,47.569423078069775,45.94377935275963,47.47266006469727,106.24209177859356,106.9911029461324,106.04497764045,106.67572784423828,251.9197042503937,254.6878325914883,251.9197042503937,253.51287841796875,234.1247381127542,235.0788249208491,231.37067356387547,233.3772125244141,162.81910303734423,164.13432193027123,162.38069167183113,163.56639099121094,204.14650606544492,204.50029641010516,201.85669841744507,204.35289001464844,112.58650206653056,114.46730886963267,112.33444081815824,114.31219482421876,563.3980284088323,569.0716353783214,562.419487459435,567.598876953125,194.186184025266,194.3338556578453,192.56190121402332,193.66444396972656,110.96073398787728,112.23086952716709,110.24750242569866,111.76189422607422,19.479999542236328,20.479999542236328,19.46999931335449,20.46999931335449,27.65611376440676,28.04359145271728,27.42362825999877,27.94672203063965,407.2198216789193,412.54882074125726,407.1999483356839,411.6142578125,311.94933368302094,315.9657714158025,310.9822517545303,315.126953125,89.43161875306387,94.3345443221601,88.7143620841513,94.2264633178711,150.1950552772259,154.9818739997343,148.47060647507575,154.7638397216797,167.4049254877039,168.18528007970824,166.0393161147158,168.13650512695312,598.6473350092886,604.2249455772982,598.1285314189441,602.8679809570312,444.3603751899356,446.1040710316344,441.6259011575235,445.5393676757813,67.89820414303367,68.07680559579019,66.6182283266292,67.60053253173828,66.61586877943243,67.13446936969851,66.54737450270514,66.9876937866211,79.4500335063579,80.38692032611522,79.1572531176836,80.28932189941406,225.6514833041598,233.5315231814522,224.49758549487552,232.93978881835935,198.47000122070312,208.4900054931641,197.05999755859372,207.8300018310547,530.9299926757812,537.719970703125,527.9000244140625,535.219970703125,335.8943973781251,347.2130567325591,333.43809525907704,343.9510803222656,638.5599975585938,650.969970703125,635.5,648.02001953125,218.52904142421028,221.4027217224782,218.52904142421028,220.7840881347656,74.1600576267121,77.90502035495184,73.98266449708204,77.36298370361328,86.0785806788713,86.0785806788713,84.93365238631513,85.22237396240234,38.70658956532924,38.84941612435779,38.42092918262684,38.83037185668945,185.569259189846,186.9131219473124,184.42017034906323,186.22171020507807,456.1348865295454,457.6283215230361,452.89911071031554,457.3495178222656,267.07864302358547,269.2606279732096,266.15205500548615,267.72625732421875,64.0,65.63999938964844,63.720001220703125,65.11000061035156,862.818909970261,865.9413114114939,854.0801801147264,862.7191772460938,156.5434911026699,156.64115701328652,152.8025424436578,154.7071990966797,37.67283505677749,37.78083701052464,37.427377432947125,37.76119995117188,164.59338172697963,165.9435244900484,164.1798747537791,165.33570861816406,259.2002258300781,260.7446735232704,258.3432839036782,259.2002258300781,167.80999755859375,171.0399932861328,167.10000610351562,170.22999572753906,161.73262735190076,166.91042842095584,160.7285618142799,166.82183837890625,314.47911417371864,316.6487456610695,311.9283469275272,316.1112365722656,164.3292700392365,164.7810004632668,163.46511289974498,164.28016662597656,187.5525201842653,188.55785088292745,186.48807007895147,188.24246215820312,44.04268434031449,44.44414041063287,43.95455965486876,44.42455673217773,37.94478664011,38.29594347986328,37.73018769274003,38.15938186645508,18.73464827233936,18.869706939337377,18.6767662493454,18.83111953735352,112.41229629244808,116.201363320323,111.55250759337808,116.11138153076172
2024-08-14 00:00:00-04:00,47.47265961968611,47.69521750137449,46.55339623617509,46.84368896484375,106.50818264529867,108.58768973351586,106.15338472850382,108.3018798828125,254.2995058273373,256.6095917240916,252.7760400126168,254.2298126220703,234.0657117350848,238.27549009102265,233.4165365191881,237.26239013671875,161.8127429859203,162.62978510037354,157.1397151588883,159.7900848388672,204.15633186390224,207.1242237624168,203.5470171400654,206.6132049560547,113.74018903811208,114.47700106393104,113.51720382361262,113.62384796142578,568.5873049109184,574.3993071811695,566.640117038276,572.966064453125,192.94581539305972,194.70791597541177,192.52252311019416,194.52088928222656,111.04866855217378,111.31246203061862,108.94806324563368,110.9705047607422,20.489999771118164,20.5,19.790000915527344,19.920000076293945,27.89828722397267,28.26639066926905,27.77235826487481,27.97578239440918,412.3996465083127,415.30276256625774,410.0632696291805,414.4477233886719,315.7881370269181,317.83089876612786,313.8341870873388,315.620361328125,93.72536395007066,94.18716325554544,89.83447016865794,92.26136779785156,156.60720276746787,158.81726088435755,153.3367038870298,156.2801513671875,167.99994232701408,170.05812028464348,167.70730749775373,169.443603515625,600.752707644282,602.1295864595752,594.4766395656917,600.7626342773438,447.4812156451106,447.8081491599376,444.994428654684,447.0056457519531,67.39215690835319,68.25539841584725,67.32270121718257,68.12641143798828,66.76264640374423,67.40844853758712,66.66479103515657,67.10511779785156,79.45979147453866,79.88920074779708,78.83520022928003,79.77208709716797,232.58475229248677,236.3521775623797,232.55516632548648,234.36984252929688,207.38999938964844,208.44000244140625,198.75,201.3800048828125,536.6199951171875,542.9199829101562,533.2000122070312,539.7899780273438,343.4401415569642,353.40291709083624,343.2927694304007,349.443359375,648.7000122070312,663.5700073242188,648.7000122070312,661.6799926757812,220.08562480803565,222.54021400164925,219.21752501736543,221.23309326171875,76.87022556754799,77.94443408500251,76.29862464982023,77.3826904296875,85.63056706532836,86.15822774301606,85.18254769306988,85.9192886352539,38.65898070380169,39.1350765431703,38.55424267029191,38.94464111328125,185.99773798334783,188.286197771311,185.4816197944308,187.9453582763672,457.2499717078873,458.524368331095,454.0739309138598,458.1460266113281,267.49713174087674,268.0550792027954,264.8368929729897,267.0985717773437,65.05999755859375,66.38999938964844,64.66000366210938,66.13999938964844,862.7690449655463,864.6245120235751,856.4145238991214,860.6143188476562,154.16022438887697,155.84023307579676,153.74021476514704,154.79510498046875,37.82011139511084,38.21284134876871,37.73174650009524,38.10484313964844,163.62189205481303,164.36920594570728,158.95864546948013,161.44969177246094,259.937610594011,260.56536375445893,257.8152186357364,260.2066650390625,172.11000061035156,172.27999877929688,168.86000061035156,170.10000610351562,167.97357171964103,168.5838787675502,162.14607968630594,164.53810119628906,313.1597292568261,317.0005539937734,312.3094735330155,315.4075622558594,163.50439350065994,166.4209595564394,162.83663500193018,165.7630157470703,188.4001476234364,190.31224157070957,187.98619146566787,189.55332946777344,44.199347706988654,44.78684682411432,44.10143305506998,44.49309539794922,37.8277303101164,38.1593815345192,37.81797750396845,38.05208206176758,18.792530804465198,18.96617871818792,18.73464877990308,18.937236785888672,118.5007970340635,118.57077948335262,114.04189674110648,118.05091094970705
2024-08-15 00:00:00-04:00,47.704893073189645,47.92745095836337,46.9017497215864,47.52104187011719,108.87349926112152,109.72107122437887,108.17376101594584,109.33670806884766,256.79877319623495,261.76748679705673,255.14585767076176,261.6679077148437,239.9279245861377,241.24595111410156,238.7672916085303,239.7115478515625,159.91965599708712,161.0555333193891,159.0328747121638,160.71676635742188,209.32558764369173,210.200233865479,207.45837009016583,207.90060424804688,113.61416308626558,114.3509677457543,113.0518589540788,114.29280090332033,572.9661030035916,576.5937029124927,566.8773699118594,572.9067993164062,195.84984761021136,197.10990073769025,195.01310179486416,195.36749267578125,111.54693761647724,111.8693576414606,109.98369917519128,110.70669555664062,20.31999969482422,21.059999465942383,20.229999542236328,20.690000534057617,28.02421883871742,28.10171401138833,27.627055847825154,27.81110572814941,418.1229861127925,419.42775054091777,415.991550712489,419.34808349609375,318.03812237123213,320.92955023736255,317.70260109369275,320.8506164550781,92.47754162058688,93.30287942372718,91.35743603275014,93.22427368164062,159.75876850572988,165.17986450627728,158.90645683684036,164.6446990966797,169.44359700686826,170.0191027224241,167.6097660390361,168.28282165527344,604.175073455386,607.268163554692,598.6473396075064,602.34912109375,447.8676139442915,452.5538627919461,447.2137468820411,451.9197998046875,73.54398729380168,73.86150014617753,72.21439702003165,72.61128997802734,67.14426087644362,67.43780459685541,67.02683890908885,67.17361450195312,80.5723465286844,82.00695713012031,80.19173646451345,81.6361083984375,238.94598253479964,239.5969038832967,234.98129756073251,236.75653076171875,205.0200042724609,215.8800048828125,204.82000732421875,214.13999938964844,545.1900024414062,557.219970703125,545.010009765625,554.1599731445312,356.1245462217198,359.02299510806466,351.880078373621,353.7763366699219,668.489990234375,673.1900024414062,659.7999877929688,663.219970703125,224.10676986474732,224.8551228159093,222.27079905335071,224.22650146484372,80.91083070133023,81.85692479196146,79.50154306740416,81.30503845214844,86.86509303281362,88.53768194747549,86.825268582972,88.39830017089844,38.88751180993951,38.96368526229622,38.087670582415846,38.12575912475586,189.3963490427247,189.88325413731417,186.2801445500204,188.3348846435547,463.06438395436703,466.9473085886432,461.969192292389,466.6585693359375,269.0115547105204,269.7090042369271,266.0026216002368,268.343994140625,67.16000366210938,68.12000274658203,67.05000305175781,67.94000244140625,870.7495914079323,878.1914912566176,866.888997406658,875.2186889648438,154.68765480635153,155.79138537799577,154.1699792949076,155.3909149169922,38.713576436221096,38.95903405818781,38.261935310695,38.32084274291992,161.62904857869057,162.93435435683165,160.9116260556583,162.58560180664062,261.9005371069329,266.43429245612526,261.9005371069329,265.84637451171875,174.86000061035156,177.91000366210938,173.99000549316406,177.58999633789062,169.06621206759502,171.91105194931566,167.94402645730543,170.63136291503906,316.53148354880966,319.7370623557656,314.6354978701358,318.0072326660156,166.41113542270736,166.62716346619132,163.74988629966637,164.89883422851562,190.7261936894972,191.4555535935177,190.49950664012715,191.1598663330078,47.73412017263529,49.23223597971104,47.1564147739583,47.51870346069336,38.315452269338536,38.56906988008844,37.96429171354625,38.549560546875,18.860061287285628,18.88900322134577,18.30053010904493,18.416296005249023,118.730746337619,123.2096384456698,117.4410632059104,122.8297348022461
2024-08-16 00:00:00-04:00,47.52103968213063,48.43062452199664,47.42427298133284,47.7629508972168,109.7506414376795,109.98717088584772,108.9720575050262,109.39584350585938,260.63236394280466,262.47447077783005,258.5711952616583,261.78741455078125,239.99677838806832,241.37380308036015,239.40661637226123,240.51808166503903,160.8861402886848,164.4631555242534,160.5473733468258,162.37075805664062,208.03818732080828,210.39677947937665,207.9399063993833,210.2788543701172,114.50608838340382,114.78724044752236,113.65294264844223,114.45761108398438,574.2016653782213,574.9232639798707,567.4605311796001,570.9991455078125,195.57533385582803,197.57474180814745,194.82308838714115,196.4760589599609,110.99981441614456,111.1072877659297,110.03256172218776,111.05843353271484,20.530000686645508,20.899999618530277,20.40999984741211,20.8700008392334,27.752984405383145,27.752984405383145,26.978032689987664,27.413942337036133,418.919805326896,419.6568394696199,415.6329698343419,416.7983093261719,320.633541907204,323.3966762928419,319.01511311282604,322.6170959472656,92.28520938528058,94.54884705237902,92.22590253843792,93.71851348876952,162.99954849371204,164.60505995904754,161.2255436146665,164.23837280273438,168.28282081878933,168.53642972166557,166.90744759975178,168.38035583496094,600.4532896988408,605.2326891868352,598.2582250308327,602.638427734375,451.9197740077825,453.1680958360498,448.1251925150315,452.5934753417969,72.34062906362462,73.24613442993241,72.16151852917258,73.08692169189453,67.35952312509801,67.80963693289584,67.16382731195553,67.69221496582031,82.00694803380165,82.69985364929882,81.7824895314776,82.56322479248047,237.12143442940143,238.82763872650813,235.8491927468731,237.8315277099609,211.1499938964844,219.8000030517578,210.8000030517578,216.1199951171875,552.3499755859375,554.760009765625,547.7999877929688,553.4600219726562,353.678041312711,357.3428549784214,353.678041312711,355.73150634765625,669.4299926757812,680.22998046875,665.3599853515625,674.0700073242188,223.42826155403992,226.33187474025672,223.15885022096825,225.5535888671875,81.67954618452704,82.7241980375356,81.24592434862403,82.02448272705078,88.56754761291153,89.27441450102204,87.95028003935975,88.90605163574219,38.18288680734712,38.67802694136415,38.14480189882517,38.66850662231445,188.8023118398424,189.16261683125543,187.23447694381144,188.82177734375,465.9516969902879,468.2018153353896,464.0002838608432,466.8278503417969,267.89562331952675,268.7225712743248,265.76344335915394,268.3340148925781,67.37000274658203,68.55000305175781,67.37000274658203,67.95999908447266,875.2186859147134,875.2186859147134,866.5099126240802,868.4751586914062,155.43977280905045,156.22117467588916,154.50208758804382,155.6839599609375,38.29139108937533,38.70375811870627,38.28157443193776,38.62521362304688,162.82474029317686,166.35205486717328,162.495920384765,164.1499786376953,265.8962119859804,267.4805252467892,264.4414389353604,266.42431640625,177.0399932861328,178.33999633789062,176.25999450683594,177.05999755859375,169.59776842146815,170.67074736136158,167.9637192034089,169.48948669433594,318.5091163225516,319.66054518082734,315.4091571341959,316.334228515625,164.80065197148704,165.32111520924315,163.798999237731,164.869384765625,190.7951897473565,191.5541168569795,190.0855463532921,190.9923095703125,47.62641300224917,48.69369914721392,47.48933099494803,48.429325103759766,38.66661550521999,38.85195232308147,38.53005388428527,38.6471061706543,18.445239173951254,18.67676914182053,18.40664992595474,18.657474517822266,121.9099523420536,124.9691958147952,121.15013749579563,124.54930114746094
2024-08-19 00:00:00-04:00,47.78230456600463,48.37256852547805,47.608128194642894,47.704891204833984,109.39584209594398,110.62777725468209,109.23815078644046,110.2828369140625,261.9765932950763,264.2568237143003,260.51286884427606,264.2468566894531,240.98036957186596,242.6131381269099,240.16398529434397,242.03282165527344,164.68236373765842,166.0872689752546,163.66604769305533,166.0673370361328,210.3083538914445,211.81195914719143,210.1314662122105,211.73333740234372,114.535162467342,115.21380022430635,114.3509576204816,114.83570098876952,571.3945092304833,576.5541108598993,570.3961802495705,572.08642578125,196.43648611822312,197.3965819939484,195.8227974379175,197.01055908203125,111.04866509729816,111.96706352866372,110.70670038395129,111.79119873046876,20.88999938964844,21.86000061035156,20.84000015258789,21.520000457763672,27.46237718493463,27.9854691158888,27.3945691427397,27.898286819458008,417.2863286855389,420.0651916950313,414.7963156938672,419.8460693359375,323.24862175597326,326.08084172480903,322.69599493843964,325.1038818359375,93.26380662076996,93.79759084732292,91.06936286990631,91.23741149902344,163.3860610743151,166.32950884236104,158.98575470905988,166.21058654785156,168.4193899128907,169.70696233055713,168.2047920292753,169.5509033203125,602.8479673453879,609.5231098618823,602.6085101806035,606.2503662109375,452.9798688455891,454.5056291783406,451.9395955758936,454.3371887207031,73.02722024397015,73.61430772212901,72.97746436573118,73.3555908203125,67.85855133650963,67.92704561176967,67.36930438027623,67.49651336669922,82.64130997038437,83.2366246768146,82.45588188112133,82.77793884277344,238.926250624286,240.18863531872813,236.84528576802688,239.8631896972656,217.07000732421875,222.97999572753903,214.08999633789065,222.72000122070312,550.5900268554688,563.77001953125,550.5900268554688,563.1199951171875,356.1638023639082,358.31552538933573,355.7708000270965,356.7238464355469,674.0700073242188,688.8400268554688,672.9099731445312,688.530029296875,225.22429606357244,225.49370737790127,222.55017371179116,225.3939208984375,82.02447445421137,82.77346096745187,81.71895947647228,82.07374572753906,89.01556628692052,90.548765804071,89.01556628692052,90.41934204101562,38.687548070365445,38.90655171576315,38.62089494491061,38.79228973388672,188.33488201851597,192.01588329357315,188.2862033970669,191.7140045166016,466.9473359072451,468.092296645567,463.4825558241025,464.9361877441406,269.011546325645,271.27322504679347,268.2244299542379,270.2768859863281,68.22000122070312,69.45999908447266,68.16999816894531,69.43000030517578,868.475161554544,871.5077547694648,866.589738190494,870.2308349609375,155.75233526703286,156.56302347365394,155.43000644685796,155.9183807373047,38.76266848481932,39.01794651746632,38.73321476773936,38.949214935302734,166.40188000248637,167.8666163302166,165.49513557024594,167.79685974121094,266.46419477694803,267.35099790642954,264.2820198917218,265.517578125,177.63999938964844,178.3000030517578,176.16000366210938,178.22000122070312,168.8890341786688,171.5960623547163,166.10325428960294,171.5369873046875,316.3538938256884,322.9671539799614,316.3047000430411,322.760498046875,165.1541594001574,166.19510085236536,165.1443447108543,165.3898468017578,191.0514538615852,192.7171442740915,190.93318496957076,191.92864990234372,48.30203908091563,48.94828552810365,48.27266169567658,48.93849182128906,38.50078703734768,39.32016038383651,38.50078703734768,39.27138519287109,18.667118763470025,18.821472050028053,18.65747145305561,18.80217742919922,124.24936523467588,129.96795654296875,123.38957660426745,129.96795654296875
2024-08-20 00:00:00-04:00,47.67586632978454,48.00486575491713,47.346866904651954,47.39524841308594,110.20399514239826,110.47008983764204,108.73553048679835,109.1691665649414,263.81869062277724,264.36632999894056,259.91541543092524,260.7219543457031,242.0328115949192,243.18361395994543,241.2852710782424,242.45574951171875,166.2964836667436,168.0301973015893,166.21678632585224,166.57546997070312,211.2910971739161,212.27384646309716,209.99386091432643,210.8193817138672,114.84540344113096,115.46587439060175,114.48669066860056,115.34954071044922,573.144018179265,577.0582425494443,568.8443500042572,573.934814453125,196.97097764240849,198.46557610595693,195.9118802115748,198.0300750732422,112.12340020650564,112.6509946439097,111.91822583431126,112.49466705322266,21.209999084472656,21.229999542236328,20.81999969482422,20.989999771118164,27.89828781481645,28.27607839537226,27.89828781481645,27.99515724182129,420.015435317403,424.15879050030776,419.9556774327427,423.10302734375,325.5874258712809,326.21901659213256,323.7321657736581,326.0216369628906,91.22751960873354,92.73990439858092,91.06935797607832,91.9392318725586,165.55648001045833,166.86467058814162,162.6823986038485,164.46630859375,169.26800966718375,171.70660833683604,168.263308206009,171.53103637695312,608.5651938374314,613.4343589749079,606.9787597399346,613.1749267578125,454.3768389984682,456.7051028254078,452.3656217852458,453.8319396972656,73.38544347569581,74.38050033638321,73.35559298454422,74.17153930664062,67.50628929805143,67.89768833503885,67.29101945444256,67.88790130615234,81.97767423556601,85.58859262241823,81.2750072650897,83.32444763183594,236.6973512258554,242.48656912563453,235.36592260568503,237.02281188964844,224.8800048828125,228.22000122070312,219.55999755859372,221.1000061035156,564.47998046875,568.1799926757812,559.6099853515625,562.25,354.3461499116275,361.2139912624522,354.19877777623594,360.8504333496094,688.8599853515625,711.3300170898438,688.25,698.5399780273438,225.27420804373648,226.6711275207631,224.95490346311303,226.0125732421875,82.28070749690167,82.68477256167417,81.57113495702987,82.34969329833984,89.99124261640725,90.27000617709037,88.91600522885466,89.34410858154297,38.71611096260168,39.001767720946965,38.68754637646397,38.89702606201172,191.95746023386624,192.30803249724644,189.0457772705348,191.0128631591797,466.081145623122,467.6144140301882,463.4726174087184,467.0668029785156,270.8448000377616,272.6980064567253,270.0875726401361,270.6654663085937,70.0,72.55999755859375,69.43000030517578,71.88999938964844,869.8817237325401,874.6301704067438,869.0537229334108,874.071533203125,156.27976707100805,157.1881360631883,155.9574382629441,156.43605041503906,38.409209833463045,38.52703219542391,37.64338320764889,37.98702239990234,168.1356603745316,169.79967741743286,168.05594507135712,168.35487365722656,266.04567890622195,267.0819702148437,264.8300382581756,267.0819702148437,177.9199981689453,179.00999450683594,177.42999267578125,178.8800048828125,171.1432475941607,172.68870681325322,168.47558770468066,169.42059326171875,322.9081056796226,325.2503063368632,321.4319318233283,323.3312683105469,165.733561997847,167.49135044219696,165.08543285709982,167.34405517578125,191.790658859276,193.38736405077967,190.96274656103185,193.2099456787109,48.93849299697313,49.32036539741213,48.56641056837918,49.19307708740234,39.06654455034724,39.290896299023935,38.98851093912373,39.04703521728516,18.77323549795597,18.889001382892648,18.70570616509137,18.80217742919922,128.36836140301477,129.8480077753235,125.85898525590324,127.2186508178711
2024-08-21 00:00:00-04:00,47.20171439152318,47.57909529073852,46.60177562075194,46.87271499633789,109.36626876542928,109.83932762067693,109.08045892744698,109.78019714355467,259.9851257159699,261.02069349067915,258.0733106232197,259.97515869140625,243.6655815167552,244.22623694209707,240.9803758171568,241.69839477539065,164.5528089649255,166.2466739015297,164.07454890935912,165.2502899169922,210.73091442656337,211.2910886967928,209.1683467183921,210.8979949951172,115.5337412267545,116.42566731564584,115.33014988450304,116.33841705322266,574.7848010639033,576.6430635433438,570.7519696905133,571.3845825195312,198.7922144078884,199.722632503304,197.8519037104909,199.3663024902344,112.14293075942862,113.92111600014556,111.91821917881629,113.3642120361328,21.06999969482422,21.440000534057617,21.06999969482422,21.40999984741211,28.072650486613004,28.25670220052334,28.024216700251056,28.12108612060547,422.38589043229285,424.69662989295495,420.03533264675815,422.4456787109375,326.48545465975354,329.2683448289672,326.1894153293706,329.2091369628906,91.42522121960722,92.3049746303898,91.15833287069349,91.71188354492188,163.64371823176765,164.981654429368,161.42375492268556,164.29782104492188,171.61882017499755,172.47721165868992,170.331232949459,170.90675354003906,613.633986110868,616.7470512172196,607.64731307564,608.814697265625,455.6945405054775,457.8543638217736,454.1489760924189,457.4778747558594,74.92777344542979,75.20638811010295,74.22127649927684,74.8680648803711,67.98576115164069,68.62177623024388,67.83898556991834,68.07382202148438,83.86120997431314,85.46172589057771,83.80265687479833,85.43244934082031,238.17673634282636,239.36022022172355,236.5494478904444,239.0347595214844,222.6699981689453,224.66000366210935,218.8600006103516,223.2700042724609,562.1300048828125,566.5999755859375,557.9099731445312,565.7899780273438,362.9923544670304,366.35255911658106,362.0785872522189,363.9846801757813,697.0,701.0,691.3800048828125,697.1199951171875,226.0225636042008,227.47934890039068,224.55579052395228,225.9028167724609,82.45808798581129,83.01983157391078,82.01460897584911,82.78330993652344,89.8219918430711,90.3795189485862,89.0354760502268,90.31978607177734,38.95415713974286,39.10650764626139,38.7827623658692,39.08746337890625,191.29527995885547,192.1717032038643,190.5454419368677,191.38291931152344,466.4893663003045,467.0369469814329,462.4869410443024,465.9517211914063,271.01415496134587,272.7477749241423,268.7325303579313,270.10748291015625,72.06500244140625,72.7699966430664,70.87000274658203,71.45999908447266,878.6004677784676,888.9552572131508,875.0889991940531,879.27880859375,156.67044868095553,157.72533881740273,156.58254489558465,157.67649841308594,38.16375138383817,38.28157374328716,37.69247318220084,38.04593276977539,166.39192535734017,168.03600974702022,165.97343142549687,167.02963256835938,267.6000927111565,268.30754646797146,266.43429163104605,267.24139404296875,179.9199981689453,182.38999938964844,178.88999938964844,180.11000061035156,170.286859105828,172.1374719624138,169.39107518493825,171.4976348876953,324.31536274115734,325.73249195199566,322.7014283822111,323.9217224121094,167.1280003109657,168.79741147741936,166.54861899168753,167.09854125976562,193.1508036369968,194.4912394649293,191.3274114677792,194.3729705810547,49.24203501625032,49.49661537457263,48.98745092272314,49.39870071411133,39.24212735519984,39.31040816480395,38.8226859699031,38.95924758911133,18.831121560388752,18.898650901142467,18.734650285010645,18.85041618347168,127.288628455805,129.31813467743694,126.62879504399294,128.4683380126953
2024-08-22 00:00:00-04:00,46.99850597191276,47.03721264844366,45.372862470333054,46.07924270629883,110.17442481187982,110.52922273524132,109.44512131125248,110.47994232177734,260.3834180466885,262.13591272572864,256.1714688344699,257.48583984375,241.993459584013,242.94754629036316,238.84596401027983,240.3115234375,166.65518277106003,166.98399131629145,162.71946900223335,163.20770263671875,210.8783358916433,213.06004042656957,210.64247067321008,212.8929748535156,116.3481058837942,116.54200027339768,115.4658693989256,116.43535614013672,572.5509991406648,576.2082208687069,564.020799886037,572.027099609375,198.70313095272127,199.31680453160328,197.28771863931064,198.09934997558597,113.62801242258554,114.03836114060871,112.57282361557507,113.8722686767578,21.38999938964844,21.399999618530277,20.040000915527344,20.100000381469727,28.111399382884542,28.21795408388171,27.64642837590452,27.87891387939453,422.6647570977568,425.0850728631847,412.95370628251766,413.8899536132813,329.4953338428488,329.67295744401656,325.3111205035059,326.2190246582031,91.60314831443708,91.76130995769448,90.71350792501995,91.36591339111328,169.31258527230187,170.87846094828672,160.04618890068184,160.88858032226562,171.51152255176265,171.7553824174933,170.4092711957721,171.42373657226562,611.8079947217385,612.3368467045539,600.6628228512817,602.5186767578125,457.5670344943893,460.3609509997306,455.65489818688974,457.438232421875,74.9974293760452,75.8432260883922,74.77851567814072,75.20639038085938,68.41629712123712,68.41629712123712,67.3106016140773,67.8389892578125,85.79353748804702,87.09151158252652,85.44220402685609,85.71546173095703,239.65608291749624,239.9716866287192,236.3916341547018,237.0030975341797,223.82000732421875,224.8000030517578,210.32000732421875,210.66000366210935,567.0700073242188,572.0,555.6500244140625,557.4400024414062,365.0065085403449,365.9497201937679,358.23692525469755,358.97381591796875,691.0,701.5,686.239990234375,688.9600219726562,227.28974628083645,227.8385414771675,223.4082896744648,224.0369110107422,83.22679583639176,83.45346775019809,82.00475850335599,82.20186614990234,90.58859481291708,90.97687371736372,89.30428474600222,89.5233154296875,39.13507649542258,39.19220930371339,38.66850460751148,38.91607284545898,191.85034977480052,192.36646801257243,190.2338360715424,191.22711181640625,467.4351780439952,468.8489765130244,464.65741088585145,466.7681274414063,271.2334036616556,271.2334036616556,266.2716240062815,266.8494873046875,71.73999786376953,73.25,70.91999816894531,71.5199966430664,880.1566984730956,881.8525809985476,871.0588577120255,875.42822265625,158.2332510947135,158.7118632072914,157.05137889606144,158.5751190185547,38.07538983271901,38.576125540912514,37.86920630364476,38.52703475952149,168.43456638911738,168.81321026159983,164.43893391865004,164.8972930908203,267.97875611867374,268.5367521319821,265.6172318465469,266.9823303222656,181.3800048828125,181.47000122070312,175.67999267578125,176.1300048828125,171.57636091892178,171.86182271957827,165.74886966998187,166.3591766357422,324.2661791452276,324.2661791452276,317.98751508975715,319.3751220703125,167.80559148309234,168.15911508812587,166.09689156138728,167.08871459960938,194.4123963640852,195.0727560577947,192.75657176599773,193.14096069335935,49.66307318867343,49.86869621017807,49.13432507462886,49.17349243164063,39.11531986910335,39.11531986910335,38.21791278614524,38.442264556884766,18.869708792543456,18.88900341544849,18.715355489376204,18.821474075317383,129.98796994394152,130.717785815134,123.0696690966232,123.70951080322266
2024-08-23 00:00:00-04:00,46.12762444146304,46.67918535666046,45.84701026336312,46.55339050292969,110.7756143874498,111.15011998034544,110.27298272185472,111.0614242553711,260.8713145100822,264.46591590818326,259.5868445828867,262.87274169921875,240.9803798001207,242.93773604316968,240.0262930141141,242.80003356933597,164.12439379448475,165.57910609860116,163.23761253403663,165.02113342285156,213.846232294366,215.40879992617937,212.76520217423945,214.54397583007807,116.43536364355953,116.60017462500304,115.92153682106066,116.4838409423828,574.280766413007,578.4420997091734,571.7602690909935,577.7501831054688,199.63354316252256,200.7124257463556,198.79220383930107,200.4154815673828,114.1165291730088,114.12629405658,113.2567423557314,113.9211196899414,20.31999969482422,20.93000030517578,20.26000022888184,20.540000915527344,27.917662069743542,28.03390575167548,27.743297470660963,27.99515724182129,415.3142739439322,417.5851646645135,410.44379375355777,415.1250305175781,327.29465881892423,329.367024414952,325.3308610512672,328.8834533691406,91.78107805510956,93.333003385268,91.7613116201254,92.93760681152344,163.55453926778063,166.7754824693325,161.9985838002003,164.87265014648438,172.29188064221847,172.34064070914738,169.40457322361692,171.550537109375,605.4222622207342,606.3501891971777,599.2260339462547,604.773681640625,460.202420942867,462.12447437703327,457.269815488406,461.4309387207031,75.22628625195566,75.43524725142706,74.63920643320462,75.32579040527344,67.90748097792883,68.34780026511915,67.45737466104289,68.28909301757812,86.13511651751638,86.36933636183313,85.59835495167113,86.22294616699219,238.32465363083628,247.77282526682205,237.52580243087985,246.62879943847656,214.4600067138672,221.47999572753903,214.2100067138672,220.32000732421875,565.4500122070312,566.52001953125,552.5,558.2999877929688,360.25109010563045,369.7422448946493,358.8067832902546,369.0249938964844,694.1300048828125,696.0700073242188,678.6300048828125,686.72998046875,225.16444130741013,227.7188169640382,223.8373602369176,226.3418426513672,82.13287307650344,83.0198386913563,82.01461600711502,82.83259582519531,89.75230460898496,90.34965618860512,89.28437679963231,90.16049194335938,39.03033887171233,39.25886284262821,38.96368211184525,39.23981857299805,192.08404418073977,192.79492140041208,191.0907537080608,192.37619018554688,468.2416203614733,468.28145380053087,459.8783908160629,464.3985290527344,268.26426980967057,269.738862443125,265.3450039017183,268.4934387207031,72.0,72.06999969482422,70.83999633789062,71.69999694824219,880.346219214937,882.4111980155908,869.5524961753996,877.07421875,158.7216311387502,160.4016397498926,157.94022935849804,160.31373596191406,38.55648238641854,39.4401275479793,38.55648238641854,39.04739761352539,165.9535147861683,167.34849469336507,165.06670287284877,166.83035278320312,267.73963715686864,268.24779366087506,264.3617389406609,266.484130859375,177.33999633789062,178.97000122070312,175.24000549316406,177.0399932861328,169.07606332353518,171.89137340601135,167.96373097993626,170.78887939453125,321.0874586775625,326.0277393287911,320.2116112123854,323.5772705078125,166.99051487479562,167.04943297547777,165.2228969330438,166.1263427734375,193.95900707127464,194.5405308649471,191.5935390646652,193.2789459228516,49.45744490620511,49.71202898372293,49.27140556894565,49.682655334472656,38.656860517137126,38.95924588327968,38.52029890390825,38.842193603515625,18.85041518293824,19.06265050547592,18.821473249850012,19.03370857238769,125.82898983127043,129.56807382051312,125.18914813175064,129.33811950683594
2024-08-26 00:00:00-04:00,46.611449241239015,46.92109897983284,46.42759805416423,46.6791877746582,111.11068900001352,111.6231782149406,110.4405160014332,111.0712661743164,262.81297279057645,266.1586109303388,262.1159496511589,264.1472473144531,243.69508392404552,245.45572443200072,242.94755837822908,243.77377319335935,165.77837928622512,166.9441467734434,163.8653237787171,165.55917358398438,215.23190142321664,215.8903416016062,214.28847056887705,215.3891448974609,116.36749504557858,117.88958896848987,116.36749504557858,117.5502700805664,581.2491870536851,585.2425030463554,578.9659046271895,580.33984375,201.5141714724677,202.73164113831797,200.84111207302652,201.7715301513672,114.04813190876573,115.19124937357786,113.49122795507962,113.59869384765624,20.530000686645508,20.559999465942383,19.950000762939453,20.1299991607666,28.01453018188477,28.140459137739125,27.869226972012644,28.01453018188477,414.7067264773437,415.6130949578331,409.6968209788455,411.8382263183594,328.6959473246198,332.7715925814291,327.403192113038,332.3472595214844,93.11553791607903,94.82562494788652,93.09577148045308,94.5290756225586,163.4851704683514,164.21854476932094,157.2414930256469,158.19290161132812,171.98949631958405,172.49671413286768,171.41397571431852,171.64808654785156,604.6539355473858,605.5618874336618,600.9122651541471,604.244873046875,461.33190711286943,465.4137839810824,460.7671735039061,464.1257934570313,75.52481252449307,75.83327770269022,75.19644195898464,75.65416717529297,68.32823947252956,69.39479437510225,68.23039156321452,69.31651306152344,86.46692760342877,87.96009121472882,85.99848791338523,87.1891098022461,248.41390169471384,249.71572944135065,246.6781113007796,247.05288696289065,218.75,219.08999633789065,211.00999450683597,213.2100067138672,555.030029296875,560.260009765625,555.030029296875,559.4400024414062,370.4889499483328,371.9627312274037,366.84380598032817,367.5708618164063,687.260009765625,690.5900268554688,681.6400146484375,688.4400024414062,226.2620154817008,226.7808777924977,223.39832305195915,226.68109130859372,82.2609922394791,83.28592941439345,82.17229192144758,83.05925750732422,90.51890013606013,91.3950228341549,90.51890013606013,91.37510681152344,39.39216977454286,39.74448332026967,39.26838746830455,39.50643539428711,192.38594121447608,192.7852069636716,190.9349735227216,192.2690887451172,466.051283121234,468.47064050161526,464.95609139019336,466.58892822265625,268.9417991309692,269.34032867967005,266.40114665287734,267.088623046875,72.06999969482422,73.02999877929688,71.66999816894531,72.04000091552734,881.0245809406861,891.0801115908463,879.2988029511604,890.3419189453125,160.35280577307913,161.85700686857172,159.73744942455946,160.78257751464844,39.2732236907236,39.46959055825451,38.93940113953698,39.19467544555664,167.5527524913739,168.77337124165066,165.7243330490234,167.32855224609375,266.7631038850495,269.40362604954714,266.7132947607857,267.2513427734375,176.6999969482422,177.47000122070312,174.3000030517578,175.5,169.28278053833506,169.68637744163277,165.89653192400522,166.84153747558594,323.1934996755886,325.0141200597094,320.32971886155,321.5893859863281,165.664802990362,167.89396610469151,165.664802990362,167.28512573242188,193.18038504897604,195.4965844568566,193.08181761232092,195.13189697265625,49.73161315917969,49.95681985449575,49.66307215344023,49.73161315917969,39.03728307417366,39.46647724575329,38.88121212805153,39.26163482666016,19.062650680541992,19.23629860059321,19.004768653870407,19.062650680541992,129.53808260280766,131.22765338990934,124.33935925298674,126.42884063720705
2024-08-27 00:00:00-04:00,46.795304774269006,47.21139234829237,46.26310085369349,46.56306838989258,111.4260694209507,111.53448031702408,110.51936694391482,111.46549224853516,258.54130931557927,263.33076857163974,258.2923767954627,263.0718994140625,244.4131152685124,246.3901324854156,243.98033179612915,246.2425994873047,165.2403122158638,165.83814867308575,163.8653126900336,164.08450317382812,215.7232889082902,216.61759435141985,215.40881693659645,216.38172912597656,118.04471309145516,118.81060853970814,117.5890531187454,118.67488098144533,582.6527282703008,585.4895921150484,577.0285912509116,580.5572509765625,201.8902890293947,204.1965337727168,201.68242357904896,204.0084686279297,113.59869862357183,113.94066335237235,112.60213635817108,113.82341766357422,20.1299991607666,20.26000022888184,19.84000015258789,20.06999969482422,28.07265200878897,28.130774772731503,27.665801899344324,27.91766166687012,411.2107324794244,412.7047404254691,408.611173243228,412.1868286132813,330.76833301690465,336.5018590306344,330.59070941578176,335.89990234375,94.30172439740174,97.58350313129246,94.15344973989258,97.46488189697266,156.1909589928979,160.58134463734584,154.43677971605436,159.9470672607422,171.97972583280512,172.53573345970813,170.2336957786139,170.99453735351562,604.2548026069055,609.6228572957167,600.6628233718243,609.044189453125,468.33645105118006,468.4157278182429,464.2842955978887,467.9698791503906,76.07208760390525,76.07208760390525,75.39544869153177,75.75366973876953,69.78618920829157,69.99167204487718,69.52199912277194,69.96231842041016,87.40381442118093,87.55996594832415,85.95945002367931,86.66211700439453,246.42168631596465,246.49071522315185,244.22237747775435,245.14944458007807,213.25,215.66000366210935,206.94000244140625,209.2100067138672,554.4000244140625,569.52001953125,554.3400268554688,567.8200073242188,366.9617140840054,367.737913975209,364.51524668635096,366.6571350097656,688.530029296875,707.8900146484375,686.9199829101562,695.719970703125,225.5036950185404,228.34744239539063,224.3961320136416,227.52923583984372,82.85231126979497,84.15319179779078,82.39897491355735,84.05464172363281,91.02665359065904,91.31537515678144,90.3496531311362,90.49899291992188,39.56356718052925,39.6492645848265,39.21125724389535,39.46834945678711,192.8046735013973,193.10655226503505,190.0682545471136,190.78887939453125,469.0181812732953,473.41884935126615,466.1707133988512,472.91107177734375,267.6864011847582,268.56315392675253,266.1918927479797,267.8358459472656,71.75,72.3499984741211,71.30000305175781,71.58999633789062,890.5214338847841,916.6976805826652,884.9150911493485,906.6920776367188,160.91052440699306,161.44196540300462,159.59175062452562,160.36923217773438,39.27322080472711,39.40085982105061,38.890307501142814,38.949214935302734,167.0097091779591,167.6424294663076,165.56490536104474,165.78411865234375,267.5602315567609,269.9815692407515,266.93250887713447,269.7523803710937,174.14999389648438,174.88999938964844,172.25,173.1199951171875,166.52654349106342,171.71419854322951,165.64061292200992,171.212158203125,323.20335260468505,324.5909295755244,320.4084370585994,321.73699951171875,167.75648524180642,168.02163168717797,166.03797065990355,166.2049102783203,194.59965812720952,196.53145341881284,194.1364182784593,195.87109375,49.61411099471045,49.78057039061652,49.34974067891467,49.65327835083008,39.18359992881528,39.54451703749071,39.154337787418655,39.25188446044922,19.04335739814113,19.10123942888513,18.9082987130596,18.95653343200684,125.01920259136338,129.1681743229575,123.84948497148316,128.26840209960938
2024-08-28 00:00:00-04:00,46.56307149739733,48.30483157700896,46.47598330885313,47.47266006469727,111.46549346175242,111.78086856672516,110.7460475281282,111.26838684082033,260.7119762779071,264.04767790331874,256.2610618984248,257.79449462890625,246.36061858467997,250.21630257496037,245.711443395344,248.52452087402344,164.44320708392877,165.0011948895807,160.9459047509701,162.26113891601562,215.4677780378103,218.3767224830279,215.40881548073892,217.4725799560547,118.9075625535348,119.2953587693377,118.22891732673033,118.83000183105467,582.1981163348917,585.9838393247687,577.1175458918785,581.7335205078125,204.50339022651428,204.98839958852795,201.712135899218,202.9098052978516,113.92112050066056,115.30849429681923,113.56939088274576,114.70274353027344,19.979999542236328,20.11000061035156,19.51000022888184,19.61000061035156,27.878914897483973,28.169521325551298,27.74329696310603,27.849853515625,413.2226484183712,413.3421641808517,405.6828816466664,408.9597473144531,336.07753930987144,339.0775351948331,330.69926028450624,332.94927978515625,97.08925527124376,97.57361209354704,93.29345888772924,94.20287322998048,158.64879962887062,160.82912740894,154.8530400953689,156.76577758789062,171.2384086614411,171.42374454946497,169.09244471995402,169.6484375,608.8945417216903,616.6273277902574,607.8568736440826,611.7781372070312,468.46527099609375,471.2393834798165,466.5134962670799,468.46527099609375,75.90293441743054,76.05219446152472,75.43525648872004,75.70392608642578,70.06995114386211,70.26564694434819,69.7666204135138,70.20693969726562,86.82802138549982,86.99392679683126,85.83257402608211,86.20343017578125,245.06068192308425,246.98384511569856,243.5221513689928,245.5143585205078,209.72000122070312,211.83999633789065,202.58999633789065,205.75,568.219970703125,569.5900268554688,557.6699829101562,560.5399780273438,366.48026875513926,368.8481475481439,363.7292224310688,366.1756896972656,695.8300170898438,696.6699829101562,677.0999755859375,683.8400268554688,227.4194670399241,229.35520907583677,225.18438078371824,225.99261474609372,83.81811071960213,84.19260396730665,80.69402033214695,81.5908432006836,89.93151315329743,90.22023473660916,88.36843947518734,89.09521484375,39.50643539428711,39.71591509917206,39.38264945572571,39.50643539428711,190.39935327714105,191.09075012107107,188.9483708913055,190.2824859619141,472.9210837272223,474.324916274473,466.8179078273636,469.7350769042969,267.04875718309665,267.9853183324825,264.23907373493927,265.0859680175781,71.2699966430664,71.58999633789062,70.0250015258789,70.43000030517578,908.7470803766024,910.003968387734,879.5182084335812,885.8927001953125,160.41844036593912,162.3867647876071,160.13303993233166,161.32386779785156,38.62521152653154,39.53831417950117,38.61539486962681,39.22412872314453,166.18266038398477,166.79047621925304,162.69519596618224,163.91082763671875,270.1908041394054,271.0078805346652,266.7132880782997,268.22784423828125,173.69000244140625,173.69000244140625,168.9199981689453,170.8000030517578,171.65512231205943,172.97417970876558,166.979346373584,169.16465759277344,320.7627481233674,325.2601651242887,320.2214963758508,324.25634765625,166.37186469497397,168.11983848358824,165.5469812185118,166.01834106445312,196.13722076459248,197.1228349392889,194.6489487749412,195.60499572753903,49.39869832823966,49.51619666215923,48.3803694737242,48.81119918823242,39.26163530424432,39.359178251372846,38.92998407457244,38.949493408203125,18.985474311928808,19.2073569508094,18.97582700066837,19.120532989501957,128.0884319398247,128.29838691719942,122.60978624415954,125.5790557861328
2024-08-29 00:00:00-04:00,47.67586051676074,48.15968292465407,47.18235959359722,48.11130142211914,111.66260613320247,111.85971275154218,110.8938722757524,111.13040924072266,269.85281878014604,270.7888074865893,255.1857037582295,255.91259765625,249.6458146607115,250.47202943594436,247.26552066057343,249.0458221435547,163.71585770644296,165.36985884682494,159.67054097302747,161.19500732421875,218.31774669005355,219.1334303924304,215.16312989680011,218.3767242431641,119.1111464452033,119.1111464452033,118.04471246596158,118.81060791015624,583.848793972749,585.756466333593,577.6117713712774,584.728515625,204.21634163843663,206.28502810126253,202.3555055304432,205.39419555664065,115.22056312937256,115.6797660902881,114.10675518141592,114.76136016845705,19.76000022888184,20.600000381469727,19.75,20.1299991607666,27.9660963015266,27.985468707849424,27.636741374841424,27.82079124450684,413.2824329478728,420.3640158924635,408.9597736839914,411.4696960449219,335.7716291692116,339.34397790714735,334.50847773509224,335.7321472167969,94.3709147610904,94.72677090939912,93.19461207409424,93.76793670654295,157.07301241449815,161.74089379915478,154.0205475960349,155.52694702148438,169.49233950511046,169.68743928625125,167.68778560174692,167.8633575439453,613.0651805826064,615.1804666279585,608.305756530774,610.3212890625,469.3470406818787,472.1706481719137,465.9685865193629,468.3562927246094,75.61436161455781,76.09199220315773,75.29594375271809,76.042236328125,70.35371270360292,70.66683045210256,69.69812358413743,70.50048828125,86.74994730057129,86.79874651459585,85.90089011826095,86.06680297851562,246.5597543555751,247.29943361864184,242.9994309007281,243.37420654296875,209.8000030517578,214.88999938964844,205.97000122070312,206.27999877929688,567.0499877929688,578.4000244140625,567.0499877929688,569.6300048828125,368.3207249400082,369.0225735698708,362.7061168987777,362.8346252441406,690.0,699.7999877929688,686.0700073242188,692.47998046875,229.59470189609323,232.4085012026452,228.37737982242845,229.28536987304688,82.2412818709687,82.6749111835024,81.6598312190604,82.05403900146484,90.05097146588373,90.29986857617722,89.23458924795062,89.4137954711914,39.55404479487545,39.58260938404128,39.17316665515642,39.27790832519531,190.86678399626743,191.2952628276028,188.7730981767084,190.06825256347656,472.3933964826223,479.8108023486666,472.3933964826223,478.6956787109375,266.05239255311443,267.5568741198284,264.03979879033426,266.0424194335937,71.4000015258789,73.93000030517578,71.25,73.16000366210938,888.8355757796795,898.2726173924228,883.019721013286,884.4761962890625,162.02262591207474,162.11119690493774,160.77273572777847,161.6289520263672,39.32230971829303,39.60704145452743,38.81175742257873,39.440128326416016,165.46525036551398,167.0296346771895,161.40185288464895,162.8147735595703,270.0114799803752,275.0035526668892,269.4833755114704,273.33953857421875,173.22000122070312,174.2899932861328,170.80999755859375,172.1199951171875,170.71011968718767,173.60418135223364,166.29027547529083,166.84153747558594,326.4017479092846,328.960425333876,324.0201741136525,325.7522277832031,166.69590984490293,167.53062289821224,165.9004855149946,166.9708709716797,196.4329052004724,198.22671515220293,195.41772381827408,196.0386505126953,48.92869693216136,49.76098263792675,48.84057225571054,49.339942932128906,39.037281800850735,39.09580979912179,38.43250736948222,38.49103164672852,19.101238084977567,19.1494746405676,18.927592004962804,19.062650680541992,121.33009516824129,124.39933835599815,116.68123949231908,117.56101989746094
2024-08-30 00:00:00-04:00,48.11130442611305,48.614480204692256,48.07259774515951,48.3338623046875,111.36693906486536,111.8301478905862,110.2729800353522,111.6330337524414,256.3407524345716,258.02353868899195,249.92824833320805,251.82012939453125,249.1051719348728,253.43622177726604,249.1051719348728,253.22857666015625,162.03196874119254,163.06821666334946,161.10533887588517,162.7892303466797,218.66168628079444,221.590274554472,218.1015120663851,220.9220123291016,118.9851201456258,119.6831444397895,118.58762700082114,119.5280303955078,583.1766295543555,586.3989371940698,579.8060928674087,583.3743286132812,205.8593937700142,206.6215469385179,203.2067267881995,205.7901153564453,114.5757173904348,116.0217176566158,114.45847916216952,115.72860717773438,21.25,22.1200008392334,21.0,22.040000915527344,27.8207920331464,28.14045984191655,27.77235824452055,28.101713180541992,413.93977626013776,415.822210323597,410.4836369246573,415.4736328125,336.5117107353152,338.9294755420908,334.18278783805835,337.44921875,93.89644047198516,94.82562128331232,93.35277678531092,93.48127746582033,159.67947536115474,161.78053143647256,157.29103385463185,161.36428833007812,167.83410469698177,169.29726383110727,167.04400114599787,168.63397216796875,614.7414643853848,616.6272808797032,603.6561568482532,613.7037963867188,470.6449029378971,475.3509555834473,467.1079255878396,473.8251953125,76.06214034108476,77.08704757813094,75.84322664158353,76.84823608398438,70.64725571677342,71.00930114279231,70.23629007555148,70.91145324707031,86.20342941168381,86.4669258011267,85.12991374485271,86.4474105834961,244.43934921063,245.63269000766908,242.02305155197791,245.0803985595703,208.6300048828125,214.57000732421875,207.02999877929688,214.1100006103516,572.2000122070312,575.6500244140625,568.2899780273438,574.4099731445312,364.9894979876975,366.1460428499065,360.67970244336766,364.2580261230469,700.3599853515625,701.8599853515625,688.1599731445312,701.3499755859375,229.6844899472923,229.89402024722435,226.98043458769095,228.49710083007807,82.38910999865182,82.6650531882216,80.86156519385105,82.11316680908203,89.58305577534678,90.05097598576549,89.00561262750574,89.98128509521484,39.325514513333616,39.8873077334808,39.201728581484815,39.78256607055664,190.1364494357412,191.35371223622604,189.0847325930224,191.16868591308597,479.7311134327827,483.6140381143393,477.5506960377527,481.22454833984375,267.3177539953397,268.3240661621094,264.6176836931485,268.3240661621094,73.51000213623047,73.69000244140625,71.76000213623047,72.43000030517578,888.3367812973257,894.1526360042321,880.9547331563825,890.2122192382812,161.52069144645753,163.35123369367307,161.21560357477546,163.23313903808594,39.44013046034315,40.117595920823454,39.40086008576809,40.00959396362305,163.63183445295118,164.68803554745267,162.8247379639128,164.51864624023438,274.0170732585314,275.9999507124823,273.2797279557556,275.3821716308594,172.77999877929688,178.89999389648438,172.60000610351562,178.5,169.5977702290387,172.71824866592036,168.13106275176014,172.5607452392578,326.67729208073814,330.32835373947887,325.0633275540848,328.52740478515625,167.0985435077772,168.78759905917346,166.63699838708996,168.45370483398438,196.24563945964337,199.26161643614063,195.87110125966984,199.22219848632807,49.49661019188636,49.63369219626056,49.02661314751574,49.48682022094727,38.75440239380211,38.75440239380211,38.2081522349384,38.598331451416016,19.062649462930388,19.207355440384603,19.00476743995597,19.19770812988281,119.50054804230363,121.72000228172388,117.19111963899516,119.34059143066406
2024-09-03 00:00:00-04:00,48.10162803964799,49.098304816326,48.043571706919856,48.88542175292969,111.72173699471308,113.1704939537555,111.72173699471308,113.0029525756836,251.54132004825937,252.60675849334535,245.5868586110705,247.00079345703125,253.01102770882108,254.078977210752,251.21137135331375,252.35841369628903,161.1352199073359,161.26475469105404,155.91416233200027,156.79098510742188,218.46514742323728,220.23409896019697,215.45793730818716,216.4996490478516,119.79949001251089,122.33954822766884,119.45047415404343,121.87419128417967,585.6675532772562,593.7133687085259,584.9756366785891,591.7562866210938,205.5327557094034,205.7901143668128,202.02885685711465,202.77120971679688,115.54298317387013,116.10965203124223,113.74525322636872,113.90158081054688,21.540000915527344,21.690000534057617,19.989999771118164,20.100000381469727,27.752984405383145,28.0145313021906,27.25895199395704,27.413942337036133,416.2405478075573,418.2026793193696,405.4040060811421,407.8043823242188,336.8669824711851,340.99198792065613,335.19925407046264,337.3801574707031,93.0463371407473,93.71850902534702,91.96888925275356,92.1072769165039,158.94611811013002,159.30290011406169,150.02658313420562,151.42396545410156,168.14626322155098,173.52092942675023,167.6585434789513,173.1795196533203,610.111791185562,613.6639422795246,602.3092143363529,605.0830078125,469.55509473634527,474.1917879737209,468.5049043082704,469.6640625,76.94774881340012,77.4253718549057,76.42036989221707,76.78853607177734,70.8821009958705,71.71381932356826,70.69618476468162,71.4398422241211,86.14486976899259,87.20863156099942,85.94968780778571,86.8182601928711,243.79829119616824,246.00747209521884,240.2675535761632,242.08224487304688,215.25999450683597,219.8999938964844,209.63999938964844,210.6000061035156,576.2999877929688,586.7000122070312,566.7899780273438,571.0399780273438,363.66491760167855,365.1278914595799,358.7224750407254,360.5412902832031,700.0999755859375,703.8599853515625,671.010009765625,675.3200073242188,228.0480979020216,228.4971066385697,220.68429981162345,222.28079223632807,81.87558741882127,82.10327040958042,80.19274072207088,80.4996109008789,89.21468697430805,90.09080212850064,88.1494075726101,88.73680114746094,39.95396306340345,40.87759017944336,39.91587452345223,40.87759017944336,191.0031187886563,194.7133330159078,190.9641729213893,192.5125274658203,480.3583619177939,484.5598933467724,477.9390046556694,480.0098876953125,266.07231766518004,268.2144708388766,261.6286542408645,263.2626647949219,71.75499725341797,72.947998046875,71.4000015258789,72.0,894.5017837134849,894.7112955021882,872.3158187126888,876.435791015625,162.6229683496538,165.15225741054363,162.16041091139553,164.51255798339844,39.84268781512076,40.15687330961372,39.49904485556584,39.96050643920898,162.7300975011423,162.79486713938573,157.28964554252158,158.0419464111328,275.38220664224434,281.0817637069888,275.38220664224434,277.5444641113281,177.5500030517578,178.25999450683594,175.25999450683594,176.25,169.20402157527943,169.4698067222055,159.46856473632647,160.68919372558594,326.61824712846857,327.84839202855864,323.87255530227395,325.2601623535156,167.9528819997435,171.85145623419706,167.9136082599634,171.38009643554688,199.0053717057309,201.77494527067404,197.32983053170523,198.38442993164065,49.261617007609935,49.44765635019439,48.86016093714526,49.01682662963867,38.70563246738136,38.910474889749615,38.44226204389721,38.530052185058594,19.22665085114996,19.7282999776311,19.21700354025189,19.70900535583496,115.9814171340765,116.18136480283336,107.26356453201906,107.973388671875
2024-09-04 00:00:00-04:00,49.07894853853659,49.10797670316386,47.94680213153412,48.343536376953125,113.0325139527516,113.91950122711089,111.92869737427668,112.7467041015625,245.4175811805917,248.41472309472292,244.1131772750849,246.62240600585935,252.58583657430145,255.1864550254858,249.2732618557837,252.84292602539065,156.09352467815137,158.42505964289654,155.3960589028362,155.88427734375,217.22687947571416,218.2391249611723,213.4629631854609,215.54638671875,122.15533184461415,123.52231172752758,121.466997132129,122.74671936035156,593.0610366723121,600.9092134707805,590.9655591690797,597.1926879882812,203.1770387394934,205.01807448850263,203.08794491533527,203.44427490234372,113.97974561615936,114.04813707131808,111.84005837687867,113.1395034790039,19.76000022888184,20.049999237060547,19.280000686645508,19.43000030517578,27.404255853896903,27.646428485277557,27.317073558789428,27.501123428344727,404.2884945573242,409.5971891641853,402.7546379619835,407.26654052734375,335.524898100261,340.37027597791143,334.5183342476856,339.4623718261719,92.29508730596535,92.89806532816692,90.91120319695251,91.26705932617188,148.95622649584186,156.37925150681946,147.8164991456953,152.7420654296875,173.53068490488627,175.2377040673504,171.9602266800582,174.13546752929688,604.3147024680393,611.3091418459917,602.8878860418033,610.5408935546875,473.19154633371,474.5528577711093,468.58097262622334,469.1374206542969,76.9477362355024,77.09699625845532,76.35070373537083,76.8581771850586,71.72361025356673,71.94865968378775,70.36350424640267,70.99951934814453,86.66212420310607,89.28735682126707,86.66212420310607,88.83843231201172,241.4904797851283,242.45698978202805,238.7684655892664,242.0723571777344,210.58999633789065,222.22000122070312,210.57000732421875,219.41000366210935,568.8699951171875,578.8599853515625,565.760009765625,575.25,359.9778931697969,361.71761252716846,355.86577712880404,360.4721374511719,673.3099975585938,684.6500244140625,673.0599975585938,679.6799926757812,221.17322424578344,221.29295584608855,217.0023958735564,220.3650054931641,79.29191983423937,80.27193023056219,78.86625753241407,80.20263671875,88.55759026086562,89.62286960661571,88.42816649584937,88.85626983642578,40.9442418716737,41.201334058839706,39.2302975895566,39.49691009521485,193.47658765662555,194.6451716888465,191.29526249602787,191.85032653808597,479.98005942488334,484.0422197271377,479.0740385260178,481.0254821777344,261.2799352002556,264.1493964463651,260.12417828691406,263.5216979980469,71.6050033569336,73.23999786376953,71.58999633789062,72.61000061035156,875.3184990943406,889.593734618614,874.4606028305074,887.8579711914062,165.15225107586943,166.17578814059058,163.4102798330133,164.70938110351562,39.92123000622356,40.20596176456663,39.54813334858045,39.764137268066406,157.5088470400444,159.82551694837375,156.87612678333463,157.2447967529297,277.71382060349623,280.6433148291029,277.70387702347824,279.4874572753906,174.47999572753906,175.97999572753906,172.5399932861328,173.3300018310547,160.4529432997507,165.61106786591657,160.08872976871223,162.7465362548828,324.6893481360002,325.8407769408823,322.39637132846883,325.3880920410156,170.50611187956912,172.83346683689888,170.50611187956912,172.73526000976562,197.8718926151951,201.42010959377563,197.6156383486837,201.1737060546875,48.781824044432085,48.997240762690616,48.54682738379057,48.66432571411133,38.725138604036346,39.18359488467463,37.457061786080544,37.72042846679688,19.766888062715356,20.133478529335758,19.535358113288165,19.84406471252441,105.38403194779274,113.24208832420427,104.09434887245212,106.18383026123048
2024-09-05 00:00:00-04:00,48.45965997952657,48.6144830210377,47.63715957233979,48.18871688842773,112.60873169107778,112.82555348322452,110.89387252726384,111.46549224853516,244.92967493798147,247.4389189334967,243.95386373725023,245.06907653808597,252.9418215755933,253.24834028799896,247.0780725879733,248.7195281982422,155.73482906151818,158.87343271753585,155.41597886981896,156.6714324951172,216.35223439623303,216.99103038542367,212.30331241568456,213.87571716308597,123.00847607752542,123.56108322871364,121.21492707079848,121.3603515625,597.202545993313,598.9916109329281,582.8504504655886,588.6031494140625,203.09785832807643,203.3354015906198,199.63354478603992,200.91038513183597,113.9308892094812,117.31139491477802,113.67686061483188,115.86539459228516,19.280000686645508,19.899999618530277,19.239999771118164,19.399999618530277,27.53987162351485,27.89828607921533,27.46237645625822,27.617366790771484,405.9916624475026,411.4497822581618,404.5076243249112,406.7586059570313,339.689362781865,339.9163463537131,335.03148641993255,336.4426574707031,91.10889843727225,91.9491113719474,90.1500642780366,90.50592041015624,149.22383621712507,154.96206406995168,148.76794219315067,151.45372009277344,174.34029362309732,175.31573310046892,173.16002019053184,174.89630126953125,609.6827767464248,612.8058294709678,599.9245310984948,605.5320434570312,467.3587612815418,468.4816036644676,460.1547151751652,462.5693054199219,76.86813432552474,77.06714263985711,76.01238490887053,76.5795669555664,71.05823261862527,71.11693986613092,69.45350315406289,69.63941192626953,88.96529827989932,88.98481349757738,86.9548883561918,87.23790740966797,242.959989546834,242.959989546834,238.2654821620316,240.7508087158203,223.4900054931641,235.0,222.25,230.1699981689453,570.75,573.3900146484375,562.530029296875,567.9299926757812,360.6994789504686,360.9466010969359,353.46373526199835,357.6846008300781,673.1400146484375,687.3099975585938,671.8599853515625,683.6199951171875,221.14329437614532,224.9848304496161,221.0335353326016,221.8916473388672,80.3115258349585,80.42041671575707,79.40080897048513,80.01455688476562,89.27441565232093,89.27441565232093,87.95028117358237,88.25891876220703,39.33503723144531,39.811133042675145,38.94463881152976,39.33503723144531,191.80166402893397,191.9672099802648,187.1273720849426,187.8090362548828,481.02542236121855,482.0409471184928,471.0392921866449,475.2706909179688,263.362261577769,264.9862989330728,260.6323025815023,263.7408752441406,73.66000366210938,74.4000015258789,71.01499938964844,72.02999877929688,886.471345766477,886.471345766477,866.5897670089089,883.8277587890625,164.55191260388654,164.71921837152823,162.21945305536275,162.37692260742188,40.05868301878696,40.19613868735609,39.28303603713418,39.410675048828125,157.2148967624086,160.43831095253145,156.95583344724037,158.03196716308594,279.9956437257252,280.49385661491687,276.41847883034904,277.6241455078125,175.0,179.8800048828125,175.0,177.88999938964844,161.36128577596253,164.05262063834212,160.14425309343744,161.97474670410156,325.64392008624645,326.588662867894,316.7967284408614,319.2077941894531,172.8236520692352,173.37357433871196,171.52739387610455,172.31300354003906,201.1441381289171,202.9872317822744,198.0690267844325,199.67556762695312,48.46849369154062,48.615369408930185,47.92016191318487,48.106204986572266,37.95454034642365,38.85195110314135,37.92527820600649,38.82268524169922,19.979121875867243,20.09488776182752,19.79582849648162,19.921239852905277,104.96413183407384,109.6229874268856,104.73419276980216,107.18358612060548
2024-09-06 00:00:00-04:00,48.17904267704909,48.41127539663811,46.95980797975288,47.12430953979492,111.9878362976098,112.687574598809,111.3768012420156,112.21451568603516,246.68217508224663,248.93251958962816,240.40907254986092,242.9282684326172,248.59097128512076,250.8356116216865,246.4551175532901,246.84075927734372,156.73120219936595,157.25928448946016,150.00561037278715,150.374267578125,213.8462370250176,214.96657053994943,207.4485299830759,208.7949066162109,121.2440076965402,122.59159365517384,121.18584085983842,121.97112274169922,588.9787827727876,593.6639552122019,585.4105467555121,589.9771118164062,200.93018809597305,201.0291745254811,195.8327041436887,196.1098480224609,116.3636830562352,117.53611759970408,114.94699970208366,115.13262939453124,19.440000534057617,19.489999771118164,18.63999938964844,18.88999938964844,27.665802001953125,27.86922798124524,27.39456982640447,27.665802001953125,407.4259212541952,409.009566016876,399.1989078370585,400.0953369140625,336.2157006894744,337.93278908067686,332.32755676786314,335.36700439453125,90.4466161271252,91.09902156831978,89.14181278629802,90.10064697265624,141.96925217565828,142.21701701366118,135.3787135337275,135.77513122558594,174.39995897905558,175.5204269910896,173.96749500996117,174.30166625976562,606.1406703478108,618.3235721609122,606.1406703478108,609.97216796875,461.4067462845246,464.7057099045812,453.2786020925289,453.9542846679688,76.51987107400561,76.93779311693558,75.92283849957977,76.26115417480469,69.46328605437856,70.12866226422341,69.36543814873127,69.61006164550781,87.5599628177257,88.36022075143589,87.15007624220169,87.72586822509766,241.4806225131616,244.05470687679835,239.7941472202357,240.45492553710935,232.6000061035156,233.6000061035156,210.50999450683597,210.72999572753903,570.9000244140625,573.3099975585938,558.0,563.4099731445312,358.742260780772,361.233240948465,355.2825510202831,355.9052734375,681.8599853515625,683.1500244140625,662.3400268554688,665.77001953125,223.45818364879955,224.74535922490057,219.2873705935476,220.33506774902344,80.06404435760562,81.05395591888751,79.53939243851437,79.81656646728516,88.05980002633744,88.69697606041237,87.33302467297268,87.55205535888672,39.38264521659505,39.792087895798666,39.16364158414333,39.18268585205078,188.40305848919607,189.6398015900194,187.77982056248808,188.3348846435547,475.0218206795912,478.33726330179104,472.6323308233102,474.0361633300781,264.54793021343653,269.12112274552,264.0995958902054,265.2254638671875,71.94000244140625,72.05000305175781,68.55000305175781,68.88999938964844,889.0949531892803,891.0302429598634,868.8841592157914,874.5503540039062,162.56389852555074,163.31187137877637,161.5206890377601,161.77658081054688,39.30197194233574,39.410678023600894,38.10621258802794,38.303855895996094,158.1216466586556,158.64974722214538,151.39083514674604,151.58514404296875,276.7771726617763,279.27821105238854,276.438391552086,278.3714599609375,177.24000549316406,178.3800048828125,171.16000366210938,171.38999938964844,161.0248774057472,161.47013180526667,155.47400097686582,156.5228271484375,319.54242414514584,321.7763562823244,313.9329518636039,315.4681701660156,172.59777152023742,173.85474093170762,172.18532983687288,172.4308319091797,199.4685947002808,201.16385222621616,196.4723192891623,197.8521881103516,47.85161898213711,48.20411770152302,47.19558260399463,47.48933029174805,38.82268507999111,39.35917873787928,38.520299707540026,38.637351989746094,19.92124144333181,20.258889977632997,19.92124144333181,20.22994804382324,108.0133719412909,108.12334543943037,100.92511547059388,102.80465698242188
2024-09-09 00:00:00-04:00,47.14366156649632,47.54039583505988,46.01151509344705,46.93077850341797,112.8058368603299,115.04303530240308,112.66786072512504,114.74736785888672,245.44746278854004,248.2952514026758,243.72485401791332,244.7106170654297,247.908689926462,249.3227045304421,247.02863497526533,248.30421447753903,152.16015223667844,153.04811005909767,146.8822936520537,148.36888122558594,211.47780580786755,214.3867350844514,210.48521950434235,213.06985473632807,121.88388055557164,124.30759753322268,121.88388055557164,123.56108856201172,591.4004139241429,592.5469719356066,568.6170001073936,587.2291870117188,197.940971347482,199.6434351919592,197.1194323327348,199.10894775390625,110.55038984887264,114.2142339173012,109.82739337318684,112.75846862792967,19.0,19.540000915527344,18.950000762939453,19.06999969482422,27.64642939760669,28.663553743918182,27.559247099622205,28.48918914794922,405.6131601713445,407.017531193238,400.5434971977151,404.0992431640625,336.1466041607126,337.74527676615986,334.6268653375515,337.3110656738281,90.16984446937988,91.296719784927,89.36917188769173,91.14844512939452,137.86628625695272,140.32410955785693,133.69391915026668,139.56100463867188,174.01663226630737,175.72681151252678,172.84701795581418,175.13710021972656,613.1450245472363,620.8778097984537,612.7359011592127,619.0418701171875,457.1538747575077,462.5792583080438,456.6073427127076,460.144775390625,76.47011926463257,77.08705725964754,76.11189818258278,76.95769500732422,69.69813279289146,70.754900667879,69.45350928626449,70.30479431152344,87.8332175004599,88.95553232433082,87.71610386333553,88.43829345703125,241.8751226804044,242.35838522382176,239.00516348459135,241.36227416992188,216.1999969482422,219.8699951171875,213.6699981689453,216.2700042724609,567.6900024414062,574.5700073242188,564.4400024414062,569.8800048828125,358.5841090627693,361.94496403401433,355.8855245140024,361.3123168945313,674.0,683.5,672.1400146484375,675.4199829101562,220.3350822772696,220.7840910234286,216.23410730849412,220.4248809814453,79.93536295484951,80.75699140832995,78.22281253689788,78.68807220458984,87.8308134841863,88.49785591670863,87.42261857740465,87.95027923583984,39.28742983386584,40.73476172337464,39.28742983386584,40.68715286254883,189.863780757881,191.46082893252196,188.86075741485945,191.2758026123047,478.3970063526861,487.0688769821696,477.4710839551342,484.9581604003906,266.6402344928277,272.17987682094974,265.3051439006683,272.0902099609375,70.39199829101562,70.6500015258789,68.25,69.3499984741211,882.5907987089159,896.6465983714857,879.5582053313971,894.312255859375,162.22929636998123,164.75860047782092,161.86516115489292,163.9712677001953,38.78809243783407,39.24267809413583,38.63985618174216,39.0055046081543,153.28127377468468,154.28897565317737,147.86359163991898,149.20054626464844,281.0817643190714,285.9443273314216,280.6433345124822,284.58917236328125,174.52999877929688,175.85000610351562,173.50999450683594,175.39999389648438,159.3922574637844,160.65876624534198,156.8988267927042,159.0756378173828,317.39705436959264,322.60303597365686,315.0155106716118,320.7430725097656,172.38174646033065,173.65836036620274,171.5175892650591,172.89239501953125,199.03494300024173,202.10020390312624,198.53227011025703,200.60206604003903,47.45995871034823,48.12578882369434,47.25433195828203,47.68516540527344,38.764161128471045,39.047037169451634,37.99355917860412,38.7446517944336,20.220301482107672,20.837716546014214,20.19136138726161,20.74124526977539,104.8541591070364,106.52375348417674,103.66445746112836,106.44377136230467
2024-09-10 00:00:00-04:00,46.9307736543748,47.72424210951814,46.41792308224538,47.6855354309082,114.47141620633674,115.55551763985584,113.76182035337574,115.41754150390624,246.0747766179798,246.28387142386765,242.2710804644839,245.10891723632807,249.03595812653867,249.7973436620541,246.83086418508896,249.7577972412109,150.10488755816476,150.92301391041104,147.9997269680091,148.31900024414062,214.8289735283884,214.86827689695215,197.14931064660243,202.013916015625,123.4738414678989,124.00706217529644,121.7966260218463,122.88245391845705,588.326465676815,597.8055243094753,584.3134216652447,592.102294921875,198.2577260296128,199.12874319951,196.54536949562805,198.90109252929688,112.56305978661268,113.42283918280826,110.72625529987717,112.68030548095705,19.030000686645508,19.11000061035156,18.51000022888184,18.979999542236328,28.49887439444433,28.82822931006521,28.27607602435682,28.80885505676269,406.56934824108026,414.66684525245614,406.0713456246143,412.5453796386719,339.28475161045515,343.41960501109673,337.7156828911233,343.1235656738281,91.05948565876125,92.443362345022,90.0907644368164,92.26543426513672,139.95740766258584,148.52016015039874,139.77900910952405,146.88491821289062,175.58921567150475,176.0315179003031,174.59652521896209,174.76361083984375,619.2414945564609,626.4853786290507,616.8767635938667,622.8235473632812,459.04185390609337,462.67865902746126,457.9190114380575,460.78076171875,76.9676433714311,78.50998447635354,76.89798969782252,78.42042541503906,70.42221139849615,70.8625306937621,69.98188463791374,70.01124572753906,88.57492656268039,88.92626004520442,88.02840367557943,88.79938507080078,241.10587072417545,244.9620691648034,239.271465421001,243.975830078125,220.07000732421875,226.3999938964844,218.63999938964844,226.1699981689453,576.75,577.7999877929688,567.1400146484375,574.47998046875,361.4902997794647,367.28282860289926,358.30736522188187,366.6007690429688,676.8699951171875,680.5900268554688,665.8099975585938,673.6199951171875,218.43922835246784,220.9936039050013,216.25403537150672,219.62661743164065,78.75736393838356,78.75736393838356,76.76764707379411,77.30219268798828,87.9403341331602,88.49786126319107,87.59187967689093,88.01002502441406,40.74428216009565,41.60125247800276,40.35388372328483,41.56316757202149,190.9836413630282,194.2459113006523,187.85771911084424,194.12905883789065,484.9681073152212,486.19270450776895,480.2189648086712,485.8840637207031,272.00055954077,274.02312658778766,269.4399608953071,273.7142639160156,69.33999633789062,69.73999786376953,67.1500015258789,68.8499984741211,890.4317175718146,898.5020925495737,885.3641014854536,892.1176147460938,164.8471748632744,165.79197721927906,164.10905318478214,164.7290802001953,39.37114865439749,39.37114865439749,37.878920537999946,38.8177375793457,151.10621307846455,151.95428971091056,149.2035441865461,149.6694793701172,284.9079863770548,285.37630766133896,282.5564363766481,284.3200988769531,177.49000549316406,180.5,176.7899932861328,179.5500030517578,158.3137565048991,160.35204370422343,156.0181997885494,159.97604370117188,321.8058942634968,324.00048349797,317.2691344512607,323.7052307128906,172.74509725724593,174.73857306454173,172.74509725724593,174.5912628173828,201.26240442647105,202.8689602876099,199.95153581525597,202.3663024902344,47.77328872680664,47.94953808914964,47.430579973271016,47.77328872680664,38.842192665965534,38.97875427589817,37.954538480378616,38.17889022827149,20.693009666026224,21.08854022564404,20.577243771487037,20.943832397460938,107.78343479415584,109.37304700834024,104.92413884500664,108.0733642578125
2024-09-11 00:00:00-04:00,47.52104000100319,47.598449670888655,46.688864824919214,47.01786422729492,114.70795277540866,115.0331854814051,113.06208910926075,114.9149169921875,243.76467909645015,248.9524395121261,240.97663182637308,248.50436401367188,247.83947270375987,248.6898640950521,240.71002701868613,244.73455810546875,149.57610185215293,151.15247937146228,147.18161321895167,150.81326293945312,201.70928155275467,204.11701419215237,198.34828095070984,203.65512084960935,122.64007348240924,122.64007348240924,120.42964488294068,121.43791198730467,582.3266345337065,584.5605073790522,572.2742067296508,582.9295654296875,198.7922100341798,202.2763239627372,195.34769671909729,201.95957946777344,112.29925821904833,113.22742900669331,111.6446457903216,112.07453918457033,19.01000022888184,19.690000534057617,18.520000457763672,19.63999938964844,28.750733734838,28.770107987864467,28.22763998890606,28.731359481811523,413.8401790844511,422.29625388353406,407.9438146629927,421.3500671386719,341.80116641461615,346.103795392227,337.7353990158566,345.6991882324219,92.99691674377706,97.21775554674122,92.58175375494032,97.0694808959961,147.06330844568706,157.44960705427155,143.74325330098287,156.85498046875,174.39994991309328,174.7046363307447,171.44151018619874,172.7683868408203,620.6983195174607,621.6162590600136,607.507650699154,617.0863647460938,460.93974192472143,462.8972564644819,450.62552979766576,462.1619262695313,77.99254640614298,78.52987796954501,77.18655285688025,78.45027160644531,69.82533057282372,69.83511760285108,69.05231943762583,69.55135345458984,88.48708501459808,88.48708501459808,86.68162592600952,88.17478942871094,241.68774817360028,244.42949163066112,236.6973808028178,243.975830078125,224.5500030517578,228.47000122070312,216.8000030517578,228.1300048828125,573.010009765625,581.239990234375,559.3499755859375,580.3800048828125,365.2959464856267,366.9368411655085,357.97127257769233,366.2251281738281,677.4600219726562,682.969970703125,660.7999877929688,681.469970703125,220.97367404683663,222.6000841658612,217.41150656335964,222.1710357666016,77.2131036794798,77.79714788983958,75.96581296690123,77.60906982421875,87.66156859835097,88.03988948583694,86.20800273502569,87.93037414550781,41.42986099080589,41.72504173771136,40.887111989832434,41.705997467041016,192.5027986750213,192.5027986750213,188.35437245441165,189.4937286376953,484.39062718783737,486.9692878366392,475.74862441066193,486.0433654785156,272.77768142722226,272.77768142722226,267.34762188959155,270.9842834472656,69.16000366210938,69.69999694824219,67.76000213623047,69.3499984741211,892.8258619046411,899.8088574726104,875.7374693080737,898.2127685546875,164.14839557180107,164.14839557180107,161.49116081586226,162.20960998535156,38.531154040611,38.57068044191692,37.56268369742611,38.54103469848633,150.74703500975997,152.13387922005617,148.36246071366355,151.80462646484375,284.00124666822927,284.15073485245057,277.30526463940333,282.9450378417969,180.10000610351562,184.9900054931641,175.72999572753906,184.5200042724609,160.6488782913843,165.1410243010287,157.5716541742353,164.8046112060547,322.6030113195551,325.39789670305004,315.212291745797,324.7385559082031,173.42266827867323,173.8154655970541,170.5061024877109,170.79087829589844,204.77119667586808,207.09724674284365,200.11909654191692,206.8705596923828,47.73411781767316,48.18453116114474,46.85287107157287,48.08661651611328,38.17889381503941,38.17889381503941,37.20344939985281,37.73019027709961,20.8570090235748,20.8570090235748,20.49041857958809,20.69300842285156,109.3630438515934,117.16112485124164,107.39352807236727,116.88119506835938
2024-09-12 00:00:00-04:00,46.81465745895248,46.99850864602726,46.21471501240349,46.6791877746582,114.8163612340302,115.61465284163694,113.91950879460498,115.14159393310548,250.3165752216385,253.0548328433848,248.50435444175463,252.28811645507807,245.1498611472212,246.73198956368023,242.66791209359215,246.1090240478516,153.4472166512295,154.46488123819847,152.29984538660895,154.33517456054688,204.06785483482824,205.1783661720132,201.3554725814163,203.03598022460935,121.18585363987606,121.67059705443556,119.53772898901276,120.8465347290039,581.7236418572787,583.6807237252399,576.4651607581081,581.6148681640625,201.8606077894233,202.8999048948035,199.81170648711304,202.58316040039065,111.84005637386704,112.85616329953392,111.41993531281352,112.60213470458984,19.43000030517578,19.540000915527344,19.040000915527344,19.36000061035156,28.65386702052384,28.779795981815035,27.85954104780695,28.24701690673828,421.6189886086143,425.6627675750461,418.07321227741465,425.2942504882813,345.86695975389364,347.7814276986875,340.65645682061535,345.28472900390625,97.32649485750164,98.16670786674062,96.21938595470668,98.13705444335938,156.6864947044409,164.83300405305474,155.42784505213612,163.08872985839844,172.76837994470372,174.64565973013262,170.96973132800798,174.21319580078125,614.3423821646551,617.9343613403614,602.837963831531,612.7957763671875,463.4735414658646,464.4771493177181,459.4790330207024,464.3777770996094,78.59953390161972,79.51499192025409,78.231367747128,79.26622772216797,69.47307845679946,69.84490351313853,69.1403940588093,69.69813537597656,88.08696393782738,88.37973687518388,87.05247871116735,87.83322143554688,245.1691644564736,248.7294880670997,244.11389648704213,248.58155822753903,224.66000366210935,231.4499969482422,223.8300018310547,229.80999755859372,581.4500122070312,587.75,572.97998046875,586.5499877929688,367.6584545184797,370.6733327001826,366.294335415634,370.1197814941406,684.9199829101562,694.8800048828125,682.2000122070312,686.7999877929688,222.0113809042872,223.0590781064196,219.33727360197895,222.28079223632807,77.44078666724316,78.27230877401152,76.74784402584349,77.60906982421875,87.83081428661475,88.93591807392843,87.79098983712073,88.90605163574219,41.42034058131602,41.7821744586171,41.35368745027677,41.76313018798828,189.67875007264144,189.961163352526,186.26068161083364,188.93865966796875,484.818756973907,490.72279559361306,480.8860329565792,489.9561462402344,270.7850089551724,272.03043269023107,266.58045720938003,271.4924011230469,69.13999938964844,70.37999725341797,69.04000091552734,70.36000061035156,898.2326951129166,913.4756063734789,894.3322200211928,912.8072509765624,161.59942169648087,162.48517663994514,160.1330297069347,162.03245544433594,38.59044666538349,38.86715410151181,38.07656573520771,38.32362365722656,154.4585967034471,155.25678384046466,153.15157268835566,155.1869354248047,282.98493808793154,284.9777897646071,280.46398193327707,284.3500366210937,184.8000030517578,187.41000366210935,183.5399932861328,187.0,164.1317805917042,164.55724153600082,161.18317620919038,163.2412567138672,324.9747534075643,327.100447353596,321.2252742345572,324.8172912597656,170.7712401480584,171.46847264544837,169.33751639797208,170.34898376464844,206.9789869147646,209.5908585910724,205.27387851927455,208.5658264160156,48.06703796666012,48.60557604217956,47.84183127090489,48.576202392578125,37.91552103546647,38.36422826672769,37.56436047231634,38.34471893310547,20.577243214854853,20.876302494272945,20.42288991966897,20.828067779541016,116.82120128077,120.77057045474368,115.3614370539407,119.12083435058594
2024-09-13 00:00:00-04:00,46.68886530423045,47.559747169833805,46.64048379864632,47.5403938293457,114.34328324855484,115.35840407207252,114.26444511785904,114.7177963256836,251.4616709016377,255.73334631371984,251.37205883977563,253.48301696777344,247.14728597354105,249.1842660517417,245.7728178079779,246.33644104003903,155.07347350460154,158.0167190902818,154.8539921377882,157.0988311767578,203.29149490959085,204.2644219910962,199.5177416770963,200.7953186035156,121.10829629107906,122.02931324234982,120.6623332248565,121.78694152832033,584.2441964529612,590.7678435418952,580.4386853766774,587.4467163085938,202.3851954108285,203.52346380263052,201.48447027813884,202.0684509277344,113.42283169888312,114.08720901477736,112.35787799843568,113.1981201171875,19.489999771118164,19.799999237060547,19.489999771118164,19.65999984741211,28.247016293703936,28.402006633912773,28.082338826278225,28.353572845458984,424.12887859450143,430.1049097614262,423.7603615358477,428.869873046875,346.47877256055585,346.8044157976179,344.1991795534185,344.978759765625,97.98877710591208,98.36440723597131,97.3660326072444,97.43522644042967,165.24926190635728,166.57727797028096,162.57338923242742,166.19076538085938,174.40975875831683,174.9110305628635,173.34826052189968,174.32130432128906,613.8641701270744,616.0606295985731,606.8452986941812,610.199951171875,462.5593994621724,468.7896464857728,462.0526223661737,465.8384704589844,79.42542559119879,80.29112765430304,79.29607095303936,80.20156860351562,69.79171432095534,70.41239646487209,69.43704847421158,70.35328674316406,87.89177453387528,88.34069899439346,87.72586912480183,87.83322143554688,249.50861284712903,253.86778747053205,249.13383720727376,251.8953094482422,228.0,232.6699981689453,226.32000732421875,230.2899932861328,532.5700073242188,540.27001953125,526.5999755859375,536.8699951171875,371.236756152244,377.6026248057264,371.187343791424,375.6157531738281,680.010009765625,699.6400146484375,680.0,697.0599975585938,223.0889978371173,223.54797910505988,221.42266715079168,222.0113677978516,77.51007722047534,78.68806682681064,77.32199160960069,78.2129135131836,89.0553897680835,90.31979143772897,88.99565688772587,90.15054321289062,41.82978183370172,42.34396622545203,41.5346010979214,42.30587768554688,188.7828482263945,189.4937255203388,186.78653432066253,189.12368774414065,490.9418422037864,494.6754294791386,489.2990698794336,491.20068359375,271.9009079439404,273.90355907062724,270.3167325772528,273.2459716796875,70.04000091552734,70.62000274658203,69.86000061035156,70.0999984741211,911.4106034132768,921.5858376226936,907.1509566670404,913.7748413085938,162.1308837498667,163.12488215047145,161.2254563417952,162.89852905273438,38.42244509497487,38.62997282315085,37.98762078473454,38.19515228271485,156.0070756210139,158.91345784103444,155.755648728388,158.01051330566406,285.4660255054783,287.7079836166914,284.52938279522454,286.3229675292969,187.0,188.5,185.91000366210935,186.4900054931641,164.06251706855076,166.52628025978206,163.6964213498206,165.9622802734375,322.7506111347979,329.137543134268,321.953479735038,327.1693115234375,170.2507959890484,171.39974404914398,169.69105897814725,170.94802856445312,209.42329168896333,212.98135939425651,209.07833575787595,211.70005798339844,48.70349406476653,49.01682544216263,48.634949324206765,48.76224136352539,38.34471853063996,38.91047431564651,38.26668119697016,38.57882308959961,20.80877338174963,20.90524465228893,20.68336201807405,20.87630271911621,119.06084000976254,119.9406956579584,117.58107480834964,119.0808334350586
2024-09-16 00:00:00-04:00,47.898418636722326,48.62415225243024,47.66618225553609,48.37256622314453,115.30912299319776,115.97929597460738,114.73750331393822,115.93001556396484,253.48301405537217,256.7091697944234,253.48301405537217,255.81301879882807,248.07678238081755,250.75649358685533,246.69241631024863,249.6094512939453,156.949153850456,157.88700007819574,156.2407910010188,157.6974334716797,202.2792816794704,204.61822971331483,202.04341645902403,204.27426147460935,122.30075913748234,123.1151244847206,121.51546981367729,122.12625122070312,590.2042326989879,593.9636630747433,583.0225976048241,584.3914794921875,203.8995964487009,204.8399071010022,201.65273744340175,202.59304809570312,113.89645321814324,116.4242066058643,113.89645321814324,116.02094268798828,20.030000686645508,21.06999969482422,19.76000022888184,20.90999984741211,28.644177625692585,29.19633091191644,28.518248674369623,29.128522872924805,428.879848197679,431.79813615912246,426.50935094179886,429.6168823242188,346.2222484165461,350.30777228788656,345.028182841028,349.4590759277344,97.38579728097388,97.4648781007736,94.87504535561058,95.20124053955078,163.71311133869514,164.02033734556431,158.97584842454614,162.55357360839844,175.93321470840095,176.35584037181582,173.32862283596444,174.17388916015625,614.6129487713267,615.5014898305809,606.2961532685522,613.1752319335938,471.4228423298774,472.4761211479316,467.4084714975044,471.8998107910156,80.44038837202473,80.61949890036892,79.74385164606447,80.16177368164062,70.70795491222944,71.17100112480551,70.56018060310592,71.03307342529297,87.83322233415275,88.0674421755771,87.28670688892444,87.9405746459961,253.5127299528205,254.577884957078,250.72168674824852,253.1083984375,229.3000030517578,229.9600067138672,223.52999877929688,226.77999877929688,537.4000244140625,537.6900024414062,521.260009765625,521.5,377.60265428867785,379.5796315362626,375.1610861812596,377.612548828125,700.0,703.02001953125,688.6300048828125,696.5,216.0644583037111,216.7429728995392,213.4502168549942,215.84495544433597,78.52968967666358,79.18302741069394,77.89614685172604,78.99494934082031,90.69810996271354,91.962511599224,90.54877016999548,91.4448013305664,42.47727101269023,42.89623404017766,42.33444080915069,42.84862518310547,190.6915207882476,191.02261269055484,189.3671383198541,190.60386657714844,493.1322213835283,496.1390232748489,491.23060756814647,495.53167724609375,275.677027054271,277.26120233920807,274.49138126895326,275.0194396972656,70.45999908447266,71.23999786376953,70.06999969482422,71.06999969482422,919.7602923168996,920.3887668019069,903.1507138763772,905.6646118164062,163.7252183918165,164.60112211809786,163.154402533986,164.34524536132812,38.35327391579655,38.74856433681671,38.33350882927483,38.63985824584961,157.9706143292006,158.8785524071565,157.25224741303262,158.62911987304688,287.02043469721707,289.8602542611349,286.71154513709456,289.4417724609375,185.2899932861328,185.80999755859372,183.3600006103516,184.88999938964844,163.191778046855,165.57638242558795,162.06379323129286,164.8540802001953,330.50546636638546,332.19814684458345,327.6318648775023,329.9346923828125,171.5666677895104,174.1198802465595,171.18368517174022,174.0511474609375,212.7743952697694,214.7653250970544,212.4195735612657,214.03598022460935,48.84057274661871,50.00577349344284,48.7426543633534,49.96660614013672,38.81293120174568,39.066545093026086,38.22766236482768,38.39348983764648,21.06924466072796,21.55159915966397,21.02100994684891,21.48406982421875,116.77120810734208,118.16098383065176,114.34159881620232,116.7612075805664
2024-09-17 00:00:00-04:00,48.46933363781666,48.778979713384366,47.26945232653751,47.88874816894531,116.09756537955424,116.82686884427456,115.56536852071451,116.42279052734376,257.6152674905955,258.26248591483795,253.67216999506329,254.100341796875,250.44007926390145,252.21007197088892,250.17309189762824,250.71694946289065,158.65524442097214,160.18173369132347,158.01671306098063,158.95455932617188,204.14649103641656,206.30853631881064,204.07770638878867,205.6402740478516,120.99195017410176,121.26340528247584,118.34524807426088,119.46985626220705,581.2867402372385,581.9909788546304,571.7442827542944,573.3016357421875,202.9097924979565,203.64225279583584,201.4745799131248,202.1575469970703,117.01434230803233,117.18154600416244,115.7947278421706,116.34552001953124,21.709999084472656,22.57999992370605,21.239999771118164,21.46999931335449,29.109149304066143,29.196331598428355,28.67323967988562,28.89603805541992,438.47140586333086,440.08492951868885,430.5431821213062,433.4116821289063,350.42614122608063,350.6037648186992,331.88344881598084,332.6038513183594,95.37916991791438,95.4285973163558,94.10401996206028,95.32975006103516,164.0104136840417,164.53567391825027,159.26323103297108,161.0174102783203,173.96748394837806,175.03880553264798,173.27947994918463,173.83970642089844,612.2067901597391,615.6014182589284,606.0366059977597,609.5210571289062,472.5059291823871,473.95669687828894,467.5277054389583,468.67041015625,79.36572573250272,79.86325409011828,77.87314065965607,78.21145629882812,70.83603702354844,71.27937499030348,70.65870033354723,70.73751831054688,87.83322778318609,88.06744763914105,85.92041616050471,86.49620819091797,252.86184073822028,255.9191576699212,252.4771930675456,253.18728637695312,229.4499969482422,234.57000732421875,226.5500030517578,227.8699951171875,524.2899780273438,527.0999755859375,514.5800170898438,515.030029296875,379.0161843917596,383.4742777219341,377.28632930646256,378.828369140625,700.8200073242188,707.6300048828125,698.3699951171875,706.9099731445312,215.27619443719672,216.42366284814068,214.0289395447448,216.31390380859372,79.20283541297538,80.16305094831463,79.05434715089967,79.82647705078125,91.9625116665096,92.8386268042992,91.7633894108274,92.45034790039062,42.610573275069775,42.610573275069775,41.8202525188553,41.97260665893555,189.69822511977023,190.94470095541783,186.7962749579499,188.38357543945312,496.41777838310014,499.54401971346186,495.6710609157321,498.79730224609375,274.889939324991,275.4179978081597,270.0676619451839,271.4725036621094,71.93000030517578,72.16999816894531,71.12000274658203,71.7699966430664,906.223256676145,906.3928266679584,893.2748068596256,895.0903930664062,163.607139493898,165.0636954337726,163.3020365789409,164.4239959716797,38.81773740056981,39.33161830293596,38.748561487732495,39.08456039428711,159.7266123117633,161.22320750164613,159.0481631332768,159.9161834716797,289.8602386701997,292.0224958832557,289.043162273856,290.51788330078125,186.8500061035156,189.4499969482422,186.13999938964844,186.8800048828125,167.1001689261999,167.7136298796582,164.32967526552483,166.92205810546875,329.2654578685889,329.2654578685889,325.8210524983019,327.51373291015625,173.4521281619388,173.78600738259286,172.20497344448717,172.7156219482422,214.1246873312932,215.69181031729428,209.93582693470864,211.0495758056641,49.95682260117608,50.348484979049246,49.5161991577645,49.55536651611328,38.57882299463354,38.84219341358349,38.25692829660018,38.3154525756836,21.29112865365464,21.32007058785944,20.943832803343103,21.011363983154297,118.15099033708098,118.7808938826076,114.81153124290536,115.57140350341795
2024-09-18 00:00:00-04:00,47.81133261887193,48.55641960767003,47.20171532053309,48.13065719604492,115.80190347686684,115.80190347686684,112.864966786651,113.21976470947266,255.30707892257217,255.42674924622105,250.28072750197865,251.74673461914065,251.17180367383577,251.71566124449689,247.73069181774417,248.3932037353516,159.4933240269204,160.1318554271487,158.23621961441162,159.4434356689453,205.4044004992118,207.6942078856916,203.134252295069,203.94993591308597,119.15963066181408,119.24688092675952,116.71651969097609,117.26912689208984,572.2104794502061,579.8087735629321,567.697164672582,575.969970703125,202.15755688732676,202.632658537277,198.5447635383217,199.5840606689453,116.25700395810796,117.41760720422698,115.93243426099234,116.68977355957033,21.36000061035156,21.739999771118164,20.71999931335449,20.770000457763672,29.060717029731816,29.196333117962094,28.79917013303288,28.818544387817383,433.2622842089649,434.2881684017249,428.6906237541022,429.0890197753906,330.5907263888185,334.53807834569994,328.5775684583555,331.75518798828125,94.44999770652836,96.4763928583498,94.23252921749452,95.01343536376952,162.3057942864605,165.97271086382614,159.91733761913832,160.2245635986328,173.82988520318386,175.00932278679372,171.44151022381354,172.20816040039062,608.1731862865158,613.9439805699832,600.904711868044,609.151611328125,468.6704211180341,468.6704211180341,461.7843536955566,464.06976318359375,78.25126409780967,79.01746206510916,77.89304305184535,78.63933563232422,70.82618301178293,71.3089299678181,70.2153549637923,70.6882553100586,85.91064114606988,86.37908822909004,85.55930769523319,86.00823211669922,253.59164551386547,258.36503878691485,252.03338604727892,253.09852600097656,230.08999633789065,235.67999267578125,226.8800048828125,227.1999969482422,517.010009765625,517.5800170898438,506.489990234375,508.1300048828125,379.66854334569337,388.1497915464832,376.68331894341,379.5894775390625,707.5499877929688,707.5499877929688,688.0,690.469970703125,217.0722490372817,222.22092099435915,217.0622612537557,220.20535278320312,79.8462703851945,80.93517159521556,79.42060811053594,80.08384704589844,93.1074348168157,93.6550115397495,92.2811021200305,93.16717529296876,41.99165286248171,42.37253099854393,41.686951806561176,41.78217315673828,188.0719586786729,190.457790569954,186.7573090349244,187.88693237304688,499.0860576130744,499.6037708022453,491.87775448502106,492.5946044921875,270.68537573412544,274.8600386307505,267.05871753812147,270.9045715332031,71.44999694824219,73.87000274658203,71.36000061035156,73.12000274658203,897.753887154995,902.7816221739396,888.7857352154206,890.3519287109375,163.9909633880829,165.68372368902723,163.11505957096486,163.5185546875,39.15373992919922,39.6478557922071,38.95609283003509,39.15373992919922,160.48489453662953,161.26312280572637,159.29759326798978,160.44497680664062,290.7969203975671,290.9762697549824,287.1001889578198,287.4489440917969,186.4499969482422,188.8000030517578,185.05999755859372,186.42999267578125,167.73341916340289,170.60284978840755,165.93259304436273,166.52627563476562,328.6258030547783,333.6152776900581,325.7423507829181,327.6318664550781,171.90055244749732,172.73525049512094,169.46517610817014,170.79087829589844,211.04957056464568,213.74029308275215,210.51733048194745,211.8479156494141,49.33994403305827,50.07431510813306,49.22244570690355,49.51619338989258,38.39349009689934,39.12507335721824,37.55460736303637,38.842193603515625,21.069243803140026,21.22359708931395,20.876301275404465,20.96312522888184,115.87135202544096,117.68105834506784,113.20178347448297,113.3517608642578
2024-09-19 00:00:00-04:00,48.27580234129709,48.42095054941123,47.366217485428976,47.43395233154297,113.82094359935328,113.9884924844717,111.61331804535918,112.50031280517578,260.0142951058519,268.8104287990773,257.3515087600209,265.27001953125,247.206614099062,251.171802757425,243.3007526139557,245.6640472412109,163.3344876968325,163.41429079540828,160.96991366518583,161.76808166503906,206.16113857566475,208.25439929817213,203.76322798182903,206.84906005859372,116.92010874230442,117.07523018351247,115.7567275196337,116.08634948730467,579.0151879182995,580.1162873314818,569.9489023283378,572.4188232421875,202.07836330417217,203.4442823852716,200.1185407519368,201.623046875,116.94549433018724,117.24055835470226,114.378397545809,115.30294799804688,21.280000686645508,21.690000534057617,21.030000686645508,21.13999938964844,28.954157848724552,29.399756430181068,28.59574340588716,28.731359481811523,439.4673922763036,439.7363027421089,435.1546726706456,436.9375305175781,335.52490345142496,335.8999066914742,327.8571834113341,330.8275451660156,96.842135824598,97.56372758245108,95.2210166894986,95.78445434570312,166.7274048105137,169.03423220319073,164.71889132824953,166.46888732910156,172.73889356571144,173.20084230448123,171.1663002000234,171.66757202148438,616.6297394422478,622.7600089045889,610.8389571583268,619.2655639648438,469.80319417708654,470.150981803268,465.6397496309661,466.19622802734375,78.65923763458771,78.69903322315524,77.10694397164103,77.65422821044922,70.50106664117116,70.87544828568139,69.55527343632299,69.57498168945312,86.55476653653255,87.78442633328979,86.4181376702262,87.31598663330078,257.29991438428215,258.67077098202344,255.97832760124885,257.40838623046875,234.0,244.2400054931641,232.1300048828125,243.9199981689453,518.8099975585938,527.47998046875,518.02001953125,526.4400024414062,386.3408629294769,387.3590049337201,382.5549650397989,385.84661865234375,705.0,715.6599731445312,695.3699951171875,704.3200073242188,224.49591687958383,229.3153117998868,224.1367068474718,228.3673858642578,81.76669981097892,82.28145809224041,79.658190740328,80.16304779052734,94.40170159902075,94.8696294109886,92.90831884375524,93.0377426147461,41.85834251646648,41.86786646671558,41.2584644143917,41.839298248291016,188.3640917345011,189.07498384845772,186.9326044726341,188.5491180419922,497.8116307618865,498.9366899088501,484.12181091593465,490.8522338867188,274.4316333273026,277.2712057316303,272.59837310421284,275.4179992675781,75.0,78.24500274658203,74.80999755859375,77.56999969482422,902.0633484545652,902.9312301479652,893.3246188233362,898.5518798828125,163.59726718000604,163.7350492779548,161.81593612183912,162.20960998535156,39.56879632935636,40.56690864114307,39.5391468162704,40.3890266418457,164.4458917934048,164.6155040932057,162.15310375152245,162.86947631835938,290.049586596524,290.43820726013,281.8589651877404,284.2204895019531,190.0399932861328,190.9900054931641,188.47000122070312,189.8699951171875,172.58178188034168,174.936703838097,170.6721294408335,172.08705139160156,331.6765709403493,333.3200576600522,329.2949973170881,330.6137390136719,169.76960740374065,170.0445685414788,167.31458654232264,168.45370483398438,214.87374445486253,215.3369843279669,207.3436526340715,210.81301879882807,50.338695043887725,50.64223646850549,50.08411468484419,50.36806869506836,39.36893714928572,40.06150179026557,39.16409471536635,39.28114700317383,20.88595058098792,20.934187137547905,20.43253798954296,20.606185913085938,117.3311230698782,119.64075670028409,117.23114068021938,117.85104370117188
2024-09-20 00:00:00-04:00,47.69521635222139,47.92744905305205,47.41459845505146,47.81133270263672,112.10609651378934,112.51017484447452,111.56404205046417,112.05681610107422,265.29001051814595,269.58834236911633,260.61270232922845,266.0778503417969,240.7594701028731,242.87555819270852,239.82997078605192,242.64813232421875,163.12496229374892,163.35443045510996,161.68826294232812,163.21475219726562,206.3085393946755,207.7728411510209,205.8859644221329,207.4485321044922,115.8536702478312,117.16247592193916,115.5240482928902,117.10430908203124,567.0920887475687,574.1745546111595,565.0586239328073,570.365478515625,201.71212761076745,201.71212761076745,199.9007997872636,201.2766265869141,115.34228931082994,115.56851182722212,114.4964330640975,115.24393463134766,20.88999938964844,23.13999938964844,20.350000381469727,21.84000015258789,28.6151202527205,28.624805532481197,28.31482484648143,28.498876571655277,435.4734113370452,437.4853309751932,432.4853956233,433.53118896484375,327.9459853456006,331.922940965154,327.5018962345034,331.7946472167969,95.73502230842458,95.94260379890969,94.22263749091744,94.9442367553711,166.23026171440267,171.0427777430229,165.52430364188672,170.1280059814453,169.6133921256384,170.7928297120863,167.30364831259922,168.2471923828125,618.0574879563491,618.0574879563491,607.2347264510507,612.7160034179688,466.5240952803389,469.1175373566598,463.79152603215806,468.9188232421875,77.84329051612383,79.21646605619297,77.72388097676465,78.66918182373047,69.36809285245278,70.73752335537823,69.3385304715976,70.57988739013672,87.32574611136631,87.43309097914387,86.60355646683436,87.1891098022461,255.7120300461684,257.95078159507835,254.40034550463272,256.5602111816406,241.5200042724609,243.9900054931641,235.9199981689453,238.25,526.4400024414062,528.6300048828125,515.719970703125,522.2999877929688,383.859775471701,387.3194856682015,382.5450988701936,385.3721618652344,705.5499877929688,706.6699829101562,696.3099975585938,701.030029296875,229.46496974860835,232.5781131211396,227.12012443578536,227.6988525390625,86.98353483150944,87.11222062037068,83.95440020610587,85.64714813232422,92.78884146040303,93.59527327833636,92.41052057995958,93.33641815185548,41.6869469285183,42.343961454728216,41.563164636257234,42.21065521240234,187.94535370782967,188.74388514095563,187.09814365589247,188.40304565429688,487.5069322564328,491.3699554385792,485.6052881483552,490.5834045410156,274.2722199637236,274.2722199637236,269.27060874213544,271.6319274902344,77.30999755859375,77.56999969482422,75.46199798583984,76.76000213623047,899.3799022280818,905.604734200424,893.5241665761782,904.7767333984376,161.69785596283597,162.258820620072,160.95973429686177,161.56007385253906,40.141968743457966,40.25067482860332,39.76644342907076,39.79608917236328,164.14655838906322,164.37603204660826,162.8095885003916,164.2662811279297,284.4795685358474,285.974207249696,282.2376104650745,283.7521667480469,190.22999572753903,191.83999633789065,187.41000366210935,191.6000061035156,170.87002755672663,171.24602757919405,162.56845012524465,167.13975524902344,329.8264373460503,333.5857672858624,328.96041055019475,332.0210266113281,168.42424578817503,171.39972987357524,168.41443109906197,171.0854949951172,211.24669176959583,214.71605793961223,210.6651830052101,214.56820678710935,50.37785950180398,51.23952266047356,50.348482117109846,50.88702392578125,39.23237195038433,39.6420567808776,38.95924500903068,39.12507247924805,20.54830105965581,20.85700948672369,20.480771723747225,20.77983283996582,117.041165532472,118.6009197546388,115.37143602446804,115.98133850097656
2024-09-23 00:00:00-04:00,47.95648094517008,48.604801234354746,47.87906758398683,48.39191818237305,112.14551636655628,113.23947533143472,111.32750965964084,113.15077209472656,266.5266225479874,267.33442765019174,261.5301735984478,263.4948425292969,242.3514683203978,242.6184556836579,240.1463895860857,241.27365112304688,163.97300985155823,165.1103942398001,161.29914948564644,161.47874450683594,207.36008367508768,208.14628604358447,206.36751236964275,207.79249572753903,117.24004281356292,117.8895972153981,116.7456024585164,117.39515686035156,571.843461089155,574.7597670097847,567.3896603304676,568.7882690429688,201.92989557354,201.96949618878264,200.5441761042362,201.69235229492188,115.27343977019449,116.21766570015608,113.62105564873318,113.729248046875,22.43000030517578,22.81999969482422,22.030000686645508,22.559999465942383,28.50856240135985,28.547309061530783,28.266389770492204,28.392318725585938,432.5451724016005,434.7164566201473,428.6707276626035,431.77825927734375,332.93936970095393,334.9722533301481,329.65318268648906,334.7452697753906,94.94424363899432,94.94424363899432,93.26381007649282,94.38080596923828,171.02287247802943,172.33538087500577,167.39361410184318,171.95753479003906,167.94249429631932,170.959903451061,167.8048935040831,169.1612548828125,614.6628682766069,615.4316046913982,606.8352851441168,609.3812255859375,471.69114601728864,476.152676636199,469.1076199438064,474.3342590332031,78.67913352785776,80.04236394960917,78.67913352785776,79.93290710449219,70.49121951897723,71.1315949276258,70.12669200368039,70.6685562133789,87.38430623397706,87.882029959649,86.86706728869936,87.69660186767578,257.21111698099105,258.84827731883064,254.72580555720023,258.6806335449219,242.6100006103516,250.0,241.9199981689453,250.0,525.7100219726562,532.0,524.9600219726562,527.8699951171875,386.3309706298977,388.130027048996,382.80208939708393,387.4479675292969,702.3900146484375,712.25,699.1599731445312,705.3699951171875,226.8407407931877,228.94610768522745,225.31410200503296,225.97265625,84.53845849282428,85.65705596587154,84.19199091731642,85.33038330078125,93.28663555079976,93.28663555079976,91.7534360085041,92.5598602294922,42.229698401231495,42.40109318953432,41.8488239190319,42.14400100708008,188.6270162631528,189.21130827569252,187.16630109096656,188.7536163330078,491.0015807677571,495.5117530140748,489.1497056659253,494.9641723632813,272.72788754828014,273.9035602800667,270.8348191087976,272.1499938964844,77.52999877929688,78.80000305175781,77.3499984741211,77.66999816894531,904.7767324114312,917.2663381416012,898.5918422449469,914.8522338867188,161.7962528694152,161.8946750921258,160.14286765116137,160.63494873046875,39.7367938960067,39.96408672401251,39.28220823999508,39.40079498291016,164.96469605302332,166.23181758098326,162.58012165110702,162.69985961914062,283.8816793010328,287.84746458232667,283.60268131797943,287.5983581542969,191.63999938964844,194.4499969482422,190.57000732421875,193.8800048828125,166.64501834251325,168.1885750732606,163.60738095017874,164.21095275878906,333.61528099524355,333.7825939081243,328.064853054961,330.27911376953125,170.8792728852461,172.03805056597454,169.48482278313878,170.6436004638672,214.86389118635736,217.44619552474344,214.14439704613508,217.3279266357422,50.97514776319617,51.347226434568,50.80868837004174,51.10243606567383,39.22261545826585,39.91518003673025,39.13482532007847,39.7298469543457,20.779832546607437,20.837714570849588,20.606184633844595,20.731595993041992,116.5312567610485,116.97118080282908,114.84152614526418,116.24130249023438
2024-09-24 00:00:00-04:00,48.39191813464711,49.4369763619569,48.19839211442431,49.29182815551758,112.5594559849591,112.75657013112628,111.5443425693896,111.7020263671875,269.0996430612995,271.7225293616877,265.5692466227705,269.7080078125,240.47272001872784,246.24746318322255,238.86092798830435,246.17825317382807,162.65603264196153,162.84559924653018,160.32140390143587,161.917724609375,207.5074835909091,209.27643511600047,206.74094042929656,207.9398956298828,116.74559443641724,117.86050569520305,116.46444238704711,117.51148986816406,566.2191822427133,572.6568629759041,561.4380243111327,570.553955078125,201.69234190179748,203.8996003367385,200.62335189347223,203.1770477294922,113.94562846082394,114.34889238456692,112.44078016779424,113.07025909423828,22.530000686645508,23.11000061035156,22.290000915527344,22.809999465942383,28.334199501296226,28.66355444672858,28.237330073646,28.576372146606445,431.2702529601879,431.6188608604207,424.3978231376462,427.45556640625,333.49202180278826,336.13674030135644,330.86702922164665,335.14990234375,94.3709095553645,94.7168786967018,93.10564667186716,93.3626480102539,171.82827424562825,174.9902167443506,170.70468885331337,173.84674072265625,168.0604487866702,168.65999831028213,166.59597142640854,167.00877380371094,610.2399549485373,612.9855903533565,606.8553206788624,610.9088745117188,475.91421746523935,477.7127424673429,472.4761266257773,476.3116760253906,80.08216935831362,80.51004405795162,79.84335027594794,80.27122497558594,70.16609463614054,70.7572143917589,69.5552666293208,70.27446746826172,87.56972247513325,88.11623789871723,87.00368438887028,87.5989990234375,261.6787769698087,264.40080620300574,259.8246729577274,262.3790283203125,254.0800018310547,257.19000244140625,249.0500030517578,254.2700042724609,527.719970703125,530.2999877929688,521.7100219726562,524.0700073242188,390.1564378081247,396.4926227870202,389.0987478331196,396.0478210449219,706.6300048828125,722.4400024414062,704.4500122070312,722.260009765625,228.147869614878,228.8463445678705,225.2342838755063,226.8706817626953,86.55787232748557,87.38939444254285,85.78574249138205,86.57766723632812,92.92822557561168,93.37624495145675,92.0521104429786,93.27668762207033,42.096392481444255,42.64866538860679,42.02021903733528,42.524879455566406,187.89668523765903,190.0975059180532,186.57230269996563,188.4420166015625,490.5236570035862,491.0911695499676,482.29982959480407,485.2767333984375,271.5422709300755,274.72059513956185,270.0477622574966,273.1961975097656,77.87999725341797,78.83000183105469,77.66999816894531,78.33999633789062,909.7945119936708,910.5526755076928,895.3497069770792,899.3499145507812,160.21175577136708,160.9006813157815,158.99140427077216,160.20191955566406,39.38102721969738,39.50949838150584,38.78808977563489,38.98573684692383,163.87717066392423,164.176492741931,161.6622086004887,163.2685546875,279.17856788749225,279.9956443255574,271.7352660906827,271.8050231933594,194.2700042724609,195.3699951171875,190.1300048828125,193.9600067138672,165.65555384535102,167.5751105435191,164.2307276323613,165.1905059814453,327.8581944118006,330.0823058771638,325.25029337616786,325.66363525390625,169.76961480889955,171.36046360152685,169.51428303824957,170.12313842773438,216.61828492349244,218.00800453728084,215.0215947523273,217.79116821289065,51.12201860223201,51.474517323203656,50.92618556444726,51.425559997558594,39.82739365395042,40.461430233829,39.62254751731984,40.33462142944336,20.625477929586783,20.895597116180287,20.55794859294751,20.828067779541016,116.5012492087513,121.78040609310196,115.36143323881014,120.85055541992188
2024-09-25 00:00:00-04:00,49.59179990549937,49.70791625708773,47.521040461024526,48.3338623046875,112.17508678652676,112.53974229803946,110.2335557858727,110.98257446289062,269.71798226678567,276.30009362822426,268.6508711428341,273.3481140136719,244.77411170645337,246.50455812765512,242.34160690095237,242.7569122314453,161.09960948590057,162.43653204188453,160.93000127122684,161.11956787109375,208.02835847179267,208.57871065978495,205.01132600774235,206.56407165527344,118.18044375974414,119.01420300906967,117.3466845104186,117.9768524169922,573.2123409109455,576.4262167004266,568.4609702892386,571.6649169921875,204.09755805251797,205.64164969649983,203.16713998416765,204.6716461181641,113.40466979961592,114.11282793768238,112.73584752701387,112.8440399169922,22.799999237060547,24.059999465942383,22.729999542236328,23.540000915527344,28.673240341012804,28.779795043977508,28.00484335136793,28.02421760559082,428.1129287963964,431.38979462226376,426.8579828341436,430.3838195800781,330.7288745731188,335.2781829233025,329.7617625709379,332.6137084960937,93.1748516959983,94.85527775101993,93.13531128344265,94.51919555664062,173.65782027185062,176.13368022901784,172.77287690253547,174.52288818359375,167.48056311247257,167.84423417083926,165.86866152138865,166.49769592285156,612.8956663213274,612.9355808959148,595.0540342956137,598.8280639648438,477.95121115776016,478.54741415958415,472.6848170106276,473.9865112304688,80.49013856912774,81.19662793894311,80.28117756608492,80.99761962890625,70.648847236651,70.85573879191749,70.25476486240697,70.39269256591797,87.99912747625893,88.22359343098641,87.04272545002932,87.23790740966797,262.48751583612574,262.9313354454755,260.28822202801496,261.3237609863281,252.5399932861328,257.04998779296875,252.27999877929688,257.0199890136719,526.02001953125,526.1799926757812,516.239990234375,517.9000244140625,396.0478522033113,396.0478522033113,391.0658611359274,392.36077880859375,721.0,725.1199951171875,716.2100219726562,721.5599975585938,224.43603888049125,226.79085685048213,223.52804884217397,225.8728790283203,86.96373251373602,87.21121041363419,86.35988583379036,87.11222076416016,93.22690507979804,94.0233789056834,92.93818350780803,93.50566864013672,42.65818723664543,42.7343643158089,42.29635337526501,42.42013931274414,188.91917604451424,189.47425498281703,185.95879961772525,186.2509307861328,482.6383551557968,487.7558430600575,481.4236935282156,487.3078308105469,275.15895068607455,275.1987823532345,265.88300676840635,266.8992919921875,78.2300033569336,79.26000213623047,77.33999633789062,77.36000061035156,900.8064401020374,908.14854663996,898.9409875610387,906.2132568359376,160.41844082544915,160.73337994203746,157.82025318209,158.05645751953125,38.78808975219727,38.94620665517201,38.4817366033943,38.78808975219727,162.6000667710883,163.84423017025003,162.4055021045772,162.62002563476562,273.2099894471753,273.26977256181954,267.27130026066817,268.6662902832031,193.75,193.9499969482422,192.16000366210935,192.52999877929688,164.5275645760218,166.81321694120157,164.01304065765996,166.49659729003906,323.7741167498846,324.2661746780759,307.20160933234104,307.8904724121094,170.93819902588234,171.53720972870866,168.96435267152208,169.16075134277344,217.9882898709455,218.65851534448564,216.992824947371,218.04742431640625,51.474517920510536,51.63118360551537,51.27868488045335,51.552852630615234,40.28585305392805,40.29560958172101,39.53476041794831,39.59328842163086,20.857011449277675,20.97277551028917,20.76054017174371,20.79912757873535,122.00036937142777,124.91990547833532,121.5904392877682,123.4901351928711
2024-09-26 00:00:00-04:00,48.20806695845178,48.91444726811333,48.11130394830119,48.49835968017578,110.68690180183324,111.2979443146958,110.47993760855762,111.10083770751952,275.38260449217694,277.8858204206739,271.97184800619704,275.0136108398437,244.24013274262168,245.52561014313645,239.64209579310864,240.5122528076172,163.26463623457852,163.70362938299246,161.90775524120266,162.35671997070312,207.48783491773344,208.0479941411557,205.40439650186897,206.1611175537109,117.8395846963669,119.04543401779912,117.34940338318803,118.47682189941406,570.3654729659204,571.9525526734111,566.3084119192025,570.177001953125,205.60204969056613,206.3740954581241,204.4538736402259,204.9190826416016,112.00800986450196,112.1260399764365,111.07362919962392,111.23099517822266,24.280000686645508,24.420000076293945,23.25,23.920000076293945,27.58830723133284,28.101713903067832,27.423629759088083,28.062965393066406,433.3519041012862,433.5610566850483,427.41572154773536,429.5870056152344,350.33734224155484,359.19912755538286,345.0972352563602,351.1268005371094,97.36603383734666,98.0085523202203,95.88330235759013,96.34789276123048,177.48595204341314,179.2260103967799,174.00583533667955,177.07827758789062,166.32076612290058,168.07026830074517,165.7900095086917,166.78271484375,603.6004686407656,619.5550864433981,603.6004686407656,618.3470458984375,475.9638863915852,479.05415928208754,473.4797324960133,478.62689208984375,80.63939914344884,80.79860427422011,78.86819936041589,79.52493286132812,69.81141954365262,70.5503210989271,69.79171129294126,70.34342956542969,86.93536803459705,87.413569019637,86.37909129199963,87.29645538330078,262.4776610992216,263.05953849571614,255.72191795048377,261.9549255371094,260.6000061035156,261.75,251.52999877929688,254.22000122070312,520.510009765625,521.3599853515625,512.1099853515625,515.3800048828125,394.9011787462268,395.39542302500814,390.9373299771926,392.1334228515625,724.72998046875,725.260009765625,701.719970703125,711.4299926757812,226.80083714120576,227.99819881641105,224.9149883158055,227.02035522460935,89.01285694094229,89.70579965219672,88.15163860817464,88.48820495605469,94.0432883081286,95.36742282920098,93.7645247449002,94.78002166748048,42.46774543480532,42.734361562376,42.23922147668511,42.48678970336914,185.1213143940133,187.81875779540215,184.65387482610373,186.8741607666016,488.85106568016334,491.4695599565522,486.8598189767818,489.119873046875,271.85108816423394,278.87526558842654,269.91818817178364,275.9161376953125,78.94499969482422,80.43000030517578,78.47000122070312,80.08000183105469,903.1007916038448,907.0312228108857,895.9482263445278,899.2501831054688,157.7021580630743,158.9815569234018,157.48564117533073,158.8339385986328,38.92644520810162,39.25256347147228,38.64974154449355,39.05491638183594,164.65540300026643,165.12433738176023,163.1288771112858,163.4581298828125,269.53318394857854,272.26338096099664,269.0349710392466,270.71893310546875,194.30999755859372,194.52999877929688,189.5399932861328,191.16000366210935,173.06661917892407,173.89776275720814,165.02229678730944,170.84033203125,308.69748097648056,314.7005942194816,308.3924074375837,314.0314025878906,168.41443282648947,171.46847940889413,168.27695225620553,170.0936737060547,218.91477160636072,220.77758185166292,218.17556095283956,220.2157745361328,51.89555964894679,52.179517381210914,51.66055924478224,51.74868392944336,39.71033675601624,40.07125382793599,39.661565284980384,40.012725830078125,20.731596791221616,20.992068670394207,20.673714764750965,20.885950088500977,126.77960826024156,127.6494634455,121.78041247124416,124.02005004882812
2024-09-27 00:00:00-04:00,49.872415587783074,50.47235435079585,49.0692686044366,49.26279830932617,111.29794984280156,111.7414434905438,110.69676488617782,110.80517578125,275.51225902490205,277.0879690602532,274.3154948812349,275.8912353515625,241.9460473941051,244.7147644586095,241.2143254810899,241.4911956787109,162.4365443712631,165.31991468714682,162.25696456225583,163.5739288330078,207.01611976551152,208.7752492886718,205.71889857669532,206.86871337890625,118.74153174800772,119.10426115651056,118.1925235553008,118.25135040283205,573.0238447776597,581.9810913012628,571.9426641708351,577.1602172851562,205.38430589156948,208.7001549436325,205.0180832875848,205.5129852294922,111.30968776275245,112.46045327459666,111.14248405671992,111.8211441040039,24.15999984741211,24.65999984741211,23.700000762939453,23.90999984741211,28.11139880863226,28.31482292716907,28.014529388915943,28.17920684814453,429.7961684722898,430.1248672217253,425.762359424982,426.3101501464844,351.639939046635,353.62349288185,344.7024697473777,345.09722900390625,96.52581330299888,97.02005709099012,96.07110992303436,96.23915100097656,177.15781783458317,177.45611657477136,170.7842292800489,171.70895385742188,167.04810951488395,168.709142421501,166.77289291184724,167.08741760253906,618.4069063877654,622.7799592389335,613.0653614521569,613.4447631835938,476.6594707330296,480.2962454204908,476.2421195279639,476.4706726074219,79.50503729176243,79.89310882399789,79.20651722465176,79.38562774658203,70.4813682055131,71.1315977666069,70.4025502234119,70.72766876220703,87.89647774535594,88.54566447549594,87.65057220276137,87.85713195800781,264.06548904090687,265.0122700420658,262.0831390437574,263.4638977050781,257.3800048828125,260.70001220703125,254.1199951171875,260.4599914550781,516.52001953125,516.6799926757812,512.2999877929688,515.47998046875,395.0494304460248,398.8946652633934,393.7248594509841,394.9308166503906,708.3599853515625,710.7100219726562,701.25,707.3499755859375,227.9582911728241,229.01596089620384,226.80083496693396,227.2897491455078,88.54759051673462,89.34942405669459,88.3100138449517,88.5376968383789,95.0687384247557,96.47252177725154,94.85966576292935,95.5864486694336,42.58201419400886,42.89623556773327,42.363010537819584,42.7438850402832,187.5558598581656,190.9934088476161,185.2868801954148,189.68849182128903,488.88092997443925,493.82917921540576,488.24374683320303,491.4795227050781,276.7439084045194,278.8382682632999,274.64957898126505,274.6994323730469,80.4000015258789,80.62999725341797,77.7300033569336,77.87999725341797,891.0900832898103,891.3195050850468,871.876860355184,883.4686279296875,159.43426855658848,160.84161322513452,158.7847179324337,158.84376525878906,39.18338680278728,39.43044471763511,38.8869142891262,38.93632888793945,163.5379529228678,166.59100475314528,163.4581326837826,164.91481018066406,272.1836673885118,276.9864469051213,271.8050207299864,274.1864929199219,190.67999267578125,190.8999938964844,187.33999633789065,187.97000122070312,171.1767383520903,171.6219927443937,168.04014906225123,168.3369903564453,317.57420000885924,322.77033054791605,315.428804609284,317.544677734375,169.89727358336378,171.31136812423517,169.4750171496572,170.4275665283203,219.79197048014333,220.92542081444125,217.59405498634013,217.6630401611328,51.93472573712866,52.110975102146426,51.75847637211088,51.91514205932617,40.21756828856957,41.04669818125787,40.17854962328489,40.61750030517578,20.95347877963429,21.16571593687316,20.914891376523105,21.127126693725582,123.9500642912149,124.01005220096552,119.2408226716024,121.38047790527344
2024-09-30 00:00:00-04:00,49.84338311444175,50.25947068284774,49.388592558555615,50.06594467163086,110.94315114100677,112.44118096922656,110.47994232332634,112.36234283447266,273.20851782165505,274.9936509554121,268.41153937612734,272.9691467285156,242.2624779820709,244.2500136961788,240.73969190217588,243.72593688964844,162.9453785886578,165.76887364583845,162.88550343062403,165.46957397460938,202.750991657337,207.320784583536,201.7191019646106,207.22250366210935,118.91799458705222,119.37875875804184,118.18272258625736,119.01602935791016,578.7969254223414,581.6933729470786,574.0752818622316,579.9674072265625,205.9781980353912,206.67105774610872,202.147646664694,204.6023712158203,111.74244891043035,112.13587510380674,110.8474041328996,111.69326782226562,23.739999771118164,23.950000762939453,23.09000015258789,23.459999084472656,28.198580578119667,28.276075742927954,27.87891279233166,28.03390312194824,426.4993769553848,428.7005703259381,423.6707258429949,428.5810241699219,343.9130504601076,349.3998674498544,343.14331800804695,348.8275146484375,96.26880564252689,96.56535493570726,95.300092029053,96.3676528930664,170.89360893834112,171.93764696713615,168.66634399382318,171.52003479003906,167.6574692588918,168.797598677538,166.6746021733061,167.1365509033203,611.5178290832007,618.0374937359187,608.0633598919522,617.5881958007812,476.2719157919996,476.55013981343535,471.1446185477017,473.8374328613281,79.49508824038979,80.53990093146338,79.46523775064729,80.35083770751953,70.93455092212051,71.13158833475043,70.62914067759549,70.79662322998047,88.01450856499065,88.62434946245104,87.56203579634183,88.55549621582031,264.7361216818706,267.5370367681069,263.39485111844414,267.1228332519531,259.0400085449219,264.8599853515625,255.7700042724609,261.6300048828125,513.8300170898438,518.469970703125,511.739990234375,517.780029296875,395.59314061073366,400.64430275975855,394.4267011634179,400.53558349609375,707.0,711.2100219726562,702.8200073242188,709.27001953125,229.5348054854851,232.48831176757807,229.1456625683617,232.48831176757807,88.79507462149465,88.84457322643551,86.84495495710885,87.50819396972656,96.42273994535364,97.1395648452812,95.01896417944312,95.76565551757812,42.97241134002389,43.19141498954916,42.64866602500327,42.7629280090332,189.74691851910092,192.44436200492137,189.27947893656025,192.3080291748047,489.62761534071655,492.8235575614561,487.9649110944312,491.6387634277344,274.9886703698692,277.58165553972265,273.00400008087706,277.2724914550781,77.87000274658203,78.59500122070312,77.23999786376953,78.02999877929688,889.2046489391265,907.7893971831792,879.2688221891387,884.366455078125,159.0110868047527,159.61141130366968,158.1351680691905,159.49331665039062,38.76832677692848,39.32173785234541,38.56079903732383,39.21303176879883,164.40596785707794,166.9801133920327,164.26628624932783,166.8105010986328,274.0170637595923,274.7045999158872,272.22350968747446,273.9672546386719,187.13999938964844,188.4900054931641,184.6499938964844,186.3300018310547,169.56390828570582,170.41484525702091,165.98206468685564,168.25782775878906,316.2161020015168,318.0957668187512,313.7262901820784,317.0919494628906,170.6043102843555,170.8694567404072,169.602672533509,170.08384704589844,217.47575999682007,218.1361347234696,215.86921913084691,217.8995819091797,51.91514032188796,52.19909803771392,51.55285163267816,52.1109733581543,40.72480295221217,40.87112109793552,40.28585223606716,40.74431228637695,21.22359848022461,21.29112781734677,20.9052445766227,21.22359848022461,118.29096227592748,121.48045146740192,118.13099198549791,121.42046356201172
2024-10-01 00:00:00-04:00,50.26915215490606,51.2561503735081,49.94015274870538,51.18841552734375,112.55944626219718,112.569303848438,111.16982736764756,111.91883850097656,273.3980095046122,273.9564913374936,268.96004198923947,270.1368408203125,243.41941831130717,244.58624143017764,240.93746922180327,242.8063507080078,167.30535540779766,168.7719847422779,164.2024885113937,166.60696411132812,205.29631326099212,205.48303801863204,202.63307117888843,203.4683990478516,119.11406508248908,119.56503101570522,117.96704254716278,118.22193145751952,580.2848206201519,583.9550102267323,576.0889343679547,578.5985107421875,204.32520221726213,205.87920151671187,202.7415251136739,203.9688873291016,112.08669723461604,112.9030552961201,111.25067123966956,112.85387420654295,23.459999084472656,23.71999931335449,22.26000022888184,22.690000534057617,28.14045953404257,28.16952091547849,27.636741855900706,27.772357940673828,426.7384400086305,426.7683189487975,417.13693529272734,419.0094299316406,350.31759072484203,350.31759072484203,345.29458922355786,347.34722900390625,96.36765645357758,97.01017491816644,95.24078116435618,96.308349609375,171.18195889834809,171.2714439650656,164.85808959121536,166.5186004638672,168.35530192375242,168.99417454841566,166.86135470355464,168.4437713623047,619.015955235442,619.015955235442,609.6009295514712,611.9671630859375,473.9368000535451,474.83108937552,470.8862821693529,472.0090942382813,80.28118337337636,81.12698013973592,80.04237186572117,80.8682632446289,71.03307007650903,71.673452946339,70.57002388576281,70.64884185791016,88.77189888424344,88.87025959818534,87.74893094947652,88.52599334716797,266.29440073820524,270.38728654896016,264.52902450937586,268.8882141113281,262.6700134277344,263.9800109863281,248.52999877929688,258.0199890136719,517.4500122070312,519.0,502.5,502.7999877929688,399.3691209920479,405.8338443594295,396.78918043465046,404.3412170410156,713.6400146484375,717.760009765625,698.5900268554688,706.1300048828125,229.0159547825387,229.14565893600417,223.24864947388588,225.71322631835935,87.11222229383964,88.73567674148526,86.8251470186256,88.23081970214844,94.7700715989436,95.42715605814304,92.90831837235986,93.63510131835938,42.81053606988632,43.07715220409322,42.52487929896449,43.048583984375,192.47358282563025,193.7590194403236,191.27580042314935,191.8016662597656,495.0836729339497,495.8502919693053,490.9518117560359,494.20751953125,277.8708895968037,277.8708895968037,272.2859398265012,273.8218078613281,78.20999908447266,79.01000213623047,76.38999938964844,77.47000122070312,883.0995344067621,884.8352978248349,870.6298996368276,875.2486572265625,159.85745722554074,160.17239633438666,158.6272544887175,159.4244384765625,39.04503004743023,39.09444464477996,38.4817383198447,38.758445739746094,168.47670815509065,170.05312356675083,165.5234203103271,168.03770446777344,275.9800654604579,278.062591812052,273.37937821186205,276.6078186035156,184.8999938964844,186.19000244140625,183.4499969482422,185.1300048828125,168.01047420489334,168.49530041310027,162.35075629988265,164.0328369140625,316.9345265018741,317.0821679191599,311.8860369566501,315.2320251464844,170.1231256863097,170.86944661050555,169.10182864871774,169.9267120361328,217.45607354341251,217.9193134371387,212.79410738223496,216.19448852539065,52.00326463883202,52.09138931777717,51.21993623443327,51.64097595214844,40.60774840007192,40.93939962029852,40.15904118139489,40.676029205322266,21.15606976154536,21.36830509013864,21.069245799839813,21.349010467529297,121.75040758040218,122.42030559533124,115.77137385100936,116.9811782836914
2024-10-02 00:00:00-04:00,51.12067781622769,52.77534957911954,50.71426507074587,52.02058410644531,111.74143606372888,112.1455143765294,110.4109476897967,111.9976806640625,272.9791221369097,281.236709408527,270.1168952476319,278.7235412597656,242.31192234190047,243.43918388090955,239.5036588711472,240.63092041015625,166.03826626655388,167.13574919120185,164.3521403294987,165.47955322265625,203.5076966269152,205.34543274647,202.14167590256272,203.7140655517578,117.93763164456956,118.0062567319676,116.92785181632192,117.25137329101562,599.3896442251188,599.6475582991834,579.5409161270751,587.5359497070312,203.47397937538207,203.94908098206497,201.58345044652916,201.80120849609372,112.66700874337884,112.71618233166753,110.1392551827228,110.23760986328124,22.670000076293945,23.06999969482422,22.350000381469727,22.38999938964844,27.704548179241904,27.869225635232848,27.491435090529823,27.714235305786133,420.89189457845896,421.1309565128566,415.0453484935869,415.4636840820313,348.0675977317396,352.4886424982631,346.715634586674,351.6004943847656,95.71526371799725,95.88330481336524,94.76631645163596,95.3890609741211,166.59815790656663,171.85809894360492,166.07117003002023,169.69049072265625,168.56171426349815,168.79760777580367,165.6327743898429,166.64512634277344,609.0318438331897,615.591423627725,604.36927284558,611.7474975585938,471.055197208504,474.413778136738,469.66407708785374,472.8239135742188,80.58964666606683,80.58964666606683,79.72395212421392,80.03241729736328,70.33357973235594,70.37298871968838,69.36808585044632,69.9592056274414,88.07352751870378,88.22107234093141,87.53253233868294,87.66040802001953,268.0400411228757,269.1446240157182,267.0242161306053,268.1189270019531,247.5500030517578,251.16000366210935,241.5,249.0200042724609,503.8699951171875,510.1900024414063,502.8200073242188,505.80999755859375,403.00680098454745,406.7234974848021,400.29832179687656,406.52581787109375,706.1300048828125,716.2100219726562,704.6900024414062,711.0900268554688,225.3939223013361,226.8706678098605,222.53022998119604,226.28196716308597,82.0537695617145,84.37016656640662,80.94506588270342,82.26165008544922,93.17712257145716,94.16276063954646,93.17712257145716,93.73465728759766,42.972413501077234,43.11524008021655,42.724841618852025,42.89623641967773,190.53570559141173,191.84060768152315,189.3573887219345,191.6653289794922,490.7825677866904,493.7395702985723,487.536826000958,493.4010620117188,273.75198065379465,274.8590120704045,270.30129193081393,273.1735534667969,77.47000122070312,77.7699966430664,76.18000030517578,77.44000244140625,872.5253553471343,879.0893276040731,865.0534986466282,876.3959350585938,158.9520279181528,159.5523674472498,158.10564784462463,158.61741638183594,38.78809089034141,39.07467896345623,38.59044381337241,38.76832580566406,167.37919706037525,168.49666513124245,165.87263008138385,166.9302215576172,275.5814929312021,276.6476758434723,274.3857697985717,276.00994873046875,184.44000244140625,186.6000061035156,184.0399932861328,184.75999450683597,164.39892284046022,167.9609881271179,163.4094619383859,166.5460662841797,312.58471792447057,315.57643847635285,311.15773794854186,314.6513671875,168.91523566782195,169.347321700367,168.00197517706195,168.8268585205078,215.16942990883544,217.03224011334544,212.69554372336543,216.56900024414065,51.7001770816213,52.13429933837906,51.43378259551415,51.917236328125,40.67602930056896,41.13792308424958,40.53844487536054,40.58758163452149,21.27183416341036,21.45512940110996,21.22359944613829,21.40689468383789,116.42127087200362,119.360792730428,115.12147695024304,118.83087921142578
2024-10-03 00:00:00-04:00,52.1076721951478,52.53343827929876,51.6819098022689,52.44635009765625,111.86957078183715,111.86957078183715,110.17442678850551,110.60807037353516,278.23484171915175,280.35908126958327,276.9782728854268,280.149658203125,239.72120561857744,240.2848439764595,236.92283984914403,237.9413299560547,164.0328822574666,166.25776285148348,163.54400073216186,165.47955322265625,202.61340765036468,202.92789460292263,200.81497475377728,201.6896209716797,116.92785053344572,117.25137200458992,115.4867237138983,116.05532836914062,585.8495852468462,588.4484628324316,579.6598902172627,587.9723510742188,200.43528631739125,201.49438372179367,199.54446886393077,200.81141662597656,109.98187614173436,110.237604301469,108.02459033264176,108.36883544921876,22.13999938964844,22.729999542236328,21.649999618530277,22.26000022888184,27.607678545396983,27.627052798333835,27.37519305304614,27.45268821716309,415.9616796785687,417.8739927473743,412.6350257729925,414.87603759765625,354.8175625486919,359.6530924556706,354.6004570013749,356.4853210449219,94.53895783579476,95.28032357010404,94.21275510272372,94.45987701416016,168.65638947237477,173.94617400897627,168.22883957092165,170.9134979248047,165.25927580954485,166.21265810911467,164.30589350997502,165.64259338378906,608.8919991521093,610.5194168472566,598.3986711571425,599.9661865234375,468.9685055490796,469.75350667924056,465.18265739764905,466.77252197265625,79.90306264868018,80.18167733303196,79.45528254167417,80.03241729736328,69.81142834433979,69.93950192412781,69.1611912858092,69.47645568847656,87.5620395765138,87.77843764796428,86.22432037057159,86.33251190185547,267.74418100625337,268.5528741315427,264.9235217475262,266.4916381835937,244.47999572753903,249.7899932861328,237.80999755859372,240.66000366210935,501.0199890136719,509.80999755859375,498.5899963378906,503.7999877929688,404.2918148780131,408.2161156080522,402.1171280126477,406.8421020507813,704.260009765625,708.8099975585938,700.0,706.7999877929688,224.6455731013804,226.3119038145279,222.82957789090327,225.1744079589844,81.56872028607245,82.93479562436289,81.15295921169184,81.27174377441406,93.19704103481384,93.67491926603188,92.7191552078583,93.21694946289062,42.781973310771264,42.81053789938728,42.26778892174464,42.39157485961914,191.7140006550091,191.8892942098526,189.6397951269797,190.3311920166016,493.3811285818342,494.9143970161716,490.8423012462346,492.8036804199219,272.1263377697164,272.5651571621434,268.8452056140785,269.7926330566406,76.52999877929688,77.4000015258789,76.04000091552734,77.30999755859375,872.3157930720674,879.0394103702031,870.5500733121702,873.5427856445312,158.23360255383233,158.88315323144894,157.68247410632392,157.95803833007812,38.52126677158907,38.80785483629465,38.27420887507826,38.78808975219727,165.4436153407923,167.52886763193206,164.994624608732,166.83045959472656,275.6811294439846,276.69747277597696,274.8540790312889,275.87042236328125,183.0500030517578,183.44000244140625,180.8800048828125,181.9600067138672,164.20105478431503,167.74332708078455,163.9141177289427,167.13975524902344,312.0729856702708,314.6513946139926,310.4492004052223,312.4371337890625,168.2867756435057,168.2867756435057,166.71557118537385,167.05926513671875,216.3423273887178,219.62442463855407,216.1156403227257,219.51600646972656,51.49297812513642,51.9567022717791,51.46337999279763,51.729774475097656,40.322239635335904,40.41068730357461,39.8308645337641,40.10603713989258,21.349010068759124,21.445481339967387,21.194656770840485,21.271833419799805,120.90054847309592,124.33999759824168,120.32063993396464,122.83023834228516
2024-10-04 00:00:00-04:00,52.25065848204181,52.84752614747486,52.15280857022227,52.79860305786133,110.50950672588505,111.1205492601912,110.06601308460714,111.01213836669922,283.09167515614,287.110796566182,280.7081598805945,286.9711608886719,239.01913005835704,240.4628082220303,234.5397474589653,236.1910858154297,167.67450983826666,167.84411807380985,165.10042588796134,166.6768035888672,206.94988807449755,209.29327181595772,204.58672467758376,208.84832763671875,115.42789849425895,116.77099804274287,115.22202323142396,116.76119232177734,587.3574334526122,591.3251934283551,583.6971724532609,586.4349365234375,202.48417822061072,202.9889727404156,199.5840451240172,201.7022247314453,107.69017245682431,108.48686256630734,107.59181778394436,107.96556854248048,22.700000762939453,22.90999984741211,22.299999237060547,22.59000015258789,27.40425565244797,27.694862068916283,27.355820017949565,27.6851749420166,416.5692334072243,418.0732110879605,413.3123071245128,414.39794921875,359.4063920266142,362.9491366393095,355.0840370040236,357.47216796875,95.06285608943426,95.61641430518412,94.05460199836952,95.4681396484375,175.29844031292794,175.89502260142467,171.6194630981684,175.63650512695312,164.28623535536187,165.61311198444923,163.96190239900582,165.09219360351562,601.6734898927415,603.0313166289603,595.5831963970413,597.6598510742188,467.1799241907246,467.84566045654446,461.93339235002,465.2124633789063,79.654294222205,80.70905192599238,79.4552783213241,80.5398941040039,68.92473840365754,69.24000277677995,68.68829200293963,69.13162994384766,86.51940163127455,86.8439987351542,85.7816850339706,86.81449127197266,266.2845442650753,266.7382058020431,259.5386727554087,264.07537841796875,246.69000244140625,250.9600067138672,244.5800018310547,250.0800018310547,507.2900085449219,508.55999755859375,503.5899963378906,507.2200012207031,405.349516869131,407.079371874011,394.85177303754926,403.6591796875,713.3200073242188,721.010009765625,708.8200073242188,719.7000122070312,227.39951613756347,227.49930262356304,223.63780617480535,226.30194091796875,81.79639839508293,82.69722163798585,81.27174641951383,81.42023468017578,93.88399878988896,94.91940414786328,93.47580385805848,94.7302474975586,41.67743068468371,42.13448225975826,41.46794735065341,42.06782913208008,189.99036731129095,190.5162182573108,187.9940535203725,189.2015686035156,493.3910496831472,496.8657650629305,490.3145775219965,495.5216979980469,270.829870760625,271.82718212163354,267.927691047827,269.3039855957031,78.16000366210938,79.52999877929688,77.98500061035156,79.36000061035156,875.8571641294026,882.1418479000301,873.5427926008533,880.9647216796875,157.10180717421375,157.95802343031949,156.2652633485749,157.7513427734375,39.46008798160553,39.77632179115584,39.15373482931426,39.637969970703125,168.95561168385737,169.1651417037373,166.58102439541923,168.17738342285156,276.35867095271954,277.4447713048153,274.1167131522515,276.93658447265625,185.75,187.6000061035156,183.6000061035156,186.50999450683597,170.7314908870958,170.97885612596494,164.72545564032387,167.1199493408203,313.6574176744089,315.6453209604668,311.4037838770272,314.5824890136719,165.81210894263924,167.0297896556855,165.23271265238327,165.84156799316406,220.53117785833575,222.82766075538413,220.0580872520289,222.74880981445312,52.09483318534234,52.2033646915801,51.71004240049968,52.045501708984375,40.18465642331815,40.64655023242583,39.9586243196193,40.4794807434082,20.93418794520054,21.2043053122118,20.72195076822134,21.136775970458984,124.91990339813242,125.01988578554294,121.810403092212,124.89990234375
2024-10-07 00:00:00-04:00,52.837743232463474,53.24870166596046,52.26044181450879,52.289794921875,110.67706207260122,111.96812776420778,110.18428798949816,111.72174072265624,285.80428236218864,287.3900053912085,282.6129622659555,283.7997436523437,235.04405544024667,235.48902434646675,232.66097996005905,234.22332763671875,167.3352883566198,168.09353960289477,162.37668722767793,162.6061553955078,208.6604524007274,210.934629911408,207.33550218655432,208.5615692138672,116.5749282836914,116.62394192928066,115.95729501676344,116.5749282836914,584.0442716128977,587.6648764632428,578.6283185094483,578.8564453125,200.14824518846865,202.24662453877252,199.66323585988343,201.2568206787109,107.89672396064248,109.155689338842,106.401713361003,106.80496978759766,22.399999618530277,22.649999618530277,22.020000457763672,22.3799991607666,28.45044216100873,28.90572605267425,28.198582397226552,28.285764694213867,414.3382079936023,415.4437592952022,407.3661708398638,407.9040222167969,355.2616531735289,357.2353290244929,351.1662818059592,352.103759765625,95.0826270735937,95.40882225829613,94.2621805347692,94.98377227783205,173.82687068202432,177.2970345976861,172.87231767942785,174.08538818359375,164.84648697241292,165.0528806846232,163.60807970706168,164.34523010253906,591.3798712648834,598.3387791629208,591.3798712648834,597.8994750976562,461.5061242952648,463.3841288776474,457.84942670317406,460.30377197265625,80.29113627698825,80.53990047901964,78.58959004609528,78.70899200439453,69.01341115022765,69.06266674607163,67.850872354072,67.98880004882812,86.4210412851706,86.53907864283796,85.45708829199039,85.61447143554688,261.5012702831908,266.1957776523189,259.96273981892006,264.8446350097656,249.0,249.8300018310547,240.6999969482422,240.8300018310547,503.9599914550781,504.8699951171875,486.3999938964844,487.2999877929688,400.2291485310016,405.0924953651504,396.6211411450303,403.3626403808594,714.760009765625,715.8800048828125,696.4299926757812,701.9199829101562,224.0069975750027,225.19438676879489,220.84396072803747,221.2031707763672,81.31133867118805,81.63801131358379,79.28201685895226,80.01455688476562,94.6705078149838,94.7202902788025,91.35520384786712,91.982421875,41.97261100600719,42.02974018213149,41.677430277514006,41.744083404541016,189.3281820978784,189.98063316530968,187.7895601597948,188.53939819335935,495.1533265722655,496.3480866958892,488.6021385722941,489.1497192382813,267.77809296876336,269.77271563519736,266.7508635129709,268.0673217773437,79.29000091552734,80.48999786376953,78.61499786376953,80.26000213623047,879.4583864116447,885.5535902285375,870.2109465672196,871.4678955078125,157.71198540443683,158.31232491992176,156.69829958573445,157.00338745117188,39.736796393341386,39.964089235631846,39.24268053536955,39.48973846435547,168.7560635386529,169.51433291164238,163.7574413654542,164.016845703125,276.607780857767,276.6276984247402,272.2633489861844,272.8114013671875,182.9499969482422,183.6000061035156,180.25,180.8000030517578,165.87323795198932,166.94185762130064,163.9932681306679,165.1806182861328,314.9957922659701,315.12373213343426,310.90189670411525,312.4075927734375,166.1165409576129,166.52898267860675,163.8677333789275,164.1132354736328,222.1377325724404,224.3947824666941,221.7829108598853,223.85269165039065,51.877772958319845,52.1441636783794,51.67057473952306,51.8087043762207,40.23379395897879,40.47948152192811,39.82104065269338,39.8603515625,21.13677535130207,21.13677535130207,20.90524539777321,21.011363983154297,124.9698910723034,130.61898369823507,124.92989659161152,127.69945526123048
2024-10-08 00:00:00-04:00,52.34850290939723,52.671402008707005,51.33088625608398,51.35045623779297,112.10609381180414,113.63369633953111,112.10609381180414,112.97337341308594,285.2258616816999,291.8379206175533,283.3310106456344,290.7807922363281,235.02427874314364,236.2702098080242,234.65841776100328,234.90562438964844,163.5639517960843,164.35213297119705,162.49639888774195,164.00294494628906,208.2155013560977,208.95707997068217,206.04020710414096,208.3835906982422,116.89844893316364,117.23177614818228,115.92789193219808,116.46709442138672,583.3202075900813,584.4609627557611,574.8887179715043,576.8924560546875,206.5621752798701,207.54207146045377,201.71212717903336,204.889404296875,106.19516764932592,106.96234464476176,106.03779416104118,106.73612213134766,22.25,23.420000076293945,22.049999237060547,23.31999969482422,28.295449380100777,28.566683392551774,28.09202525648544,28.26638984680176,409.2585670086313,413.99956190900485,406.5394920239681,413.0533447265625,354.79786989750914,355.90312365442213,352.8143158526776,355.6366882324219,94.94424000460552,95.76467900701128,94.18310030521678,95.1023941040039,174.42344586199636,180.5683454780828,173.89645797947125,179.70327758789062,164.84647538533252,167.7262688625088,163.99138578583933,167.50021362304688,598.0992057331133,601.3440474963093,593.7661280886233,594.5049438476562,462.5593949497929,467.0805428443445,462.16190607296494,466.4644775390625,79.22642753321816,79.42543586253468,78.679143240076,79.31597900390625,68.01836044100003,68.41244282227737,67.84102374525003,68.15628814697266,85.88988703511389,87.10957641687256,85.80136464251179,86.69645690917969,266.7579363366048,270.4859185636208,266.09714296171376,269.509521484375,243.55999755859372,246.2100067138672,240.55999755859372,244.5,492.4500122070313,500.0,486.3999938964844,496.239990234375,405.0825858401863,410.5094083603494,403.7382559247983,409.41217041015625,703.8800048828125,725.0599975585938,703.5499877929688,721.760009765625,223.8074274254469,225.4837307412941,222.7597302404025,225.27420043945312,79.935359510555,80.59859845180648,79.12363232288541,79.95515441894531,92.11184097963438,93.32646011618606,91.28550833057166,92.10189056396484,41.89643213544091,42.03926233428633,41.60125141957772,41.90595245361328,189.25026267797625,189.89298094892575,187.21500301246655,187.95509338378903,490.3444513706141,495.3524351103688,489.3786956012853,494.8844909667969,266.26221376716416,269.62314838160177,265.7834933289557,268.0872802734375,79.98999786376953,81.4000015258789,79.57499694824219,81.16000366210938,874.5703762092304,889.1448717121573,874.5703762092304,888.2570190429688,156.96402872519397,157.71198656263414,156.43257274778102,157.16085815429688,39.578677381318,39.677502809581,39.34150389309606,39.46009063720703,165.0544764190507,165.72296895610333,163.9370236242508,165.32386779785156,273.7281274326881,275.11317391317993,273.0306476065038,273.97723388671875,181.9199981689453,183.08999633789065,180.9199981689453,182.72000122070312,163.12253135587446,165.9523902513778,161.9351812461335,164.58692932128906,314.10026414871544,314.86787329840234,311.4529901509729,312.6339111328125,163.8481081319485,165.55679316426148,163.27854145975778,165.13453674316406,224.82845789004253,226.0506249237425,223.77384346721377,225.33111572265625,51.93697011723101,52.06523496655084,51.50284785674518,52.0257682800293,39.87017569689583,40.322239893501575,39.68345450670508,40.24362182617188,21.14642114776154,21.204303171987927,20.95347861362509,21.08853912353516,130.23904002332463,133.45852325335272,129.39917881279587,132.86862182617188
2024-10-09 00:00:00-04:00,51.12540895108612,52.00603949782603,50.40133453125635,51.663570404052734,113.31831671145312,114.58966706356485,112.90438082097332,114.2742919921875,290.03283037420647,290.78080031197675,286.3029329220758,287.14068603515625,234.46065347082063,235.99333757297336,233.2444010930096,235.02427673339844,163.07507293573457,164.46188392429227,159.37359151374716,161.4887237548828,207.34538926358616,211.83442051158937,207.02899021573995,211.02362060546875,116.47688490308676,117.92782492668805,116.37885013328598,117.81998443603516,577.4677383315425,588.021993997145,575.9302435078904,586.4547119140625,204.90920493038865,211.84772474160292,204.79041819375811,211.5210876464844,106.62793371950526,108.4868648406355,106.4213791469524,108.45735168457033,23.25,23.479999542236328,23.059999465942383,23.459999084472656,28.30513712925925,29.47725365235542,28.18889529824694,29.244768142700195,414.1987134602642,418.70067647812056,412.6449477589923,415.7923278808594,356.2287688302501,361.6366214430934,356.0215111803259,360.2747802734375,95.36929032556654,95.36929032556654,94.36102871477696,94.77619171142578,178.22175841169644,185.3609621655684,175.41777130695772,184.8936309814453,166.4780290220199,170.3112045939171,166.20282744236377,169.58387756347656,593.1670325820551,599.1175949944212,592.168619750749,598.2988891601562,464.53677177359657,467.6568835770339,464.0697496349975,466.5936584472656,79.42542874491029,80.1020676323038,79.35577507672333,80.0025634765625,68.16613798039869,68.70799464359439,68.04791101851261,68.54051208496094,86.51940309996408,86.99154503220751,86.23415177696472,86.90301513671875,274.2730757920164,274.2730757920164,269.5193965214684,273.36572265625,243.82000732421875,247.42999267578125,239.50999450683597,241.0500030517578,495.8800048828125,495.8800048828125,492.3200073242188,494.0799865722656,415.1652094774583,415.194862928627,406.0216899830143,411.2804565429688,719.25,728.5900268554688,718.8699951171875,727.4299926757812,224.7353864657012,229.24546472466872,224.3362709632568,229.03591918945312,80.32142803676686,82.09337073831706,80.25213452564148,81.61820983886719,91.45475855166428,93.59527530681883,91.0565216397713,93.18708038330078,41.95356606996964,42.13448117869388,41.71551815370583,42.00117492675781,187.7993026995728,189.7858689662179,186.92286460554,189.6495361328125,496.8584614115955,499.2212209844954,494.0769707029523,498.4236755371094,269.05467365754384,269.7528038257227,266.1026403764306,268.50616455078125,80.87999725341797,82.0,80.8499984741211,81.6500015258789,890.0725722715313,907.7894396487768,885.7131926905429,906.8916015625,157.38721765229886,158.6666315192219,156.98370754508588,158.10565185546875,39.40079573783088,39.91467666004832,39.25256324879804,39.7170295715332,164.48078878674917,165.8825983372775,160.75426631287192,162.6898651123047,274.01709107843766,276.4981815542092,273.4391775024493,275.940185546875,182.82000732421875,185.8500061035156,182.0500030517578,185.1699981689453,164.20105312848102,168.50521460150208,162.93454423165187,168.42605590820312,311.630121828436,317.85956180782904,309.7012632139441,317.2887878417969,165.35056155640325,166.75482622622872,164.97739360922952,166.22454833984375,225.90275941905367,231.57004076266077,225.2128325242094,230.9293975830078,51.94683819137728,52.96308089555178,51.83830668631974,52.84468460083008,40.25344719393954,40.72516683891995,40.056896404640746,40.68585968017578,21.098188678844167,21.223600051349685,21.02101202498617,21.15607070922852,134.08841860906853,134.49835629027027,131.35886221320516,132.62864685058594
2024-10-10 00:00:00-04:00,51.88862012087505,52.27022545073867,51.20368939168012,51.27218246459961,114.54040114644496,115.1612937412628,113.78152490031016,113.9490737915039,287.1406728095739,289.4444176769989,283.8495869739858,289.38458251953125,234.79683256630645,236.27018937741468,233.6497902873884,236.1515350341797,160.50099024469034,162.69595604624766,160.0320671165202,161.70822143554688,212.39801544891327,212.39801544891327,209.09552207412932,210.45013427734372,118.25134340841,119.1924906379308,116.79059770089464,117.04549407958984,590.3827993307781,594.1224322347415,587.9823216561043,592.8825073242188,209.3435097999856,211.4913822961868,208.9673795119993,211.42210388183597,108.88027979090846,109.00814761751217,107.3754315545758,107.60165405273438,23.190000534057617,23.530000686645508,22.959999084472656,23.21999931335449,28.95416006224939,29.13821178481056,28.36326008081185,28.4213809967041,413.5712539026246,415.68278008253634,411.4995460461954,414.1788024902344,360.23516307329714,361.13684455590976,355.6276943725639,357.7679443359375,94.3214890995622,94.38080348641364,92.68060353354272,92.7992172241211,182.51719694991723,185.25157425590984,181.4930495727138,184.63510131835935,169.12194815474578,170.09497698002036,168.28650512544945,170.02618408203125,596.2221744303494,596.2221744303494,588.9337729369781,592.8475341796875,468.9188181114399,469.6342556288286,464.7752361723672,466.4446105957031,79.91301319879757,79.92296589296892,79.06721639458476,79.21647644042969,68.79666930646215,68.87548728398845,67.96909557542821,68.22525024414062,87.79811749049263,87.9751697822686,87.33581386727528,87.39482879638672,269.0657303423868,271.26502404286833,267.2608961234921,269.4503479003906,241.80999755859372,242.7899932861328,232.33999633789065,238.7700042724609,490.5400085449219,506.4500122070313,489.3500061035156,503.5700073242188,405.0035255775759,409.7087406784207,402.93758815014246,405.2407531738281,723.2899780273438,733.8499755859375,722.5,730.2899780273438,227.279775108536,228.99599906464636,226.67111410985407,228.53700256347656,82.5586319216985,82.60812297202395,81.2024502620173,81.27174377441406,93.30655589996243,93.46584611097218,92.28110095517393,92.57977294921876,42.00890859669155,42.231331019632094,41.399666012168765,41.53505325317383,189.4450059398654,189.71768643199647,188.21801059150715,189.25999450683597,498.4735082819116,499.19131135081386,494.32620504207705,496.4995422363281,267.6484327414853,268.39641622774826,264.7861541370701,265.7336120605469,79.94000244140625,80.07499694824219,78.52999877929688,78.9800033569336,907.7893960304166,907.7893960304166,889.6735377306335,891.4591674804688,158.80440884417683,158.83393250799853,157.4659476881427,157.96786499023438,39.53914492949423,39.65773543656982,39.301971454951854,39.49961853027344,161.7420223125794,163.93803021658485,161.27308796158508,162.80958557128906,275.79073524088665,276.67756881032915,274.3658536266726,276.478271484375,187.1300048828125,188.1300048828125,185.8300018310547,186.6499938964844,165.46754448510887,166.97152930240662,163.58757478696822,166.74395751953125,315.8519967108987,317.4462595959722,313.6869298096675,315.9110412597656,165.76301357811536,166.73519226114885,165.34074219299566,165.91030883789062,231.7178954230854,232.43738955010264,228.4752164092125,229.66781616210935,52.98281415249741,53.09134565737852,52.706551113595424,52.824951171875,40.80379022087228,41.22637312197682,40.341896410619725,40.39103317260742,21.10526223723669,21.183429799225426,20.72419374183764,20.733964920043945,131.8887724251562,134.97827142059657,130.97891523035668,134.78829956054688
2024-10-11 00:00:00-04:00,51.44830687271142,51.52658306806016,50.88078859291532,51.07648468017578,114.5305444752218,115.5850806476854,114.2742998623503,114.4418487548828,288.4272019597706,289.45441289546443,285.5250746517476,287.3202209472656,237.39746026343937,239.82996492543228,236.8733834424289,239.6025390625,161.75810039177787,163.52402928799188,160.87014254138842,162.8655548095703,213.2483439572866,222.1077430846589,212.7440759323716,219.79400634765625,117.3003940539961,117.81017934744008,116.69256651065167,117.7415542602539,591.6822513919038,596.6717384037024,591.3946106018119,593.2296752929688,212.98598119520756,214.3618230199596,211.5507686602915,213.7877349853516,107.3065902805808,108.1131106519223,106.1263191287575,107.92623901367188,23.049999237060547,23.81999969482422,22.979999542236328,23.559999465942383,28.440755760019265,28.51825093180553,28.043592773660823,28.24701690673828,414.4776477330423,415.46368322393135,411.59917791222887,414.6569213867188,359.2046688089988,360.0766258653283,356.76717448406936,357.4409484863281,93.05622575693094,94.85527295872784,92.9277250787891,94.4499969482422,180.11094031340045,181.5526998070487,176.39218184801007,180.44900512695312,171.0188824571321,172.17865848425683,169.9082377891453,171.81500244140625,594.6946584250413,601.4538721386506,593.3667522409496,595.9725952148438,469.107633482829,471.6017034042857,467.8556102003129,471.0353393554688,79.30602391842669,79.73389864606749,78.97766094412448,79.70404815673828,68.43213924902264,68.56021282036073,67.97894716986967,68.54051208496094,87.52270302671208,88.12270563973199,87.45384977574642,87.89647674560547,270.2393527795704,272.92192401144314,270.2393527795704,271.9652709960937,220.1300048828125,223.33999633789065,214.3800048828125,217.8000030517578,504.7799987792969,507.9800109863281,494.8999938964844,495.4200134277344,405.8338457466672,408.3841630301088,404.1336442797981,407.1584167480469,734.9000244140625,736.0,721.219970703125,722.7899780273438,228.79644988971887,228.9062089337624,226.8407474391105,227.05029296875,81.2123447816241,81.44002020964409,80.36102024114545,81.32123565673828,92.44039247874854,94.19263039916083,92.3906176102364,93.7147445678711,41.72846823256411,41.81550342086967,41.38999641625323,41.58340835571289,189.8929861431747,190.12670593695773,188.510177463078,189.1042022705078,494.9941781296965,501.38461222392937,494.95429172978055,500.72662353515625,266.92044024084043,271.41829400141137,266.4018188291752,269.6031799316406,79.54000091552734,80.72599792480469,79.16000366210938,80.51000213623047,892.3271055662457,892.3271055662457,883.3489681150481,886.8704223632812,159.61141498438735,160.08382364264304,158.6469402537474,158.90283203125,40.02338127484725,41.67372629815577,39.92455961912746,41.45631790161133,162.95925941151893,164.89485824555993,162.1311415998337,164.1465606689453,275.05336966033144,277.8034840237149,274.3857510350914,276.846923828125,186.6300048828125,189.92999267578125,186.3000030517578,188.82000732421875,166.2294396609493,168.63382252330246,165.11134395568706,168.18856811523438,317.0821536955531,323.9414426917965,315.0155043074436,323.13446044921875,166.41113171764343,168.32604488975758,165.92994226033994,168.0117950439453,229.8945071825096,230.0817762827478,227.1446502412105,229.90435791015625,52.8052168479994,53.60440028966554,52.8052168479994,53.52546691894531,40.45982351216675,40.76447742058846,40.371379594028745,40.54827117919922,20.81213116058529,20.95869696071208,20.733963603559737,20.880529403686523,133.98843884138304,135.75815840657205,133.63850429309608,134.7783203125
2024-10-14 00:00:00-04:00,51.01777405737658,51.57550547248452,50.82207797271238,51.5363655090332,114.57982855338776,115.88075179392116,114.30387627799212,115.5555191040039,289.1353011946144,291.65845215071886,287.469807910042,290.85064697265625,239.938744289352,243.41941779552045,239.2564666782364,242.52947998046875,163.26463978878337,165.84869515872447,163.02518482340258,164.5816192626953,220.69379117886407,221.18817691855125,216.4223062334437,218.99310302734372,117.65332925615738,118.02586438803804,117.23177299764096,117.72195434570312,594.2811059849225,603.7243933183984,592.5650693114598,600.5204467773438,214.03519850360647,215.50010403117463,213.06517981758176,215.3813323974609,107.63115845043068,108.260637345828,106.89348716638878,107.88688659667967,23.57999992370605,23.770000457763672,23.270000457763672,23.440000534057617,28.247016502464252,28.256703629752725,27.946722947044133,28.16952133178711,416.1010845405741,422.3460566440114,415.8520832387316,417.4656372070313,358.27325475683006,362.27631649803976,357.85711268660555,361.2656555175781,94.31160874114455,94.43022243057604,93.25391973329944,93.6690902709961,182.25867325073045,183.8992935095317,179.10668388433595,181.2742919921875,171.96244827534818,173.25000188054963,171.45135314289163,173.08291625976562,599.8363657955473,603.580413555996,594.2851934202531,602.8316040039062,471.3731577686535,475.1192507907796,470.41925119807007,474.5528564453125,79.65430067389768,80.11202589547715,79.36573328800782,79.89311218261719,68.54050812139388,69.42719149302484,68.44198941710053,69.29911041259766,88.06369331379632,88.585011872861,87.6899195838583,88.53583526611328,271.89625936009,277.52767618284474,271.7187435458648,276.8669128417969,220.1300048828125,221.91000366210935,213.7400054931641,219.16000366210935,501.7999877929688,514.260009765625,500.4100036621094,509.6499938964844,406.7432920320017,411.6264280337903,406.5653411611111,410.637939453125,725.0,726.6199951171875,711.3099975585938,713.0,228.19775690140835,231.22110160659443,228.09798564307096,230.79205322265625,81.17275296328587,81.21235033443718,79.98486203845222,80.77678680419922,93.76452482634365,94.77007133378018,93.38620393245324,94.55104064941406,41.58340395543225,41.86385105352106,41.47702721553473,41.76714324951172,189.15289414349047,191.19788659984027,188.58808245768984,190.5259552001953,502.8201932562495,507.2366917551579,500.517248033456,505.1131896972656,269.67297969765474,271.5778480054242,268.1470945679948,270.8298645019531,80.33999633789062,80.9800033569336,79.81999969482422,80.66999816894531,890.2820395651337,892.9954028146306,884.1070741070461,887.5985717773438,158.84377444109046,159.57205988152677,158.35169333685272,159.04061889648438,41.46620083912148,41.683613017424015,41.2290273444321,41.41679000854492,164.53567829588263,167.23951840464235,164.40596850811767,165.972412109375,278.08250095649726,280.3643245698817,276.996400475424,279.6767883300781,189.77999877929688,189.8300018310547,187.3600006103516,187.5399932861328,169.53423468357263,176.98487439117966,169.09886945212014,176.1636199951172,320.4182776628056,321.7566908428343,317.465930097462,319.46368408203125,167.94306719216513,169.73031454392353,167.66810606112537,169.40625,230.20990455118584,232.72320860572208,229.81564986707616,231.8755798339844,53.5846670333241,53.68332998313309,53.07161141406673,53.54520034790039,40.646546892813646,41.3246431481963,40.5875805340826,41.24602508544922,20.870758313485343,20.919612337957783,20.773048400878903,20.773048400878903,136.44805696221857,139.57755854294567,136.27808612883217,138.0478057861328
2024-10-15 00:00:00-04:00,50.205639600954456,52.240869146559184,50.205639600954456,51.62442779541016,115.60502780044791,117.19923906655868,114.67424400283542,114.91189575195312,292.6656730182106,292.78534334041177,287.220460313232,287.56951904296875,243.9533890404785,245.9211440914371,242.6184672488386,243.0436553955078,165.40970450318616,167.29536861569628,164.25237687914083,165.08047485351562,221.14864261919945,222.91853700820155,219.32930663651948,219.8928985595703,117.91802478325133,118.93760289246616,117.67293410737008,118.0552749633789,547.5707318324984,565.108223564214,538.6234137622878,551.8062744140625,215.77724008422777,216.9848019938732,214.27273399786145,215.0546875,108.1524483780373,109.74582110339897,108.08359935617491,109.69664001464844,23.40999984741211,23.71999931335449,22.46999931335449,22.65999984741211,28.17920745917519,28.808855929538637,28.15983320528572,28.51824951171875,420.4934907291295,420.7923105426525,413.6011513948207,417.0672302246094,362.0880717280419,367.6071403648815,362.0880717280419,365.2885437011719,93.58012629144328,94.865163284321,93.48127903235174,93.94586944580078,179.76292713738917,180.66776107777005,172.38508190403803,174.98025512695312,173.33844749974045,174.3507994429932,172.1196868605233,172.88632202148438,604.039764527001,609.5909374461145,598.428689275383,599.56689453125,474.55285946609433,480.2863058933256,474.1752935575227,477.66302490234375,80.2712247295226,81.41554148938904,80.11201960011391,81.24638366699219,69.4173373676469,70.15623892459011,69.1217812547668,69.29911041259766,88.57517381394014,89.01780076069754,87.97516372779451,88.36860656738281,278.04050918637915,283.0604620316449,277.49805968353286,277.95172119140625,220.00999450683597,224.25999450683597,217.1199951171875,219.57000732421875,513.8200073242188,517.77001953125,506.7999877929688,508.0299987792969,413.1388248784898,416.7072542657686,410.2425303369991,410.7960815429688,712.510009765625,713.4000244140625,699.780029296875,705.97998046875,233.0969778733182,236.9684620133565,231.85969551276995,233.33645629882807,80.23233695970652,81.88548749354857,80.23233695970652,81.29154205322266,94.82979905671468,95.22803595247822,93.26672550732587,93.8043441772461,42.0379247459585,42.52145273727976,41.747804999945096,42.29903030395508,191.1443582785596,192.63637413443595,187.69899463510143,188.32720947265625,504.0763873868398,508.3233917648831,502.4613379541786,505.6814880371094,271.64768764668133,274.77922965822586,271.07921283652666,271.9468688964844,80.1500015258789,81.05999755859375,78.6500015258789,79.55000305175781,889.9229915163174,898.4621954143454,887.3891226319895,892.4368286132812,157.46595132920692,164.10904615090783,156.4817891333994,161.5010223388672,42.72125376470164,42.84972493470956,41.555140116456336,41.644081115722656,166.7606093878907,168.70618005069358,165.67308722562564,166.52114868164062,279.9956582193072,281.6298111765263,277.8334007885484,278.2917785644531,187.6300048828125,188.41000366210935,184.5800018310547,187.69000244140625,175.35226655388186,177.93476017525475,170.92937500580672,172.2552490234375,320.85131037585,322.1306490514575,318.8830785470173,319.9262390136719,169.77943108834288,171.763092245062,169.71069829239573,170.44720458984375,232.99918853561184,233.95523550319908,229.36228480695485,229.6086883544922,53.69319786373318,53.88066274841302,53.199875558787085,53.35774230957031,41.157577685154656,42.032224726343095,41.157577685154656,41.38360977172852,20.900070270806864,21.115032454236555,20.74373515394614,21.017322540283203,137.84782283581688,138.547722466739,128.71930149862905,131.57884216308594
2024-10-16 00:00:00-04:00,51.49722758075236,52.42678115282363,51.37980769426875,52.22129821777344,116.8526669626862,118.3478528115865,115.49609996170008,116.6645278930664,286.77168490078697,290.13258898865774,283.46069417538536,290.0727233886719,243.1820836495672,247.43404043795505,242.7568955148756,245.32785034179688,164.1525986742248,165.41968980167007,163.36441748042412,164.78115844726562,219.83358737553297,221.16841995717385,218.5580635872916,221.12887573242188,117.77096688040146,118.61407938947094,117.45725111978771,118.51604461669922,552.5204692249781,571.5359407009954,550.6456882298643,566.7349853515625,214.856734051927,217.37082924499165,214.35192441043145,216.7274627685547,109.1753488744881,109.3720582132104,107.2278934036243,108.6048812866211,22.3799991607666,22.540000915527344,21.739999771118164,22.309999465942383,28.57637134477078,28.88635202644909,28.508563301607477,28.74104881286621,413.51151588006746,414.6967341717602,408.84024879356656,414.4577026367188,362.3456679983735,369.4599976900807,361.5430780875576,368.8555908203125,94.3511435904324,94.73665317230126,93.00679977720068,94.36103057861328,177.4958924722635,178.2316940491243,174.3339650989397,175.8155059814453,172.01158002747613,172.32610472427612,170.65523351527438,171.49066162109375,589.3331472789079,595.8527512228218,586.3379088569383,590.611083984375,475.4869091568032,482.2438258226172,475.28819504330914,480.9123229980469,81.12697713182847,81.25633937042613,80.22147942004807,80.81851196289062,69.05281075000383,69.65378462509051,68.93459130998379,69.52571105957031,88.34893747087082,88.76205695530751,88.02434037405294,88.51615142822266,277.22194551992214,280.4863945391485,276.9457997753167,280.1412048339844,221.3999938964844,222.82000732421875,218.92999267578125,221.3300018310547,506.3900146484375,506.8399963378906,500.25,502.5400085449219,409.1057724155529,413.9197070751864,409.1057724155529,413.7911987304688,703.4299926757812,705.5900268554688,697.8200073242188,702.0,231.09139869260775,231.61024577942743,229.33525401328015,231.27099609375,81.3113414529829,83.2416661287678,81.22225303060503,83.09318542480469,93.31651480995222,96.3630132338084,93.21694988190818,96.32318878173828,42.29903074926688,42.64716780790159,42.221664499108606,42.46342849731445,186.9431622192366,187.52229471002377,185.25483209389367,186.95298767089844,504.8041172936013,513.8265058581876,504.45517976026895,512.5005493164062,270.2713725805429,271.08917518217646,265.583997118035,267.3093566894531,79.80999755859375,80.8499984741211,79.44999694824219,80.81999969482422,887.7582343107542,889.1648433067493,877.3635630959126,885.2244262695312,161.4025974122476,162.37692337596144,160.0641362476562,161.67816162109375,41.713257410061566,42.59278298315876,41.65396592321297,42.29631423950195,165.65313140202477,166.90029405802036,164.8409837085831,166.3615264892578,277.62412682130633,286.57204065597745,277.355102826311,286.4923095703125,187.0500030517578,187.77999877929688,185.6100006103516,186.88999938964844,172.77966679857346,172.82914286582354,168.4260446441338,169.67276000976562,321.0185957500714,321.5401759386434,316.2161056945539,316.52117919921875,168.78760603691032,169.48482359919166,167.81541234126502,169.2786102294922,228.77091591147112,230.51545728199943,227.795152425051,230.3084716796875,54.26545123205991,55.65661992218634,54.09772346212461,55.62702178955078,41.51136860587447,41.87498511711808,41.4818835516857,41.52119445800781,21.027093162875943,21.26159583197556,20.9880084528619,21.212739944458008,133.9584403413635,136.5980149944232,131.55883256815804,135.6981658935547
2024-10-17 00:00:00-04:00,52.04517588618248,52.42678494597581,51.69292739902268,52.03539276123047,117.54580650459688,117.59531917490176,116.04071651494586,116.73384857177734,291.1697268282803,292.54599637380136,289.3147760042994,290.322021484375,244.12148270622964,244.12148270622964,237.81276502613852,239.0191345214844,165.3498394792033,165.9883708197769,162.3866509330354,162.55625915527344,221.75180626491755,223.31406717035992,220.80257891051903,221.90011596679688,118.5258547415192,118.68270888786692,117.47686692678325,117.78077697753906,556.0616888470937,564.8799885889149,554.2166346111219,561.4677734375,216.76703676266533,217.83602670155108,216.12367032040623,217.3114318847656,108.32949609460697,108.37867718621884,107.700017142676,107.94590759277344,22.71999931335449,22.81999969482422,22.399999618530277,22.440000534057617,28.55699697412161,28.60543261020599,28.305137209374603,28.353572845458984,420.6727824355961,420.812237767026,413.92983752079977,415.0553283691406,369.5888454447135,372.075900702977,368.3800013626738,371.71917724609375,94.2325245281856,95.0826244657984,93.68885333265582,94.17321014404295,180.33963883332888,184.45611903843115,179.66350917097503,180.4987335205078,171.39237381463246,172.46369538000272,170.72401637194793,171.67739868164062,603.3808372843487,607.4243970634816,595.9226617465852,598.2988891601562,483.8336906699951,484.40005470176266,481.3097818662234,482.9791259765625,80.8682616679878,81.09712806913595,80.2513313192664,80.49014282226562,69.58482445662644,69.6439416962558,68.55036671931038,68.86563110351562,88.67353969947943,88.67353969947943,88.16205197105464,88.3194351196289,280.0918584425241,281.31478509462505,277.1430136486118,277.4388732910156,221.58999633789065,222.0800018310547,217.8999938964844,220.88999938964844,506.510009765625,507.5,495.2300109863281,496.8299865722656,413.79118702497664,414.1767120482237,409.7878203712123,410.81585693359375,704.3499755859375,704.4099731445312,677.8800048828125,687.6500244140625,232.9173703418766,233.3364614020046,230.0137723986246,231.6401824951172,83.26146055742056,83.90490457140824,82.53882180734273,82.55862426757812,96.5023917538815,96.90062866537416,95.1882152629718,96.1141128540039,42.43441350776187,42.5504591816939,42.09594173267403,42.405399322509766,187.03150541433075,188.0916207467012,184.98981845327245,185.0977935791016,514.7137727261446,515.461483016822,509.9583462302244,512.1915283203125,276.7538964105661,278.6587647192047,270.2414545881277,271.2487487792969,80.75,80.9000015258789,79.2249984741211,79.81999969482422,889.3941925032167,893.1550537866965,880.6554628236066,883.139404296875,161.65847741171743,162.38676284518755,161.03846543795242,161.8651580810547,42.32596374366167,42.49396131610284,41.97019974342789,42.09866714477539,167.0000773025163,167.54881670544276,163.99689980892833,164.13658142089844,287.5386095049663,289.8901598713145,286.5820188125675,289.35211181640625,188.22000122070312,188.94000244140625,186.0,187.52999877929688,173.76912064297684,173.76912064297684,169.21760950370992,169.29676818847656,320.7430706042685,320.7430706042685,315.4091491575779,316.2259521484375,169.0821825801997,170.5551950361119,168.6697408906552,169.18038940429688,228.6624856572104,229.7959359281618,227.3417662891344,229.5298309326172,55.62702187546822,55.8243515420942,55.10409769434684,55.64675521850586,41.8455021160358,42.012567837792886,40.931544200003856,41.50153732299805,21.06617634566046,21.27136734918804,21.03686467634336,21.232282638549805,139.31759037510415,140.8673441853548,136.8479863322171,136.90797424316406
2024-10-18 00:00:00-04:00,52.11366778669622,52.18216459018993,51.213471007655,52.07453155517578,116.74374614225286,118.67461930389388,116.515998447883,118.21913146972656,291.24953686509514,293.91229286861414,289.3646379645358,292.1470947265625,239.8200785605828,241.97572807512844,238.76204210124956,241.3725433349609,162.81568258592537,164.3322003226238,162.7059342913527,163.04515075683594,222.47360636345076,223.38327441008644,220.5949463891422,222.8394470214844,117.7023398554276,118.38859821268886,116.90824848559278,117.84939575195312,562.2811568501473,566.3481471186986,558.5018679251934,565.0189208984375,215.5001114698781,219.80576457913008,215.5001114698781,219.7562713623047,108.09344086704122,108.11310880084312,106.77546418288958,106.91316223144533,22.61000061035156,22.81999969482422,22.5,22.770000457763672,28.38263089297441,28.450440779941097,28.16951964825635,28.30513572692871,415.4736181228242,417.9735704721047,414.597128695321,416.4895324707031,372.0758834381944,373.87921613388073,370.2328778465418,373.41351318359375,94.57849410596992,95.73502279088468,93.94586264371422,95.72513580322266,181.28426048537412,181.6720443165608,177.66492449815874,178.86805725097656,169.3480068838131,172.32609304194378,169.1710830045164,172.0607147216797,599.0776786437825,603.43074395019,594.6147416131616,600.7550048828125,480.0776817366441,484.19142500714446,478.45800847085286,483.36669921875,80.47024596723045,81.28619223772006,80.26128495070418,80.90806579589844,68.8360715327359,69.50600924290225,68.57991688918824,69.39763641357422,88.49648256175358,90.73913977499406,88.36860688443157,90.72930145263672,277.9221760724861,278.49421162518826,275.2494764452367,277.764404296875,220.7100067138672,222.27999877929688,219.22999572753903,220.6999969482422,491.2900085449219,499.0,491.0499877929688,494.8999938964844,411.8537478752008,411.8636424138985,408.48299830342273,410.2227478027344,737.6400146484375,766.280029296875,736.22998046875,763.8900146484375,235.66133386929857,235.66133386929857,233.4961010856326,234.4839324951172,82.93479783913352,83.10308100910161,81.79639791727735,82.0834732055664,96.58203979160936,97.10970046643,95.6262757700166,96.85084533691406,42.38606556263152,42.71486105582896,42.23133306367862,42.540794372558594,185.4904214144165,186.19716496622047,184.6953386630928,185.3824462890625,512.9691184874523,516.4185772215731,511.0151411925612,514.763671875,271.79727131217663,274.76927020474704,270.5805502015837,273.6423034667969,79.5,80.97000122070312,78.94000244140625,80.94000244140625,883.6082911194895,888.4464849781122,881.6031641386414,887.3990478515625,162.2784992011874,162.67215806134502,161.333696912837,162.50485229492188,41.93066652692875,42.14807868234877,41.61443272075656,41.82196044921875,164.49575467157797,165.99234980298428,164.3760319327944,164.67535400390625,288.8837884783548,289.9997805366645,287.0503382014141,289.5812683105469,187.1499938964844,190.7400054931641,186.27999877929688,188.9900054931641,170.29612857545266,170.76117644035088,167.63447614383648,169.11866760253906,315.5173805124929,317.436418507692,314.1101020001914,316.5507202148437,168.21927948523685,170.10594674358416,166.40176420238998,169.1873016357422,228.58363312145923,229.30312724392152,226.85880834946545,228.85960388183597,55.65661760205423,56.11047318104807,55.45928794395903,56.0019416809082,41.22637008325219,41.63912335219908,41.14774827075125,41.20671463012695,21.23228271970204,21.554724129053582,21.13457280639457,21.34953498840332,138.64768884107772,138.87764756674068,137.25791307551907,137.97779846191406
2024-10-21 00:00:00-04:00,52.13323607176747,52.15280605318688,50.97863329616848,50.99820327758789,117.72404242244636,117.75374700302248,115.45649959873552,115.8426742553711,288.21777663279096,292.12717993560165,287.2603835436245,290.5015869140625,241.0066671202057,241.0066671202057,236.74482752269435,237.66444396972656,162.57622324771475,164.12267091200812,162.24697837282997,163.69366455078125,222.69113735590264,223.1657434917356,220.3971800390389,220.49606323242188,117.82978886020274,118.07487952179426,116.1925775562956,116.62393951416016,565.0486850923846,574.6110006975,564.116259121874,566.8638916015625,219.7067709267455,220.7064674196515,217.84593477835733,219.24156188964844,107.2869139723726,107.3754309250589,104.43458349012154,104.59194946289062,22.61000061035156,22.8799991607666,22.25,22.84000015258789,28.30513690130032,28.30513690130032,27.97578197003361,28.02421760559082,414.457708513249,417.2863598354636,412.0971808842402,417.1070861816406,371.5705462640821,373.88914284415137,370.78776251317566,372.5911254882813,95.83387394832988,96.08099585901827,94.78607946031106,95.33963012695312,178.3609483193922,180.68765115431933,177.23736298648038,178.9674835205078,171.4710164646093,174.45892612159864,171.36290047387888,172.01158142089844,596.9410686900535,599.6268016723916,590.8806954269105,594.425048828125,481.8761826867853,482.41273809250015,478.0108246865787,480.2962341308594,80.82846734613723,81.14688521902859,80.3209862515763,80.41053771972656,68.96415118175976,69.2892696984328,68.28435928626085,68.42228698730469,90.4932382258569,90.54242233536496,89.29321799649902,89.53912353515625,276.7189196603719,278.80977157918306,271.8765127563207,273.0303955078125,218.8999938964844,220.47999572753903,215.72999572753903,218.8500061035156,494.6000061035156,500.6499938964844,492.9599914550781,497.7099914550781,411.28043827517246,411.7647880115072,399.71511017262793,401.72174072265625,765.760009765625,773.0,756.5999755859375,772.0700073242188,233.9351372634737,236.32987592195377,233.9351372634737,235.96067810058597,82.01417113330498,82.25174779272967,80.6183997627059,80.65799713134766,96.77119929092072,97.02009641625308,95.526713664259,96.19376373291016,42.59881356352086,42.74387343062258,42.16363765124134,42.260345458984375,185.2352043078854,185.89286549857505,182.46712304951612,183.1051483154297,515.4116799594261,517.2361102200647,512.3710034242439,513.437744140625,272.36572311112246,273.4727240491103,269.5632807827368,271.3584289550781,80.31500244140625,81.36000061035156,80.04000091552734,80.55999755859375,886.8404692322305,889.2346635826647,881.5533560024875,884.6159057617188,162.48518149791505,162.63279981767795,159.73936061334084,160.25112915039062,41.75278602625912,41.91090293497466,41.2487895577922,41.268550872802734,164.20642828942988,165.8427051102763,163.93204336640198,165.4236602783203,288.564908410026,289.4019024058808,285.306576688179,285.8247375488281,188.0500030517578,189.4600067138672,186.3999938964844,189.07000732421875,167.85215551513906,168.37656861255388,164.31978776277936,167.22879028320312,315.07452106892845,316.6884553789008,310.8526558383814,311.7088317871094,168.89097549861756,169.3848665376832,166.3918880467342,167.46856689453125,227.88386686573745,229.0764516313222,226.94752133993217,228.4160919189453,55.93288002427829,56.29794122968597,55.75528369833682,55.8342170715332,41.23619702254,41.25585247618344,39.7620717393319,39.83086395263672,21.37884542250331,21.46678415303253,21.154113939444848,21.16388511657715,138.1077854115753,143.6868896484375,137.97780144123402,143.6868896484375
2024-10-22 00:00:00-04:00,50.91014026967533,51.91797378435218,50.91014026967533,51.62442779541016,115.72385351846911,116.05061145256168,114.70394842767392,114.98120880126952,288.9657304082548,291.149805145362,286.8714084149358,287.549560546875,238.38629051851623,239.2366818980925,235.96366865093208,238.7521514892578,162.60615092256947,165.38975972379467,162.60615092256947,164.76119995117188,220.5158302211838,222.7504484411772,218.61739069944977,221.6034698486328,120.8983295317082,129.37846849954326,120.8002947562713,128.8294677734375,563.2730368566478,568.4212072575496,560.9320732693197,565.266845703125,218.30125097818757,220.56789524106304,217.519297447226,220.08290100097656,104.16902805389137,105.14275208069164,103.9723112024293,104.88702392578124,22.729999542236328,22.81999969482422,22.170000076293945,22.399999618530277,27.995155520510615,28.082337814691417,27.70454910499497,27.937034606933597,416.8182287379404,428.85992860317606,416.3700446113444,425.8022155761719,371.1940289397493,371.4318244209435,367.7359552839297,368.3899230957031,95.24078526098408,96.07111882334596,94.8355092388974,95.70537567138672,177.64505096073296,179.66351748489382,176.40215210732828,178.3609619140625,171.52013864105209,171.95260258081484,170.53727150426852,171.38253784179688,586.5575033248969,590.2616366067143,583.2327717673961,585.4492797851562,478.7262668283079,479.4218420523841,474.9702273314144,478.8952026367188,80.70905761896879,81.82352396747176,80.43044292976327,81.61455535888672,67.97894902202033,68.71785064182491,67.66368463156356,68.42228698730469,89.21452801361184,89.84404560344227,88.50632635338381,89.62765502929688,268.2767391717205,269.65749793848386,264.47974285600446,268.4739990234375,217.30999755859372,218.22000122070312,215.25999450683597,217.97000122070312,496.4299926757813,497.3399963378906,488.3599853515625,493.1099853515625,393.9126784909971,398.3114645080343,391.6490313148429,397.22412109375,765.27001953125,769.7000122070312,761.1199951171875,764.239990234375,233.376366009758,235.70125104779564,232.08920560922664,235.342041015625,80.52930878361282,81.58851391500913,80.41052422275519,80.59860229492188,95.7756061165056,96.8309350415246,95.7756061165056,96.31322479248048,40.51964781916327,41.235267192311866,39.407531945102185,40.1328239440918,182.88921264665956,185.61802204939613,182.80085847427495,185.2842712402344,509.5895102482258,512.9791243443717,508.9415007102645,511.4538269042969,263.32009008886524,268.51607321826776,259.9092721967328,260.5774841308594,80.05000305175781,81.41999816894531,80.04000091552734,80.91000366210938,888.8156066079753,892.7161425094088,882.1618264599225,891.3195190429688,159.74921976226818,161.13687708817233,159.3358584122023,160.86131286621094,41.15984821570721,41.91090258335381,41.080787877110495,41.80219650268555,164.32614701705697,167.08986370041146,164.29621633151714,166.44134521484375,284.0311752863615,285.5058964857492,282.5166189472497,283.7721252441406,188.3500061035156,191.5200042724609,186.97999572753903,189.6999969482422,167.22879271608716,171.65168444955435,166.4570143691175,171.35484313964844,310.2326835652546,315.9799167591399,308.99271796613283,314.5824890136719,166.51043392065523,168.64403177717483,166.51043392065523,167.62661743164062,228.6526507435124,229.6185484783858,227.3516327404228,228.90890502929688,55.25209286024796,56.140074429573424,55.11396323029736,55.84407806396485,39.968446046548834,41.570329810500574,39.87017253296166,40.83326721191406,20.76327734215315,21.1248034617688,20.567857515821192,21.007551193237305,142.88702644418225,144.39677817254247,141.7572032447214,143.56690979003906
2024-10-23 00:00:00-04:00,51.66357034060765,51.966899469132784,51.40916803441325,51.91797637939453,115.02081765995112,116.00110657336754,114.7930699555348,115.86248016357422,286.95121188013366,287.51964592998627,281.8550272960157,283.6601257324219,238.60383019498087,239.48388514962488,237.42712428171984,238.6532745361328,164.38207025094962,165.43965162521155,161.5585598399715,162.4066162109375,221.14865163124108,222.27585061073344,220.03133493590457,220.9014587402344,127.4275413143516,128.8294677734375,126.49619972834024,128.8294677734375,567.518609814432,569.512418805685,555.4863733482707,560.0889892578125,219.2811454271146,220.3501354323241,216.93531505922107,218.0933837890625,104.98538472920744,105.5951957483734,104.45426045522048,104.6313018798828,22.299999237060547,22.43000030517578,21.57999992370605,21.979999542236328,27.966096581419343,28.198582088294973,27.77235773520769,27.956409454345703,429.13881136450993,429.3579337373482,420.8421009299413,422.9038391113281,367.4485495337053,369.07356573943656,364.8624333078222,367.240478515625,92.78933586370052,96.59501170302464,92.61140778994076,96.52581787109376,176.58111551541,177.9632183807249,171.58964483469265,172.5242919921875,170.72402783360434,170.86162864025346,169.51510538966116,169.98687744140625,573.6680704828016,577.7715326572871,565.181561286396,575.5750122070312,476.1328002457665,479.1833180425272,473.83741425388007,474.40380859375,81.48519991234762,82.9280292209377,81.39564844526916,82.8583755493164,65.99869066076116,67.68338545409138,65.59476168332912,67.00360107421875,89.25387127064711,90.876849309596,89.19485634341162,90.7588119506836,268.06794424909907,269.9992513345289,266.6615300200722,267.523193359375,217.1300048828125,218.72000122070312,212.1100006103516,213.6499938964844,492.0,493.8299865722656,483.3900146484375,485.0299987792969,395.9489738779218,399.62615251567775,392.123527989909,395.0395812988281,762.8300170898438,763.7899780273438,744.260009765625,749.2899780273438,233.56595129753524,234.62362105235997,227.25982300232985,230.25323486328125,80.18283697952616,80.22243434852321,78.98504488896262,79.24242401123047,96.50238814423594,96.71146080590836,95.56653257659418,95.8154296875,40.48096493074655,41.48670406059729,40.3842571168998,41.448020935058594,185.22537963553543,185.7848911603417,184.0474787669911,184.4204864501953,511.09481947252567,513.1485278474264,510.33716044523527,512.1615600585938,257.7451486807986,260.17859081862844,253.5165430627858,255.31170654296875,81.23999786376953,82.23999786376953,80.08999633789062,80.83000183105469,893.8434062905255,903.4799134131008,892.8158791424386,896.9857177734375,160.24129263193566,163.37092114197858,159.8476187514402,163.23313903808594,41.70337638262239,41.97019938049037,41.52549438404373,41.84172821044922,166.05221433986773,167.2195719618869,163.26156615464373,164.1066436767578,285.0176381323472,285.0375557008521,282.51659969815483,282.74578857421875,188.8500061035156,189.16000366210935,183.69000244140625,184.7100067138672,167.55532122656757,170.82054552882067,162.56844445616355,164.84420776367188,310.9904861111478,313.4901189614525,308.7171807047923,309.8981018066406,167.47843964546254,168.09085965693652,166.66845117783578,167.50807189941406,227.09536928409423,229.98321164393383,226.9475181319248,229.40170288085935,55.40995835139909,55.83421581339367,55.242230582761856,55.52835464477539,40.81361175941778,41.19688371085969,40.508961617961,40.83326721191406,20.753505292363734,22.06281322824781,20.56785665151589,21.97487449645996,142.00715584596583,142.4070854107316,137.43789878035992,139.5375518798828
2024-10-24 00:00:00-04:00,51.76141672270445,52.25065505190736,51.2917446419885,51.780982971191406,116.06051455940704,116.25855768180332,115.0703216111436,115.39708709716795,285.7843853534032,288.12803085728285,284.4081156347429,285.9838562011719,226.8565661422313,231.38539316956428,225.01734831094143,228.1717071533203,162.45648900457678,162.95534206352698,160.64065656258018,162.34674072265625,219.33918740228555,222.53291517735377,219.1710980549089,222.4538116455078,129.3000203905117,130.29999441309067,128.7608179783786,130.19215393066406,560.4360963047106,567.0920346141918,555.7938249879013,556.289794921875,212.1842423745276,213.99558519726764,206.77001421182155,206.96798706054688,104.30672994369591,104.86735985906708,103.52971523572872,104.13951873779295,22.09000015258789,22.3700008392334,21.96999931335449,22.34000015258789,27.956408764657056,28.07265059141189,27.60767958913152,27.743295669555664,423.6308734743349,424.2783011634291,420.7125855668264,423.0332946777344,364.1391321003137,370.0248119198712,360.4234266707186,360.8990478515625,96.5653623075015,98.2754417429119,95.73502874814592,96.03157806396484,173.2700284983085,173.3098097558393,168.53707538313495,170.37657165527344,169.95739236507058,170.56676522253102,168.7582931958101,169.21041870117188,571.4515663778521,573.917677814655,556.3755566607313,556.495361328125,475.3180253584532,475.3975049426475,468.6306719731792,471.4526672363281,82.54991023650462,82.90813128758428,82.17179139000088,82.6295166015625,66.6489269150314,67.03315515200552,65.95928090050396,66.30410766601562,90.97521199597274,91.16210260885984,89.45060214194307,89.4997787475586,268.1075168551224,269.7714202327626,267.2062283025729,268.7611694335937,244.67999267578125,262.1199951171875,242.6499938964844,260.4800109863281,486.6300048828125,488.4700012207031,480.05999755859375,482.8699951171875,397.659091310257,399.54710817505776,393.507427082301,398.0445861816406,751.969970703125,755.8200073242188,746.25,754.5499877929688,229.4749437774939,230.31311065070705,227.90839952304316,230.06365966796875,79.6878847938273,79.9848612985015,78.23271351529095,78.24261474609375,96.17384435700892,96.37296660777665,94.8298014462101,94.97914123535156,40.9838342222146,41.0515278469427,40.26821116062715,40.48096466064453,184.96034590458729,186.96279084851025,184.70513879432423,186.1578826904297,510.337217788468,511.7728544803496,507.90466441438815,509.0611267089844,254.56371321216707,255.01250026046748,247.15369744454287,247.3332061767578,81.23500061035156,82.4800033569336,80.91999816894531,81.38999938964844,899.3100224193633,901.3051639000496,886.1021955591217,891.2496337890625,162.38675730637948,162.88867460461677,160.75304450755124,161.07781982421875,41.821964468681415,42.15796339125741,41.476084888002326,42.1480827331543,164.21640128996543,164.67536385635017,162.40054033844325,164.1565399169922,281.380682642478,282.6062668557324,280.72303799728024,282.20770263671875,185.25,187.1100006103516,183.8600006103516,186.3800048828125,164.8540973371949,167.15954327228522,163.78547764852794,166.32839965820312,309.43554151980527,312.2009046736612,308.6482608478187,310.675537109375,167.3500235200801,167.88343423705817,166.8660049172455,167.54757690429688,217.623624918552,218.13614852897769,213.0503754944636,215.248291015625,55.62702007375643,55.79474783851823,55.06463298852536,55.21262741088867,41.069133506300325,41.275510157352365,40.626895147692615,40.931549072265625,21.88693674679675,21.965104304820034,21.5547241592824,21.691518783569336,140.79735837298583,141.3272719093067,138.4377373361036,140.38742065429688
2024-10-25 00:00:00-04:00,51.54615370234316,51.76141977431302,50.70466312928909,50.80250930786133,115.01091092377844,115.24855511292418,112.08983723246452,113.09983825683594,289.2150816896312,293.5832315861264,288.04823503763066,289.673828125,227.6179588356091,229.28907792010543,226.7181231611428,227.7267303466797,163.29456372883286,165.21015770980458,163.04513719135548,164.89089965820312,222.47359483374228,223.0866283559648,218.3998609474393,219.8137969970703,130.39804265298403,130.6529465392211,127.0256073933045,127.30990600585938,561.5967233362019,566.893709571209,559.0672884467577,560.0096435546875,206.96800175825885,208.21514923647132,204.53307751617663,205.87921142578125,104.73949430529971,104.73949430529971,102.1527294647208,102.27075958251952,22.420000076293945,23.34000015258789,22.40999984741211,22.68000030517578,27.78204636241337,27.830480152766253,27.549560842984345,27.55924797058105,425.0552047565001,430.79217425375066,424.8659613297776,426.4396362304688,360.6711441571608,362.107895700435,356.30147089740734,357.5003967285156,96.10076751745066,96.83224624380952,95.31986139352132,96.18972778320312,173.20043875922508,175.79561210177553,171.73878853341478,172.01719665527344,169.51509818179244,171.01888371814576,168.66000856235772,168.84674072265625,559.2709166701288,561.3276447088451,552.4318130054926,553.5001220703125,472.1084757623637,475.6160998578847,469.9323545189857,470.7571105957031,82.7887263940837,82.88823815184065,82.03248865856324,82.10214233398438,66.07750747181456,66.69818211635554,65.80165207424079,65.92972564697266,89.64732607956851,90.09979138786548,88.65386556328507,89.10633087158203,267.87975807295885,268.58295006601463,263.710084958064,265.0768737792969,256.010009765625,269.489990234375,255.32000732421875,269.19000244140625,483.4200134277344,488.3399963378906,482.5199890136719,483.7200012207031,398.8749111547269,398.8749111547269,393.25040857721217,394.3179931640625,756.1699829101562,768.5,753.530029296875,754.6799926757812,229.2354789664412,232.7078323586645,229.0658541264054,230.9018096923828,78.4207972895208,78.7771660657574,77.72785464576029,78.05452728271484,95.3873289712234,96.4227418925014,94.59086275190458,94.61077117919922,40.51964658524321,40.79042107613199,40.00710441302776,40.01677703857422,186.1873271697333,186.3836564594129,183.72355035360223,184.3910369873047,510.9353883677113,513.1585609274249,504.0763874569376,505.8110656738281,249.62702685090747,249.7068135827705,244.23156894855327,244.730224609375,82.01000213623047,82.80000305175781,81.4000015258789,81.69999694824219,893.4742847686454,899.4297530415948,887.8379855617287,889.0549926757812,161.08765807572263,161.32386240459067,158.0662879983748,158.33201599121094,42.41489961667522,42.47419487141833,41.298200592547104,41.39702224731445,164.9896353228063,167.0200044057247,164.85493202249762,166.61094665527344,282.98492860871454,284.0710290871009,279.77643630040245,280.7230529785156,187.8500061035156,190.4499969482422,187.52999877929688,187.8300018310547,168.48541407684937,171.35484487302173,168.02036620948695,168.47552490234375,313.4310629439784,314.1298068556457,309.8784189656865,311.945068359375,166.85614781343926,167.33027899347854,165.98689475640185,166.16470336914062,213.68116546502208,215.5045427447097,211.3058315902732,211.5818023681641,55.49875822163391,55.873684219914615,54.92650255248174,54.99557113647461,41.33447348514295,41.86515572759502,40.9020610112039,40.94137191772461,21.78922645680441,21.896707546102103,21.310449939228025,21.329992294311523,140.90732467853542,144.1068221770471,140.77735596279692,141.51722717285156
2024-10-28 00:00:00-04:00,50.831863853670576,51.62442756908087,50.6948777168141,51.50701141357422,113.6444412454302,113.7038579593817,112.43641219548208,112.95130920410156,292.8053001915038,295.26861570194825,291.69828887330084,292.9748229980469,227.4894097462427,230.85142871552475,227.4894097462427,229.3879547119141,168.3629124526984,168.3629124526984,163.5739198981752,166.3375701904297,220.84213423885475,223.1064144756228,220.44661656188308,222.96798706054688,127.08442139255877,127.97654007923508,126.211899189266,127.93733215332033,561.686012130365,563.7492642351904,558.2737361868203,560.6841430664062,205.9385880341947,206.58196960305497,202.82071192648385,203.9985809326172,102.88055273740456,103.27397891979986,102.22156819668112,102.51663970947266,22.670000076293945,23.270000457763672,22.559999465942383,22.920000076293945,27.704549693322797,28.033904623304245,27.66580118502824,27.956409454345703,429.93564891158985,430.21452917811945,424.5970447293056,424.8858947753906,360.6711083205079,363.6337541768252,357.0941373925715,358.015625,96.52582018354845,97.99866466511229,96.42697292721653,96.8915557861328,172.0171988245357,172.98168953460353,170.37657843060032,171.0427703857422,170.01634736885242,170.01634736885242,166.82202928238942,166.93014526367188,558.3623354172155,558.4821400732217,549.5763153265136,551.6629638671875,472.7941120308863,474.9702333081671,470.7074166565445,472.98291015625,82.34095001220703,82.66932057746153,82.0623353235114,82.34095001220703,65.96913543039524,66.40262678409455,65.61446205309505,65.68342590332031,89.19485673408575,89.85388177257339,89.0669885563683,89.11616516113281,267.61234097752987,268.5928502010565,265.03723480253626,265.4036865234375,270.0,273.5400085449219,262.239990234375,262.510009765625,487.6499938964844,488.489990234375,480.4800109863281,481.0400085449219,398.8057179232434,401.1681898734076,397.32298509690776,398.2521667480469,758.6799926757812,758.6799926757812,747.8800048828125,749.1199951171875,232.80762499530724,234.21451699403664,232.03931169048732,232.88743591308597,78.51978958645635,78.83656100352644,78.02483377525772,78.11392974853516,94.7999393886696,96.26345571756488,94.7899813767367,95.7756118774414,40.084469296477366,40.403595837155365,40.02644461225153,40.24886703491211,184.62661311221717,186.6388685627188,184.06711655955587,186.1873321533203,505.8509530651821,509.3003815165071,504.5948204062667,506.6584777832031,245.45826097627972,246.68496487549797,242.3765726024417,243.4636383056641,82.02999877929688,83.69999694824219,81.87999725341797,83.58999633789062,893.8134648707518,893.8134648707518,887.838025430264,888.7957153320312,158.578061457131,159.40475410814076,158.4501155645497,159.04061889648438,41.57490444778546,42.246902258986445,41.515609192748485,42.118431091308594,170.20277852548895,170.21874866254464,165.41367087628183,167.9578857421875,281.03194594620504,283.622659152153,280.5237590488049,283.1742553710937,189.57000732421875,190.2100067138672,188.2100067138672,188.38999938964844,167.63447454562564,171.32515971031273,167.58499847787866,170.40496826171875,313.00789708421195,315.0548749506168,310.8822031611763,312.1320495605469,167.21174648612802,167.58710849337365,166.32274865801358,167.23150634765625,212.39985935196552,213.1390699993621,209.6401365938289,209.8471221923828,55.15343223506789,55.2323618424681,54.4726450820208,54.54170989990234,40.90206082334964,41.2361960294523,40.90206082334964,41.11826705932617,21.417929931047592,21.64266141200768,21.32022002429841,21.603578567504883,142.9770029033179,143.11697977842437,140.02748037021578,140.49740600585938
2024-10-29 00:00:00-04:00,51.21346951546813,51.60486168000803,51.01777343319818,51.370025634765625,113.02062827706334,113.6147425654203,112.23837490147366,112.2878875732422,293.2042150584009,299.78635658548234,292.0174336578904,298.0809936523437,229.5165120138815,231.76115232020965,228.8737808452153,229.3978576660156,167.34524754513916,169.98917796535144,166.70671622088258,169.290771484375,222.681245959553,224.2039474981267,220.30818520257856,220.3971710205078,127.74126330255817,129.53532884568838,127.56479023710963,128.986328125,558.2836230832283,563.1044364780846,556.1409989900432,557.5991821289062,202.939495818398,205.4832991336776,200.95988798513795,203.8798065185547,102.6051620305946,103.38217671789452,101.99535104076944,102.02486419677734,22.8700008392334,23.13999938964844,22.40999984741211,22.899999618530277,28.101712479332928,28.25670281622496,27.15239620396161,27.568931579589844,426.29025434116863,431.43961494644,424.0990305951663,430.2244873046875,357.60938425478184,361.741231545582,355.76637873285614,359.71990966796875,96.61477560811768,96.9212118914148,95.24077845176942,96.26880645751952,171.4603685754663,179.2061068098101,170.23736046943384,178.22174072265625,166.30112019315806,166.30112019315806,164.1093306293016,164.6302490234375,550.0855128530948,552.7312700880905,546.3813795981666,546.9005737304688,471.6414513857942,473.300879526569,469.7535004946425,471.6513977050781,82.26134894880815,82.45041218190153,81.26629208693792,81.296142578125,65.30904455105518,65.358300143473,64.55043476616868,64.58984375,88.88993575687155,89.93257282694073,88.83091332527647,88.84075164794922,260.67934625754543,262.53143243552705,258.0249896405311,260.4515380859375,264.510009765625,264.9800109863281,255.50999450683597,259.5199890136719,481.9200134277344,487.55999755859375,479.3299865722656,485.3900146484375,389.4051893694807,394.5156583792021,384.571465786211,390.5221862792969,751.1300048828125,763.8800048828125,748.010009765625,759.4400024414062,232.58810476348472,233.815399347975,231.8098189074392,233.15684509277344,78.08422315596466,78.66827491875047,77.41108297563626,77.60906982421875,95.83534872140828,96.19376118003396,95.25790558298496,95.70591735839844,39.95875312499893,40.30689387088788,39.92974262585013,39.96842575073242,186.9824368206924,187.6400980453349,185.0487100205216,185.96157836914065,505.9905380779017,509.828790485837,504.1561590705406,504.734375,242.5261789501519,244.28145675354045,241.109998588268,242.0375061035156,78.04000091552734,81.25,76.80999755859375,80.27999877929688,887.8380250424498,889.0051658472661,871.9667001715295,884.8353271484375,158.90283205037647,159.60157878797207,157.52499598931615,157.5545196533203,42.08878668147516,42.30619885369079,41.97019993745056,42.02949142456055,169.0005047106586,171.46989275694872,168.27715953462263,170.75152587890625,283.2539393080324,284.67885125257607,280.3443931231408,280.8724975585937,188.5800018310547,191.4600067138672,187.82000732421875,190.8300018310547,170.38517173168657,174.7091263285256,169.4550760275888,174.14512634277344,311.97458799761023,314.1396249365916,309.81937179520514,310.9806213378906,166.79688713079003,166.79688713079003,164.79169066009155,165.12753295898438,208.9403570203632,210.27092714990863,206.83114326070356,207.4027862548828,54.63050967299906,55.36062832268964,54.53184671989917,54.936370849609375,41.04947501543887,41.7570563368761,41.01999371001044,41.34429931640625,21.4863274432003,21.847853558196864,21.417931063956463,21.67197608947754,140.26742736816374,142.23711171034327,138.87765156261756,141.22727966308594
2024-10-30 00:00:00-04:00,51.37002469411611,52.00603601669921,51.16454549116179,51.52658081054688,111.53532893149102,113.61473253443752,111.39670252826608,113.32757568359376,296.2659171632502,298.7292327420838,295.54786479595936,295.59771728515625,228.91332426757384,232.0281215646227,228.695781240472,229.57583618164065,180.26553244445503,181.6024702004282,173.660722875302,174.059814453125,220.04121520422268,223.768888190942,219.09200296042852,221.8902282714844,128.98632727815982,129.70198785870522,128.4275133602473,129.51571655273438,556.7262463954988,565.7132191048944,556.4286765461554,558.4224853515625,202.36540141087832,204.5231817353745,201.0192675221969,202.11795043945312,101.75929869447955,103.27398470394849,101.20850651066566,103.10678100585938,22.420000076293945,22.93000030517578,22.26000022888184,22.299999237060547,27.42362824347404,27.70454938256684,27.30738641515537,27.62705421447754,435.69254402246366,436.7483071680008,430.3738795735308,430.8021545410156,354.7260059212396,355.54840207137374,342.181780965909,343.4005432128906,96.24904287644964,97.02006201822284,95.68560523118752,96.19961547851562,176.46179170620545,178.17202157634944,174.62229551277386,175.63650512695312,164.1388088891141,164.76784324544138,163.2345729392288,163.3623504638672,546.6309897578612,553.8594884385072,545.8821801828506,549.7460327148438,470.2702026883074,471.9892481297669,469.3461047013428,470.3993835449219,81.1966319117043,81.42549831195694,80.8981194320435,80.9876708984375,64.54059010040494,65.55534703599892,64.35339930069506,64.94451904296875,88.50631919125988,90.29651109955677,88.47680422475237,89.0177993774414,260.01578541102833,262.89792037187306,257.71799647501723,258.88671875,258.0400085449219,263.3500061035156,255.82000732421875,257.54998779296875,482.239990234375,492.2000122070313,482.239990234375,486.6799926757813,390.4529884128519,393.1120251016745,387.4282157766773,388.0015258789063,758.0800170898438,759.7899780273438,752.280029296875,753.739990234375,232.09917848988175,232.95729049985405,229.04590082483264,229.59469604492188,77.21309972582081,77.32199059885896,75.6490376880233,75.6787338256836,95.27781296491352,96.28335944034312,94.52117120121692,94.66055297851562,39.968422580276105,40.14248925038707,39.76533803526648,39.920066833496094,188.09162279813745,198.624057984904,185.07815967175057,197.78970336914065,510.95529315552255,514.873287542531,505.4521262735856,512.1217041015625,241.48896359711333,243.76283220041287,240.4517665150566,241.66848754882807,79.02999877929688,79.70999908447266,77.98999786376953,78.22000122070312,884.2267979172107,884.416338801973,875.2386753959737,876.9545288085938,156.92466762533968,158.7256863433597,156.51132128274685,158.06629943847656,41.219142921590965,42.39514104640575,41.14996700481418,41.81208419799805,181.9959609227769,183.372818181948,175.34608092530422,175.7401885986328,291.2950950866398,294.7228020402566,287.29941816726955,289.1228942871094,194.6999969482422,195.6100006103516,192.4199981689453,192.72999572753903,168.1292180000176,169.9300443387218,165.76440671981393,165.85345458984375,306.99495128795115,312.85042257322107,305.69591115863284,310.5279235839844,165.04849761713038,165.27569833866323,163.93231415997795,164.12986755371094,206.46646171483647,208.0828684271777,201.32155430521684,201.9523468017578,54.8278351700947,55.29155929462181,54.63050551516295,54.84756851196289,41.09861456405935,41.73740371693096,41.08878871121431,41.51137161254883,21.623121397897467,21.75014484951583,21.3983898926178,21.51564216613769,139.51754595215704,140.30742741103543,136.78798938993828,139.3175811767578
2024-10-31 00:00:00-04:00,52.64204467266081,54.99039019926707,52.40721235955557,54.56964492797852,112.4562142813132,113.34738945714936,112.1591533711769,112.2581787109375,291.8080416460443,295.2885857144422,288.76627865349536,290.58135986328125,228.1618182524032,231.22717116416592,227.71683428366063,229.4769592285156,172.73288489023227,176.41442332366287,170.60776574356834,170.71751403808594,222.1769605357164,223.1558497852588,219.32930877901737,219.4281768798828,129.65295602536477,131.5156390129591,129.28041344418736,130.0941162109375,556.359255649618,563.868247953675,556.359255649618,559.9500732421875,202.5633584342839,204.0480642574618,201.31621097996964,203.58285522460935,99.270888393897,101.53308343567154,96.97918770006132,100.6380386352539,22.149999618530277,22.25,21.46999931335449,21.520000457763672,27.559247400349587,27.74329727798687,27.40425705727049,27.413942337036133,413.7007323761392,414.4975548257246,404.67692710480617,404.7267456054688,341.47830010727,344.67874181060773,339.48667225061246,341.66656494140625,96.1996184941051,97.8602780598129,94.25229660283055,96.5752410888672,173.45896333970984,173.45896333970984,166.42913521736682,168.80555725097656,163.2542349059523,164.63024287732543,162.9691950421494,163.2345733642578,547.6893770365263,551.2138038177912,543.6258292279798,545.4529418945312,452.066352314321,460.06531598087474,451.58938383462487,453.25872802734375,80.88816546852937,82.03248226846418,80.81851179853406,81.5448989868164,64.8361527231792,65.01348941531636,64.29429603689614,64.34355163574219,88.35877931903113,88.45714003290179,87.53253281274641,87.78827667236328,258.89660454896494,261.0161245914364,258.4608159463132,259.3224792480469,257.989990234375,259.75,249.25,249.8500061035156,486.0,486.0499877929688,477.3800048828125,478.0799865722656,386.0047888377356,391.1152880476226,386.0047888377356,389.2173767089844,753.9299926757812,760.7899780273438,752.22998046875,756.030029296875,228.83635490362704,229.325284321648,224.8750719925984,225.4138946533203,75.4312647969008,76.5597634750213,74.44135314574764,76.35188293457031,94.84971425685896,96.20371524170508,94.58090870057131,95.7756118774414,39.900727890352,41.24493879387911,39.89105895377698,40.742069244384766,198.25104977277485,203.50254415264416,197.71117413911543,200.11605834960935,519.6586662555629,526.2883886873685,497.5065008866468,498.0647888183594,243.2342663551234,247.8318723215906,241.6884307075527,244.99951171875,78.48999786376953,79.81999969482422,78.30000305175781,79.30000305175781,875.0690796523724,875.5179986701096,866.5398618629107,872.056396484375,157.45611666856533,158.32216919778585,156.93451190100544,157.3281707763672,41.792316600234784,42.04925516570679,41.308081442093375,41.32784652709961,174.32341036482913,178.0150088186449,172.1683096199305,172.2980194091797,291.0459791996488,295.28078842662285,288.5848065031616,288.8139953613281,190.50999450683597,190.6000061035156,185.22999572753903,186.3999938964844,165.85344204904234,166.011759426887,160.3718349484614,161.0545654296875,312.6437566537692,318.26304956590855,310.63615197565906,315.07452392578125,163.7347501247769,164.99910996571276,163.07293794806503,163.16183471679688,201.1934328576212,205.1358896850361,200.582341822662,203.7461700439453,54.68970990631544,54.76863951633854,53.97932459735541,54.03852462768555,44.43013462903114,44.52841189612662,42.101017757837376,42.91669845581055,21.55472402285664,22.082356433920463,21.525412353571923,22.023731231689453,137.57788081150406,137.5878737112806,132.08875807974474,132.7386474609375
2024-11-01 00:00:00-04:00,54.67728107045235,54.69685105308977,53.03343985483442,53.150856018066406,118.57560541916028,118.74393640707544,115.941688553592,117.43688201904295,289.4444647688819,296.1861472318711,289.2150763379528,293.9223022460937,230.9404335130198,232.21601306701524,229.70440038041775,230.0900421142578,169.67989197256162,171.924730806551,168.49261922011237,170.89707946777344,221.04977060827105,223.61068536323265,220.19942645136803,220.43673706054688,130.05491970948052,130.65294155639734,127.77067281745884,128.08438110351562,560.565137569578,565.7331668537603,559.3549998095677,562.9854736328125,204.18664271813768,207.39361283578117,203.6818481592902,207.0570831298828,100.1069141851968,101.03146463581906,99.54628428521922,100.20526885986328,23.0,23.57999992370605,21.90999984741211,23.200000762939453,27.588306609141267,27.64642937283258,27.17176937417324,27.21051788330078,407.3760993641267,413.8401634297127,405.8721217752296,408.7306518554688,343.7671637617748,344.76793677744695,341.67644442781926,342.5087890625,96.476389880002,98.651067161643,96.24904195143952,97.73177337646484,167.3041187072978,170.3566854883011,166.5484416875686,167.9603729248047,163.2443937572384,163.40165609329657,162.37948090364236,162.75296020507812,549.1270720879347,563.9734664164131,546.4213513040462,557.0344848632812,453.6164598148832,456.4185624378797,450.62552874068393,454.411376953125,82.12203759638197,82.12203759638197,81.13693347677287,81.78372192382812,64.50118862673126,64.68837944824004,63.929769552175365,64.0479965209961,88.35878141304008,89.50961755192745,87.79811707580457,88.5948486328125,263.006839854068,264.2151572346939,259.06497529415344,259.4314270019531,252.0399932861328,254.0,246.6300048828125,248.97999572753903,475.4100036621094,485.1600036621094,475.0499877929688,482.7999877929688,390.2552604380757,394.1202542188519,387.4973991530128,388.0707092285156,753.47998046875,763.7999877929688,747.77001953125,756.0999755859375,220.48474431371312,224.8551305713263,219.78628458026083,222.4204864501953,76.27269378027418,77.3417925961738,76.1835978067005,77.27249908447266,95.27781376194922,95.96477223848032,94.41165665230974,95.3873291015625,40.7323974560985,40.95481989215414,39.939411835717216,39.9974365234375,200.6068494033161,200.96022117975755,198.59460884800896,199.8019561767578,498.91217954018254,508.99129951912136,497.00800704129387,506.5288391113281,248.29062728376303,252.26988962081649,246.6051687564016,247.0938415527344,77.86499786376953,78.30899810791016,76.45999908447266,77.25,873.3051129484929,878.4393937433476,866.3827687055779,876.3417358398438,158.0367725876638,158.5091662529469,157.34786203055845,157.59390258789062,41.65396437198857,41.930668019789664,41.25867021529746,41.268550872802734,171.15062135368265,173.42546007693377,169.92341754541656,172.2581024169922,287.4588477819745,291.6239304244912,286.1635065023903,289.7008056640625,199.0,200.5,197.0200042724609,197.92999267578125,161.36129163041414,164.3296744453269,161.05456115521594,163.52821350097656,313.62789487811546,316.5900933127184,311.87616979806955,314.14947509765625,163.29025049983835,164.31755228636263,162.97416807715575,163.08282470703125,204.78107502482192,206.8212886828804,204.42625329655783,205.2541656494141,54.00892558425082,55.06463497630341,53.80172736346218,54.75877380371094,43.58496732825399,43.909276674807295,42.73980535462128,42.80859756469727,22.01396080078,22.209378769399365,21.56449593199834,21.61335182189941,134.67833522595924,137.2879161101812,134.5483665061615,135.3782196044922
2024-11-04 00:00:00-05:00,53.16064170108229,54.56964682651137,53.15085484368356,54.256534576416016,118.42707376705256,119.38756212477772,116.3278695753127,116.49620056152344,297.18340379737765,299.36747843474984,292.1271501850125,297.203369140625,229.3582943096406,230.6239909709924,226.8763453275808,227.34109497070312,169.54019582543023,170.33836377636248,167.6246018774653,168.85179138183594,220.1499641458808,221.247501092971,216.7090436174853,217.31219482421875,128.65298844535303,129.0549407285294,127.13342332152205,127.77066802978516,562.1720251209721,564.0071503137401,550.943257870564,553.2743530273438,206.7007446141426,206.7007446141426,204.315313655406,205.42388916015625,100.32330253091132,100.84458907871932,99.29055965032428,100.19544219970705,22.959999084472656,23.0,22.0,22.520000457763672,27.220205004122167,27.258951665609903,26.861788685299917,26.890850067138672,408.1629209153218,408.7804696748796,403.9498383507318,406.8282775878906,342.10252203708893,343.5095188541944,338.4561535611747,340.75494384765625,97.4549945707914,97.67246306217577,95.58675350071644,95.91295623779295,168.31833219877845,171.47032185330173,167.46321718537965,167.5924835205078,162.75296196846026,163.79479871075017,162.35982112141718,163.4901123046875,555.7964192731426,558.671852955719,549.2768155051223,554.5883178710938,455.0771367324506,458.8729008833936,453.3978462532664,455.41497802734375,81.79366287226766,82.50015985459318,81.59465455636342,82.04242706298828,64.11695240377621,64.4519174990536,63.6933152137814,64.1465072631836,88.55550686435656,89.03747964872741,87.75877527119057,87.84729766845703,259.89692717704105,265.0075139583717,259.86721569329615,262.4423217773437,244.55999755859372,248.8999938964844,238.8800048828125,242.83999633789065,479.0299987792969,483.760009765625,477.3699951171875,481.3500061035156,387.4381250121763,395.869931697926,386.5682502037062,391.0164489746094,753.1400146484375,762.47998046875,749.6900024414062,755.510009765625,220.5046966292777,222.3007315284092,219.2275088130919,221.5224456787109,77.2032102171259,77.75756589651009,76.33209065298905,76.41128540039062,95.4072484630049,95.5964051142616,94.6107746189912,95.36742401123048,40.277884361435255,40.39393004990773,39.55259235268691,39.70732116699219,200.0375310604599,200.4792570225154,196.5332746092057,196.77867126464844,507.5856279404742,508.4429877867512,501.4942657366892,504.0364685058594,248.1111156188055,250.7938855763161,245.32862365728136,246.51541137695312,77.26000213623047,78.44000244140625,77.0,78.12999725341797,880.367281084192,886.021007247111,875.7623228620765,885.092041015625,157.17069402833414,157.74150988347853,155.56651991836358,155.73382568359375,41.12032014519834,41.52549497667562,40.62620431316242,40.8436164855957,170.8512983761494,171.52974749911522,169.1002772755517,170.2925567626953,290.5079082851127,292.10219552859496,289.7207538556027,290.8068542480469,196.4499969482422,197.3300018310547,194.30999755859372,195.77999877929688,163.32041746985806,165.73470453669557,161.91538477151298,163.43914794921875,315.48784804271304,315.48784804271304,309.61267517845994,311.87615966796875,163.6952444918707,164.23852764034754,162.56917354428148,163.0630645751953,204.6627823607479,204.7120660785427,202.83940511657423,203.3519287109375,54.709439869965024,55.163295449873615,54.383845368889176,55.08436584472656,42.93635388599616,43.01497569963,41.75705667264391,41.796363830566406,21.632890913690662,21.740372000853085,21.29090902483118,21.417930603027344,137.18793904541485,138.9376575905799,135.54820341905642,136.0281219482422
2024-11-05 00:00:00-05:00,53.95320582726712,55.06866869258242,53.54224739587411,54.74577331542969,116.43679022534135,117.09032122582003,115.18915249554696,116.57542419433594,296.6349009304307,298.00118778669224,293.94219703394845,296.68475341796875,228.02338432489265,231.27661669112865,226.9356691997288,231.2568359375,169.0413605098419,170.1388434605921,168.45271748343447,169.3506622314453,217.5593929462744,219.46772979559552,217.5297310081334,219.0030059814453,128.16279552503244,129.7313816321647,127.71183711665532,129.59413146972656,553.7803026689028,564.1559565162543,549.9315705531097,562.4597778320312,206.07717229230656,209.6800579424488,204.51328029262825,206.65126037597656,99.69382349283994,100.05774405605516,98.86762768834564,99.97905731201172,22.57999992370605,23.57999992370605,22.399999618530277,23.31999969482422,26.87147483068872,27.12333458786312,26.716484495139948,27.1136474609375,406.73866209939297,413.2425752143605,406.4498120639611,409.8163146972656,339.65512401206,344.2427865560284,339.08041129678503,342.3304138183594,95.7449192032065,96.34789730339224,95.04309384135615,95.9722671508789,169.08395957100038,173.40923838854974,169.08395957100038,172.91207885742188,163.10678673869475,165.08235914130674,162.8315851597751,164.9742431640625,549.5363724164534,560.8883822218601,549.3666593000896,559.89990234375,455.41499642969495,457.93887508602415,451.2913068125107,452.0067443847656,82.27129303472697,83.3559012566716,82.10213520791221,83.26634979248047,63.68347088625576,64.5011905326451,63.68347088625576,64.40267181396484,87.59155579113784,88.2210733691676,87.15875964207682,88.21123504638672,261.5311198915064,266.6912157502872,261.5311198915064,266.6020812988281,247.33999633789065,255.27999877929688,246.2100067138672,251.44000244140625,483.0899963378906,486.6600036621094,480.4700012207031,486.4200134277344,390.42334864610433,395.6228084031986,389.326110599314,395.4844055175781,757.3499755859375,767.530029296875,756.27001953125,763.9099731445312,221.31291912362707,223.4581915257104,220.65436486265335,222.95928955078125,76.47067477285724,77.21310850851604,76.22319686097097,77.19331359863281,95.17825754029494,96.2435369142228,94.82980309008252,96.2037124633789,39.65896233422504,39.910398943579104,39.4848956595519,39.900726318359375,196.79830937618868,198.69276438788813,194.69771458138607,197.9663848876953,504.0364685152544,506.5986296967916,502.0724816395357,504.01654052734375,244.9995125483317,250.14564282236373,244.66043033792027,249.3976593017578,77.73799896240234,79.41000366210938,77.73799896240234,79.25,887.0199121055884,894.5915631109849,885.8212243551307,889.1875,155.17284870248258,156.0782761036001,153.87376243726985,155.8420867919922,41.02149375996041,41.515609580469615,40.89302636088728,41.38714218139648,170.4422345159045,171.70635684531885,169.98327197206876,171.0209197998047,290.66735995251,293.726394439174,290.53781973388544,292.2417297363281,196.0399932861328,199.82000732421875,195.9900054931641,199.5,163.2610706002477,165.82377105464008,162.51897482479202,164.16148376464844,311.1380659036112,314.44468069245363,308.04792776688475,314.2183532714844,162.32222016568056,164.28791179954536,162.32222016568056,163.7347412109375,203.20406974979372,205.12601435570963,202.6127102768158,204.5839385986328,55.15343195829096,55.518489388654345,54.758772632019536,55.40995788574219,42.00274295218775,42.31722269946516,41.58998594082721,41.82584762573242,21.39839035262242,21.662206575967247,21.329993968124512,21.54495429992676,137.4278859649573,140.3474144064953,137.30791015086248,139.8874969482422
2024-11-06 00:00:00-05:00,55.12738142305931,55.57747984186127,53.95320855143416,54.09019470214844,119.81334843535362,119.81334843535362,114.36728714283755,115.654541015625,304.1744542509277,307.72481593787813,302.24968550055377,306.0693054199219,245.3080632591357,248.90739087098885,239.6420920239252,245.71348571777344,173.40134249175,176.53413938489027,173.1020275837351,176.10511779785156,232.3613211001151,245.21535162905764,232.13390786139868,244.2859039306641,130.36863110628107,130.36863110628107,122.68259092514585,122.84925079345705,599.0325854076654,600.6196651776376,586.0877200770291,591.8806762695312,209.89779748885968,214.67855179366637,206.9580789094866,214.19354248046875,101.48389612806284,101.53307721447172,98.94630515056184,99.0741729736328,24.299999237060547,25.1200008392334,24.049999237060547,25.049999237060547,27.055527418870756,27.11364833466684,26.232140079965383,26.503374099731445,410.772485027782,418.7704057056053,408.8800507986786,418.50146484375,352.6452004311844,353.9630541858019,349.7717276961093,352.87310791015625,95.85364558920656,97.09914210036978,93.68885529101657,94.97389221191406,178.60953086295862,179.1862377166489,174.96038187111355,178.5299835205078,164.50247685180562,164.54179993794347,160.79707834224067,161.8880615234375,569.295009514206,569.295009514206,548.3283400230493,558.7916870117188,460.8801220615668,462.73826436732,455.4149833626949,459.6976623535156,84.71913564355337,85.11715988329377,81.65435886673747,83.02754211425781,63.46672061597472,63.90021196668604,62.24507205619248,62.75737762451172,90.36537052291108,90.52274616617036,87.44401150757874,88.63419342041016,263.60110289742784,263.60110289742784,254.7863433231476,259.22344970703125,284.6700134277344,289.5899963378906,275.6199951171875,288.5299987792969,492.9299926757813,506.2099914550781,492.9299926757813,504.8299865722656,389.50403532421706,389.50403532421706,377.325849190968,383.8992919921875,771.5,781.489990234375,757.3800048828125,780.2100219726562,222.1211369530596,225.5735453041769,220.7042571772517,222.23089599609372,76.094508540845,76.17369573017702,74.36216321512039,74.56014251708984,97.7767425189694,99.11083501571144,97.7767425189694,98.45374298095705,40.07479823491023,40.29722066624935,39.581601311336655,39.80402374267578,202.00070296848685,202.35407474910104,197.15167767036883,197.49522399902344,519.2698062998614,521.4032875102158,514.3648440362869,519.5390014648438,251.3922660272282,252.2599219862376,244.4908584579436,247.0938415527344,81.34500122070312,81.69000244140625,79.99500274658203,81.41000366210938,897.2886071674586,898.9068143132381,885.3018514400295,898.2575073242188,157.36752867819027,158.3024947753835,154.85792709935075,155.37953186035156,44.27277700006193,45.01395073478329,43.48219243698672,44.8755989074707,174.951985137384,178.23451058056995,174.64267600746507,177.9252166748047,305.2251431007692,307.8955568132778,301.7376529750524,306.30126953125,200.00999450683597,207.5500030517578,199.13999938964844,207.08999633789065,167.46626547698864,176.56930318051485,166.89237631529562,171.16685485839844,319.8376842148189,320.2215038516377,313.1161854809982,316.6786804199219,163.58657405972667,164.01131307574377,157.85743557004471,159.08229064941406,210.4089072358795,211.2466852898608,207.3436465884034,210.52719116210935,56.42619979054019,57.31418138051205,56.19927199838076,57.09711837768555,43.07394302236971,44.43996519917975,42.680841443205246,44.36134338378906,21.60358008478525,21.87716560650388,21.466785460264344,21.80876922607422,142.9370107400554,146.46644169789403,141.93717159604822,145.58657836914062
2024-11-07 00:00:00-05:00,54.00212762622595,54.32502672825418,53.31719692360677,53.5324592590332,116.33776791796738,116.33776791796738,113.41670172881612,114.16925048828124,306.6676914313244,311.34499946876605,305.17175147312275,309.9388122558594,246.51444255911017,247.0978465565695,239.493768570546,239.8497467041016,177.00306824410018,180.66464832946423,176.78357165271254,180.3354034423828,241.7546504512181,241.8238717035516,232.5788514284097,233.725830078125,124.0452862572595,124.40802313435216,121.25125417027786,121.34928894042967,593.864544459471,602.7424193205189,591.345038725294,600.570068359375,214.7379534662027,216.12368799059212,213.2235547047665,215.2823486328125,99.7725009801415,100.01839140447822,99.19219567663713,99.5069351196289,25.43000030517578,26.3799991607666,25.190000534057617,26.229999542236328,26.668050595590586,26.72617150926844,26.483998880041742,26.60024070739746,419.5971138468432,425.1448706929316,418.2027124984046,423.73052978515625,354.726016339608,358.68943551658685,353.0316631082264,357.4112243652344,94.95412097667524,95.57687302101073,94.65757920745276,95.01343536376952,180.95612485158605,183.819753327028,180.7572489088698,182.76577758789065,161.6816496500155,162.07479051952023,160.66929766354608,161.19021606445312,564.1032161570504,564.981824271437,553.3203704075449,555.0076904296875,462.0526006815529,465.0137228886336,460.6515343180085,462.5196228027344,83.30615408080547,83.97284029535624,83.0076340128403,83.43550872802734,63.33864638662971,63.43716509718131,62.65885450578085,62.71796798706055,88.02434590026111,88.03418422320567,86.263661315264,86.67678833007812,260.2732997147077,264.5816463242691,259.98606854731963,263.7496643066406,288.8900146484375,299.75,285.5199890136719,296.9100036621094,510.6600036621094,510.6600036621094,495.2999877929688,500.9200134277344,386.499042238241,395.15821201934506,386.3013324519148,394.8418884277344,781.3699951171875,798.219970703125,779.9400024414062,796.5399780273438,224.13670611072257,227.37956894750107,224.0768403097807,226.98043823242188,74.9363091093047,75.59955565664274,74.45125451402595,75.15409088134766,98.34422862958084,99.08096197640494,97.69709459981196,98.49356842041016,39.72666007145534,39.83303312683832,39.17543478778998,39.23345947265625,198.23140392098736,198.5946011351669,195.5516767907757,196.8179168701172,522.3902203952952,522.4301372163673,515.0128495056434,516.2988891601562,249.02863562572725,249.36771782507623,245.07929128772128,245.43832397460935,81.69499969482422,82.73999786376953,81.12999725341797,81.3499984741211,897.6281651277238,918.4651267772056,893.3828559619786,912.9212646484376,155.9601893810994,156.23575360340797,154.03122480781576,154.24774169921875,44.509956555596126,44.6977192209722,43.98619119250752,44.24313354492188,178.70343886419374,182.16556352998285,178.48393702420717,181.86624145507807,306.40090608669027,306.53044629446083,303.3319282770089,304.7069702148437,207.44000244140625,212.25,207.19000244140625,210.0500030517578,178.37012527672528,180.18084058224284,169.82118348387343,171.0876922607422,316.88528923062546,317.83988276285083,313.48025695429646,316.7967224121094,159.9811864580772,161.94686307908242,159.50704022491882,161.41346740722656,210.5666220427029,211.43396737168763,208.8812151037493,210.61590576171875,57.02805444003271,57.52137671678688,56.771528512170654,57.304317474365234,44.19427827564575,44.22375958238776,43.38842340094492,43.427730560302734,21.87716484309561,21.87716484309561,21.45701353379003,21.53518295288086,146.3664587614797,148.9060435973239,146.14649291865044,148.85606384277344
2024-11-08 00:00:00-05:00,53.52267592314023,53.61073897492831,52.80838838423351,52.974727630615234,114.19895654086176,116.10012522180146,113.5652336472152,115.44659423828124,309.19083350823854,321.93624037326265,308.60243412689647,321.0785827636719,239.25646719255255,241.40221889246112,238.11930766165872,238.79171752929688,180.23561473741785,180.48504128160124,177.6715177795822,177.94090270996094,236.65257798806772,236.65257798806772,233.13255370143304,234.31907653808597,122.00613618092385,124.32959849461844,121.13361396801012,123.760986328125,604.0914487645537,614.8043884566621,600.3220889433022,610.8465576171875,215.23285155536465,217.4698179992604,214.3024334878904,217.25205993652344,99.81184850183772,101.53308154381791,99.33973556571458,101.2281723022461,26.0,26.43000030517578,25.82999992370605,26.200000762939453,26.66910478827628,26.708453283906262,26.27560857400244,26.285446166992188,423.6209440547306,424.7962229099081,420.095077093531,420.85205078125,357.4706642862709,359.44248583963514,351.87234088661273,352.2785949707031,95.00354683338746,96.51593170240078,94.92446601292036,96.42697143554688,181.95043944089767,183.99873415526287,180.79702575852184,182.59674072265625,161.0329586785886,162.9790465354692,160.8462115107438,162.2812042236328,556.345595870289,557.6635081992844,548.128677275859,550.8643188476562,462.38052285097217,462.6686931956774,456.2993189230343,456.567626953125,83.86338316056886,84.99774726832425,83.81363487719612,84.4106674194336,62.96427072564921,63.2893854884479,62.79678816019946,62.97412109375,86.9128503757352,87.23744747360819,86.13578800708831,86.28333282470703,266.40400061477885,269.2960189701203,265.3442407061755,268.5036926269531,299.1400146484375,328.7099914550781,297.6600036621094,321.2200012207031,503.8299865722656,505.0,493.6900024414063,494.6799926757813,399.3493862763825,401.7217528348679,397.66894362405503,401.2275085449219,797.3599853515625,799.0599975585938,788.6500244140625,795.0399780273438,226.92049995960824,228.4088689967903,226.16134014604208,226.7107391357422,74.73833061039281,75.78763455715293,74.49085269446435,75.11449432373047,98.29445405459292,98.82211473411552,97.1793922215965,98.58316802978516,39.39785994580324,39.5042329986047,39.08839865638566,39.14642333984375,197.45596014560064,198.17251415563896,195.8068869017464,195.82652282714844,518.7514699322539,527.2255201049287,517.9439452321049,523.157958984375,246.38576505556625,246.4655517874293,243.46363496991412,244.730224609375,81.45999908447266,83.06999969482422,81.3499984741211,83.01000213623047,912.9912037073263,960.9382253462232,912.7414796362904,942.75830078125,154.51345731553275,154.592192089468,152.94864310351673,153.0076904296875,44.6087766845317,44.96454068653899,44.42101402560768,44.59889602661133,181.58689369622655,181.9361053506888,179.16241665392053,179.45175170898438,305.7931145068283,310.03786754477585,304.5973914375891,306.76959228515625,209.72000122070312,209.9600067138672,207.44000244140625,208.17999267578125,170.2763366179229,171.66159105028078,166.9715405644868,169.10877990722656,317.357677440489,323.03601485630384,316.1767264545384,320.1131896972656,162.01601626752452,165.70043909845498,161.9271044279193,165.6609344482422,211.07914996828688,213.5826035291486,209.71899749987483,210.64547729492188,57.31418217757076,57.42271368049335,56.88992471910081,57.28458404541016,43.39824873806127,43.62428083448568,42.90687363742702,43.15256118774414,21.544953352662542,21.916250657414565,21.544953352662542,21.828311920166016,148.7460628790407,149.74590195013883,146.236457046531,147.6062469482422
2024-11-11 00:00:00-05:00,59.41310889222345,59.76536111610502,58.24871918188243,58.53247833251953,115.79316742597776,116.68433504836764,115.1891491146238,115.654541015625,324.369649009016,343.94652154977894,324.369649009016,340.8050537109375,241.1352289937721,243.19198990816352,239.13779525478608,239.2465667724609,178.17038077952392,180.13586327493155,178.06063248502642,179.9363250732422,237.30516858414896,239.3815948442428,236.31639704838167,236.60313415527344,123.42766404476392,124.47665182284284,122.34926658274593,122.4963150024414,611.9278351339351,625.646322301415,608.9718126441862,620.2105102539062,216.96499681101315,223.02260652904909,216.96499681101315,222.94342041015625,100.8445795246487,101.7002809018935,98.80860711339328,99.0741729736328,25.959999084472656,26.290000915527344,24.82999992370605,25.049999237060547,26.28544467407631,26.393656314488496,25.79357631049931,25.813251495361328,420.83211176857736,423.1129722177533,414.3381687204943,416.3401489257813,351.7534557122707,357.3418913259488,350.8616924356276,354.03240966796875,96.87178555369434,100.24253191586956,96.822358156685,99.15518951416016,182.3581139590026,182.5868182722662,175.81550773693706,177.8936309814453,161.5931940779418,163.30337334546945,161.17055339867463,161.4457550048828,548.208485531327,553.0507629555219,544.2048406851162,546.0518798828125,456.56761456740816,459.459173282965,452.4637875620728,453.546875,84.53007159114665,84.98780439694407,83.70418022202375,83.79373168945312,63.0430874667364,63.17116479902244,62.31403621939423,62.42240905761719,86.76531063280078,87.36532075628651,86.3128453355633,86.82432556152344,270.9203309081758,273.6538779865651,269.6823020895154,271.88104248046875,346.29998779296875,358.6400146484375,336.0,350.0,493.6000061035156,507.7200012207031,493.6000061035156,504.4800109863281,403.0759629882606,406.8618910073491,401.1582927983556,403.5899963378906,795.9000244140625,806.8200073242188,795.5700073242188,805.4400024414062,224.7528927426808,225.45212091614076,221.25673663335024,223.98373413085935,75.3817751306082,76.61916471728127,75.33227652617062,75.82723236083984,98.5632591478225,100.45487877182715,98.5632591478225,100.41505432128906,39.13675649736424,39.5332492996406,39.07873181080217,39.10774230957031,175.2819224609513,175.2819224609513,169.51999906191833,171.2181396484375,527.2354446371066,532.3996841144826,526.9064959082897,528.5015869140625,244.34128795596337,245.4881899551817,240.78087902693548,242.5959930419922,84.06999969482422,87.47000122070312,83.37999725341797,86.94000244140625,942.7583335631934,950.2301194864976,930.4119896941356,931.8504028320312,153.15530374459044,155.08426810021658,152.45655705155357,152.58448791503906,45.06336140587099,45.97253647758799,45.04360009044207,45.537715911865234,179.6612647183404,181.67169024189303,179.58144448419563,181.55694580078125,308.9816653970268,311.3232720535867,308.19448051918295,309.8087158203125,208.5,209.6499938964844,205.58999633789065,206.83999633789065,168.2083575081197,168.99002499695996,164.33956166191882,166.51637268066406,320.73321491595595,322.3766716420785,316.5014985481177,316.6983337402344,164.95961470982937,166.46104775858657,163.75451931274728,164.00146484375,211.31568145069065,212.31116143189783,210.40891817858932,210.4976348876953,58.21203086397784,58.586956862375615,57.580578927992384,57.84697341918945,43.20169553581058,43.86014008332059,43.15255877826967,43.43755722045898,21.76968620973562,21.965104171779405,21.740372676781345,21.79899787902832,148.65606583595482,148.82605190369284,143.5469028263821,145.2366180419922
2024-11-12 00:00:00-05:00,58.53247929790079,59.31525995688555,57.544219415793634,57.749698638916016,115.53570936934202,116.14963169493286,115.27825709673006,115.29806518554688,338.37167249511907,347.9157468157566,337.5937848920425,340.22662353515625,239.64210507904255,239.92885812132627,235.92410783266635,236.24053955078125,179.40752552521292,182.07139909398467,178.9785039683493,181.2033843994141,237.8490064827576,238.74879224115483,236.0790969063536,236.8701171875,123.34923371993192,123.42766453046065,121.4179180182116,121.78065490722656,614.5861571900726,619.4466265085616,608.8329177196119,609.7156982421875,236.91946804232572,240.29470305063649,227.2391868661174,231.5250396728516,99.10368333266506,99.11351354722972,96.8808316922164,96.9595184326172,24.65999984741211,24.959999084472656,23.88999938964844,24.15999984741211,25.803415191527147,26.0100008902372,25.527970095019075,25.764066696166992,416.5791841447968,422.744458901271,415.533390819855,421.340087890625,354.3693240712728,358.81825243295555,353.68563184234523,357.3121337890625,98.9772652344618,99.38254878908924,97.2869522655502,97.66258239746094,177.88367033469055,178.53992454293993,172.21605483641088,175.21890258789062,161.27866675785805,162.17307946213742,160.35476923891997,161.52438354492188,548.2884104839848,549.2868234006154,539.1928834386697,539.8917846679688,455.3652762345025,457.37249201100695,450.70500105072273,452.7022705078125,84.08230190481723,85.10720922224246,84.08230190481723,84.56987762451172,62.737674729651886,62.80663858115959,62.18596015934221,62.26477813720703,86.78498281145752,87.36531625920227,86.3620250003529,86.85383605957031,273.10916665978823,274.1193873289671,266.85959938924304,267.315185546875,342.739990234375,345.8399963378906,323.3099975585937,328.489990234375,504.3900146484375,528.9099731445312,504.2699890136719,526.4199829101562,409.48140286755313,411.2310168310498,397.5602327556105,398.4399719238281,807.5,820.3699951171875,803.75,819.5,224.30339000560164,225.34224111445195,223.11469448970428,223.98373413085935,75.68864795447482,76.64886351539965,75.3718765114052,75.88663482666016,100.1064256000899,100.8431589550908,99.06105464841968,100.5444793701172,39.1657653972601,39.26246951522333,38.74993104977208,39.06906127929688,172.76905587002975,173.3776497603212,167.88075868841548,167.9396514892578,527.484710792428,529.2792643349117,525.6902180987693,527.5545043945312,243.8525978123322,243.8525978123322,238.64663123898453,238.955810546875,86.87999725341797,87.91999816894531,85.67500305175781,86.4000015258789,934.9170193133012,938.5230203824062,925.9768850900168,931.3509521484376,152.08258489447837,152.58450221470284,149.95679091978027,150.22251892089844,45.59700853114287,45.903361705169736,45.30053978488071,45.32030487060547,180.9683012011966,183.6072865116738,180.57918704795912,182.9039001464844,308.52086142323697,310.02830410204115,307.5924005481877,309.3294982910156,208.3699951171875,209.5399932861328,206.00999450683597,208.91000366210935,165.28945775484345,165.56650561809704,160.15415291428883,161.6878204345703,314.5136062148691,316.11771998474813,289.1332479911408,294.0932006835937,164.11011938617497,165.01887711998583,163.5470914202999,163.81378173828125,210.497618563287,211.6201449608721,207.67641760494027,209.46450805664065,57.97523479735598,58.25149784355029,57.64964403786863,57.9259033203125,43.142734787260274,43.43755909411716,43.09359427870541,43.28031921386719,21.70128724864845,21.77945666727528,21.290908982826696,21.642662048339844,146.7563770410738,149.62591028148023,145.98649668767203,148.26612854003906
2024-11-13 00:00:00-05:00,57.93560502224209,58.20958103882173,56.59509297654297,57.15282440185547,114.94159658597984,115.66443319091378,114.41679554428391,114.60492706298828,344.5648111392196,347.24753236407395,337.8530167413353,340.7950439453125,236.73495888826884,238.23796432312145,235.6472436896168,237.72378540039065,180.04607372180914,180.54492683890803,178.130464355215,178.46969604492188,237.8786591332518,241.3492418105167,237.6116865927064,238.4521484375,122.39827592334936,123.93744499179353,121.77084442280992,122.7806167602539,608.0592315133097,608.0691606004117,598.1993453048889,600.9866943359375,232.60391780379243,234.11831657102425,229.8126635406066,230.693603515625,96.89067420584853,97.81521718738114,96.290700912566,96.8808364868164,24.059999465942383,25.13999938964844,24.020000457763672,24.920000076293945,25.803415368468634,26.314958945961425,25.557481172711988,26.285446166992188,419.9556884147255,427.61494119189337,416.5393671420712,423.50146484375,356.25190756901253,367.2504007948674,355.7564802186451,366.834228515625,96.2292703944325,98.78945730760222,95.12216906252102,98.65106964111328,173.71748796990835,174.59247841722313,171.61947416669466,172.59390258789062,160.68895755264325,161.97651113398885,159.58813613410493,161.91754150390625,539.1429691310121,543.9353388911858,537.1461433194158,541.0399780273438,450.9633628305083,454.6399227654208,448.0022404382327,453.34814453125,84.5698809331114,85.36592946274816,84.35096720787723,85.07736206054688,62.116993119161286,62.32388466306397,61.56528233542081,62.06773376464844,86.54890497954919,86.81448714443883,86.0669322601359,86.52923583984375,270.1081993428592,271.673054601404,268.2264014261508,269.7120361328125,335.8500061035156,344.6000061035156,322.5,330.239990234375,523.7899780273438,539.9199829101562,520.5900268554688,532.5,404.4203441498715,407.9887735019868,402.038083013312,405.4681396484375,822.6199951171875,836.989990234375,820.5399780273438,830.469970703125,223.76397540644064,226.4010754152989,222.5153482196322,224.8727569580078,76.13411175319234,76.51027547676635,75.69854819252899,75.74803924560547,100.3453671974381,102.74473156543549,99.90730582081716,102.26685333251952,39.06906010771205,40.036116014447245,38.98202492854486,39.7846794128418,168.5089739084485,169.46111413174927,166.52616473460503,167.21328735351562,528.3919277329487,528.8804220627562,514.8433902415925,520.2867431640625,238.955796447907,241.4091737535373,238.32748545164816,240.88059997558597,86.80000305175781,87.9000015258789,86.08000183105469,87.30999755859375,928.9735382493872,936.5551878228632,922.1810557546704,932.6994018554688,150.08473337497537,151.0787317767371,149.02183641196996,150.81301879882812,45.65630319201575,45.933006848939215,45.29065853539479,45.33018493652344,181.7365427627674,182.2004988580566,179.71115175357687,180.080322265625,308.9701065277967,310.42767594412226,307.3228843039667,308.96014404296875,209.3999938964844,215.08999633789065,209.13999938964844,214.1000061035156,161.0743419691464,161.2227701709496,158.06638731376538,158.7293243408203,301.13945188632124,302.5467303522893,294.1620740723721,296.6518859863281,164.03107266252533,164.7620367514356,163.6557106881718,164.5447235107422,208.11350840524747,210.0108714753594,207.68636146326463,209.52410888671875,57.37338285365461,58.48828850013297,57.06752168412276,58.389625549316406,42.90687363742702,43.42773004445308,42.75945960767894,43.15256118774414,21.66220495082453,21.877165266500025,21.55472386115601,21.789226531982425,149.04602786184785,149.30598054586102,145.87652436377047,146.24647521972656
2024-11-14 00:00:00-05:00,57.64206198409412,58.44441257581751,57.0060506389657,57.24088668823242,114.84257375679468,114.95148802358784,113.80286820906116,113.90188598632812,341.5131226453487,345.06348438514925,329.92457928212576,330.7523193359375,237.5754392257628,238.3961669960092,232.19623597161456,232.9477386474609,177.8710496301556,178.40981947170926,173.9201418364374,175.17724609375,239.69800218567156,241.5470001935604,238.343389962776,239.1541748046875,121.56497477003208,125.83935673934428,121.39831490617088,125.6824951171875,598.6158976846316,601.115605715891,584.2426975913087,588.3692016601562,230.6144064001912,232.17829830881035,227.9419239000092,228.31805419921875,97.54965387321502,97.76603865709522,96.339869628785,96.74313354492188,25.1200008392334,25.61000061035156,24.93000030517578,25.030000686645508,26.305120143784205,26.413331785368165,25.41975745502421,25.596830368041992,423.30222788535474,426.4595778768523,418.3222016749388,425.1846923828125,367.9836444295038,368.5979695405801,357.7282916486208,358.7587890625,98.28532573573182,98.86852981975564,97.9986634169268,98.08763122558594,173.77713873222754,174.57259697971256,168.90496644894682,169.41207885742188,161.91753149236584,164.03068975893424,161.02311883178183,162.32049560546875,539.0430961833969,541.5191404321448,530.8461051410695,532.1740112304688,452.7618826717492,454.9678125426656,450.2280578294366,450.6155700683594,84.6096738058249,85.33606856995546,83.92308222249278,84.05244445800781,62.17610801770721,62.17610801770721,61.50617025795779,61.624393463134766,86.2636616519127,86.70629613284633,84.4931462415031,84.59150695800781,270.0487389711782,270.7717586427297,267.22602737440025,267.7608642578125,327.69000244140625,329.9800109863281,310.3699951171875,311.17999267578125,530.5499877929688,534.6400146484375,523.4600219726562,529.8699951171875,403.3033131489978,406.7630229431681,399.7348840982514,401.049560546875,833.6699829101562,841.0,830.02001953125,837.260009765625,224.77287777547028,228.61864039722624,224.7528954725484,227.9693603515625,75.90642315342397,76.2033996597283,74.90661030478738,74.91651153564453,109.8432796273894,114.303511796905,107.92179354306036,108.63861846923828,39.78468037290399,39.900726051585416,39.51390589297212,39.52357482910156,166.86971299120833,168.4598784044568,165.48567236525102,166.50653076171875,519.0305784447269,520.7652566098108,516.0696748558053,518.811279296875,239.94312733798117,240.2921923878304,236.6719474188296,238.73638916015625,87.05999755859375,87.4729995727539,85.4749984741211,85.79000091552734,925.9768530966544,930.12229705265,921.1521669852664,922.8703002929688,150.75395648215132,151.15746658262498,148.3722857934717,149.46470642089844,45.40924740945225,45.61677516188416,45.19183522892086,45.35983657836914,179.34199500809183,180.03542477204525,175.6304376208683,176.94744873046875,308.7804016763856,310.7670794370836,307.3128698777833,307.732177734375,214.16000366210935,215.8999938964844,210.8800048828125,211.47999572753903,161.23265844746336,163.17200854853797,160.1640388119295,162.24191284179688,293.17796085870464,293.7389141094673,287.686577515255,291.2294006347656,164.67314547466978,165.98688228394218,164.47557701483703,165.0386199951172,208.61019807512488,209.1068890229228,204.984360219322,207.6068878173828,58.20216705005339,58.20216705005339,56.75179827268859,57.14645385742188,43.152563376642384,43.29997741386799,42.44498199619101,42.72998046875,21.78922572651135,21.945560834616465,21.711058172458795,21.74037170410156,147.6162371498861,148.97601887199116,145.52657719098687,146.7363739013672
2024-11-15 00:00:00-05:00,56.908203591080856,57.10389967370793,54.6185680093064,55.00996017456055,113.74346914915874,115.20895051375491,113.30778182502716,114.76336669921876,326.0451014915282,329.3661053282834,323.3025448305036,324.379638671875,232.25557351074545,235.1726086726392,231.3854013611329,232.9378662109375,173.3314910172349,173.7405542062273,170.8272539769183,172.09434509277344,238.74878064816784,243.6530789957137,238.74878064816784,242.5555419921875,125.86876504874608,127.59419799618075,125.8197439224641,126.06483459472656,587.149105027112,594.10261408062,585.1950122972421,587.4566040039062,227.7809373956535,229.96922284167172,227.17418407321767,227.77099609375,96.31036454307608,96.31036454307608,92.92691723337003,94.7268295288086,24.809999465942383,24.81999969482422,24.229999542236328,24.350000381469727,25.28203589466179,25.28203589466179,24.081875827047075,24.396671295166016,418.14294637599176,421.1110226744225,411.9876410047602,413.3421936035156,356.9851441660597,357.0148685986909,345.6596817562512,350.3365173339844,98.56503188595966,99.67898857747312,97.4610233366426,97.88870239257812,167.51291662005434,168.17910850345734,162.50154055884192,163.90353393554688,161.56371416260055,161.56371416260055,155.34216302436846,155.9023895263672,528.5597282070668,528.5597282070668,510.8878105456257,512.265625,448.2109018267541,448.82696710728845,444.06732001300907,446.2533874511719,84.11214892620094,84.36091312276095,83.52506906632611,83.83353424072266,61.56528328720919,61.70321098527665,60.481558679933066,60.82638168334961,84.07018400546887,86.13578896169999,83.61771872968043,86.09644317626953,267.3151883561056,269.3455738441004,265.8889766756214,266.8199768066406,310.57000732421875,324.67999267578125,309.2200012207031,320.7200012207031,520.2999877929688,524.5,498.80999755859375,503.3699951171875,398.262043700125,404.20286973183374,398.262043700125,403.4812622070313,832.0399780273438,832.0399780273438,816.489990234375,823.9600219726562,226.15134020310103,226.6707733581308,224.023689933323,224.7528839111328,75.23328947708893,76.86664529859006,74.84722451686117,75.88663482666016,109.76363237138524,114.68184200306106,109.76363237138524,114.57232666015624,39.45588185488468,40.39392730289518,39.45588185488468,40.27788162231445,166.5065418737757,166.5065418737757,161.68694801165088,161.9519805908203,516.9469645302134,521.7921124159749,516.4185534052046,520.2966918945312,235.5150672762257,236.7916245762937,228.384297269544,229.88026428222656,85.3499984741211,86.19999694824219,85.10099792480469,85.83000183105469,916.727053794535,919.5339498767266,904.5605045325196,906.06884765625,148.51006538843035,151.98415664581026,148.51006538843035,151.56097412109375,45.08312629447145,46.28877009982293,45.08312629447145,46.1998291015625,175.24131269462887,175.4807733973284,172.35287981643725,173.4952850341797,307.0433500255276,310.19804542872987,306.14486796292954,309.119873046875,206.75999450683597,207.33999633789065,199.6100006103516,202.6100006103516,161.28213938300112,162.59812429524533,157.91797809763827,158.80848693847656,286.86979158820543,286.86979158820543,275.1784896163382,279.1051025390625,165.8881246129363,168.48599630157614,164.84107802169453,167.46856689453125,206.0870163302073,207.1101984779926,202.7194522842973,203.63336181640625,56.68273164583671,57.32404836200784,56.46566863470937,56.69259643554688,42.72997604366269,43.06411124439583,41.84550315858858,42.14032745361328,21.7306018627376,22.228920749328974,21.69151901513952,22.160524368286133,144.8466877533126,145.2166386002855,140.05746510375218,141.9571533203125
2024-11-18 00:00:00-05:00,54.97082198508105,55.61661646577153,54.638139753659146,55.57747650146485,114.44650316494868,116.78335913521144,114.37718996051598,116.20904541015624,326.1148894719138,326.1148894719138,319.34325985068887,321.37774658203125,232.453329187353,232.82908807551524,231.26674043688143,231.7908172607422,173.02219578168507,175.03756643328137,172.5033843297936,174.89788818359375,244.97802857289207,245.14611792231315,239.955067395501,242.2786865234375,127.11383229048072,129.36866951037334,126.28051800514616,129.1333770751953,584.6891317363442,589.3512619702902,580.6023436699611,584.8974609375,228.25838031763027,228.8452510424608,227.054830139504,227.6317443847656,94.97272491455078,95.69072832960558,93.85146506395748,94.97272491455078,24.32999992370605,25.020000457763672,24.15999984741211,24.84000015258789,24.563905872113228,24.839352836471328,24.298298376703528,24.45569610595703,413.2126923507384,416.72858966014985,410.45376875637714,414.0991516113281,350.3365251721596,352.2488676040246,348.60252934007224,349.56365966796875,97.90860593369068,100.06689006951808,97.40135687900631,99.85802459716795,164.7188983309757,165.40498090662226,161.29843835344215,164.7288360595703,156.6788536525891,157.11131759174063,155.05711388077097,155.6173553466797,510.1889649817661,511.9561752217777,497.81861517825286,500.494384765625,443.6996980368068,446.4124050298024,442.4675673981826,445.7267761230469,84.40071519160732,84.43056568013174,83.24645328247253,83.66437530517578,60.934752654696105,61.22046218571069,60.649046881929536,60.94460678100586,86.06693415568321,87.26695432405018,85.57512310336502,86.15545654296875,265.8592574190278,270.9995555702176,264.7697859969938,269.1672668457031,340.7300109863281,348.54998779296875,330.010009765625,338.739990234375,505.0,505.510009765625,497.6900024414063,499.510009765625,400.83210465706094,407.7910724545079,399.2999594801228,405.7152404785156,815.5,848.4500122070312,809.3300170898438,847.0499877929688,225.00261496304853,229.4876892234719,224.9227009955052,227.7695770263672,75.39167537028409,75.4312651904014,73.50094048155346,74.13448333740234,112.83004323834588,114.93073551975785,112.39198188048184,113.03911590576172,40.29722189711209,41.17724640180561,40.29722189711209,40.85811614990234,162.5703652024516,163.66975236113498,161.7654719922707,163.2182159423828,517.0067785700868,521.8917824275669,515.4216060449411,520.0374755859375,229.38160052402264,230.1096335168861,227.6363057374268,229.44143676757807,86.05500030517578,86.83999633789062,84.57499694824219,84.66999816894531,909.634912167339,924.9180128749128,906.1087790765912,918.4951171875,150.1733052341866,152.86991504573095,149.91742847049738,152.31878662109375,46.19983083304102,46.46665383782232,45.94289225610608,46.17018508911133,174.55788351993365,176.50844782695492,174.0240942257961,176.39869689941406,308.96012944051955,311.8852001534359,308.181440946077,311.6356201171875,204.1499938964844,204.6699981689453,200.9499969482422,201.6999969482422,160.8863571312188,163.39958131082616,160.29267451973308,162.76632690429688,277.1409662239907,279.1050785105667,274.3435593196543,276.52593994140625,167.0438258557568,169.35523227382163,166.7672480829469,168.66378784179688,205.6300621688057,207.0406627087081,204.0108447514714,206.7128448486328,56.78139402860309,57.215520046504864,56.465668068538335,56.54460144042969,42.11084098786625,42.474461230135326,42.01256747578466,42.25825500488281,22.26800670637092,22.668615700886736,22.25823552800935,22.463424682617188,139.47755210471132,141.52722527651324,137.1279241566863,140.12744140625
2024-11-19 00:00:00-05:00,55.28393182415968,57.387658156523024,54.89253966334111,56.9766960144043,115.3970825344282,116.39717948791127,114.3177683351188,115.98129272460938,318.13656340528735,323.8211474018802,315.14468349865456,322.5545654296875,230.5350011575506,231.474383280464,229.26930449100092,230.68331909179688,173.32152453373092,178.45970544097182,173.16188788594766,177.71142578125,239.5298939417164,242.39732523359064,238.8377569147939,240.36045837402344,128.64319478935934,128.8392643376801,126.25110740606178,126.99617767333984,578.0232328272568,582.1100812215791,572.1212384140885,572.349365234375,226.1198351822228,227.6914260446168,225.06548040585275,226.98519897460935,95.1399354772726,95.9464558468531,93.69409844185824,94.95305633544922,24.5,24.540000915527344,24.100000381469727,24.200000762939453,24.298299106815048,24.701631034687523,24.209762646908505,24.69179344177246,411.45973532284427,416.270457948444,409.90596948487496,416.1210632324219,348.0377233508136,350.7328494216035,346.7892367167128,350.7130432128906,99.25131316801637,99.75856220374104,97.66989238188977,97.81908416748048,165.7131999288466,165.85240397503011,163.37654432636964,164.41064453125,155.04729460269996,155.16523386282964,153.17985299628765,154.03494262695312,495.40244996686135,510.48845275872816,492.5170223479421,508.3119201660156,440.98699961211184,441.8515106639686,436.97262863919445,441.245361328125,85.80375460445379,87.85356926434315,85.48533671950318,86.17192077636719,60.98401119320304,61.69335414610396,60.71800617652229,61.66379928588867,84.59150947122012,85.06365143068832,83.11607616648955,83.6078872680664,260.5704067393804,262.4522045625612,255.9847430033472,256.777099609375,335.760009765625,347.3800048828125,332.75,346.0,496.0,502.4100036621094,495.4599914550781,499.6099853515625,403.67895525294256,404.44997510837226,394.7627693055405,402.11712646484375,839.75,874.489990234375,839.1599731445312,871.3200073242188,226.7307063420897,229.9072217123872,226.4110657200773,228.0292816162109,73.74841956651085,73.97610257414635,72.85749755119518,73.16437530517578,111.55569412422751,112.00370590957084,110.33111693082508,111.92405700683594,40.81943095037022,40.83877251214155,40.42293815662227,40.54865646362305,162.2268183608567,164.02312360059713,160.7936953630156,163.5028839111328,517.1961678486184,521.054347676618,515.182315538309,517.8740844726562,229.04252502111223,231.28647552655468,228.11501756562575,230.21934509277344,82.98999786376953,84.23500061035156,82.5,84.08999633789062,926.9757616647914,932.969139434176,915.3485941599156,929.1234130859376,151.5117638067744,151.55113870335524,149.64186168150684,150.57681274414062,45.44877508435408,46.071358307432334,45.40924491373829,45.86383056640625,174.83722501844,179.76102035391557,174.71849185468582,179.17236328125,309.4792430075016,311.70550788475083,307.9917557500083,311.3261413574219,199.3300018310547,205.3000030517578,198.77999877929688,204.6100006103516,162.3012797911211,164.47809087990674,160.93581883723897,162.97412109375,275.44469461502126,279.3431913200015,273.3515889550558,277.7064208984375,168.60450811874506,169.07863924759428,167.58709388790356,168.67364501953125,205.13336878355847,208.9380233988197,204.8254228101492,208.85855102539065,55.92301687091157,56.27820953318809,55.59742234257461,56.24860763549805,41.86515372851561,42.0322231988038,41.58015904208503,41.58998489379883,22.355941221427656,22.395025930742943,22.160523265835767,22.20937728881836,141.2972716123141,147.10633445236968,140.96732287230222,146.98634338378906
2024-11-20 00:00:00-05:00,57.34851909945183,57.5637851645603,56.42874862678275,56.63423156738281,115.54561668243691,115.6248263762278,114.39698924488404,114.7930679321289,324.4095570087608,326.3742260933533,321.13843609194964,324.8184509277344,230.86131136514712,231.70181987887472,229.24951943123625,230.95030212402344,176.9332054393086,177.27242187746617,173.38137397204065,175.57632446289062,241.65574876176424,241.86339741541383,235.96043034861145,238.07640075683597,127.074599616765,128.6627972533728,126.27071003700384,127.82948303222656,578.0133230199574,597.7826780334401,576.8626388275901,595.659912109375,226.03032134919857,227.67153170666705,224.21006130719925,225.46334838867188,95.3858269365254,97.21524498605608,95.0710874597912,95.83826446533205,24.06999969482422,24.209999084472656,23.549999237060547,24.01000022888184,24.66228017057973,24.69179294873561,24.24911065804222,24.534395217895508,415.2046922657536,415.6230278333229,408.9398109050573,413.8302001953125,350.4752470203958,354.0621366010087,348.4340885271355,353.8045349121094,97.4709775151825,98.21692887371708,96.5857825101116,97.72957611083984,164.59957002443485,164.59957002443485,159.94616412016126,162.3225860595703,153.76956574798314,156.38399601956647,153.5238489554816,156.0203399658203,506.2751638976982,513.0344077808008,501.9320924670776,512.0260620117188,440.9273763946746,448.0419968913368,438.7313928106223,447.2868347167969,86.17191159828033,86.76894412001319,85.48532761454372,86.7490463256836,61.77217469481525,62.077584951775535,61.10223694150227,62.057884216308594,83.3423084594104,83.5882139980551,82.18163401682985,82.73246002197266,256.8166972904764,261.1349577160834,256.47007338633443,260.510986328125,345.0,346.6000061035156,334.29998779296875,342.0299987792969,505.4100036621094,506.3599853515625,494.6099853515625,499.5,401.3263475036621,402.0183015486272,395.3163504496752,395.3954162597656,879.97998046875,890.5999755859375,868.4000244140625,883.8499755859375,227.80951934283004,229.67746064503265,225.64190448211676,228.7484893798828,72.91689533747497,73.09507218310286,71.97647474402214,72.61991882324219,111.76476631301632,113.86545864019162,110.97825049232502,113.75594329833984,40.61635187735144,40.8871263760455,40.374587878081485,40.82910537719727,163.83661986531683,164.8182064465321,162.59981118717914,164.67095947265625,519.9378248300354,520.9048342622854,509.439943173259,510.9752197265625,228.88295491188327,233.1015776630109,228.2745943794418,232.4732818603516,84.51000213623047,85.5999984741211,84.23999786376953,84.73999786376953,924.0590361009318,927.7749011923293,915.4884884993176,927.0557250976562,150.60633907510612,150.8228559587659,149.4056599992195,150.68507385253906,46.02194845707789,46.09112437222331,45.37959636523655,45.51795196533203,178.42407007919522,178.7034332806034,174.93201483744025,176.92747497558594,311.3361192194558,311.76542005471345,305.70560920137314,306.8736572265625,202.97999572753903,203.1300048828125,199.4499969482422,202.8800048828125,162.27160089885115,162.46949007547397,151.33805403820523,152.64414978027344,278.84719475239973,286.1680542833435,276.3275425218061,285.5629272460937,167.93282519764162,168.97988685825268,167.4389341599859,168.8020782470703,209.6035828574265,213.5373818875972,208.38172735320128,213.1797637939453,56.08087802185607,56.73206329345703,55.85395022033228,56.73206329345703,42.01257046519339,42.27791346536721,41.26568197310351,42.24843215942383,22.27777341292721,22.375483321441934,22.21914821328298,22.30708694458008,147.38629113505743,147.5362609033671,142.70703603144835,145.8665313720703
2024-11-21 00:00:00-05:00,56.908202946149885,57.22131518176784,56.23305538795974,56.9766960144043,114.5455244040358,116.48630174125978,114.010819287468,116.11003112792967,330.4531526158141,342.0117787154472,327.7105959447585,334.87115478515625,231.45463119290912,237.24914012571335,231.05909153122423,236.3493194580078,173.50110570024947,173.73058909215166,163.32450529327863,167.24549865722656,240.49888432456905,242.7335175389868,239.3914650881921,242.0117034912109,127.9373282572268,129.52551099349287,127.84909920724472,128.63339233398438,595.163973311203,599.1317331332776,591.9203102828296,592.6741943359375,226.78626478146705,227.651628566577,223.62320047895452,224.8864288330078,96.11365383169309,98.828286318212,95.35630709440554,98.21847534179688,24.07999992370605,24.770000457763672,23.82999992370605,24.440000534057617,24.465534033527423,24.80984039827768,24.37699757506908,24.721303939819336,418.6605301722443,418.9399686403921,409.4689690149979,412.0437927246094,356.2321012991488,360.1757142279961,355.0331754764733,357.74810791015625,98.96287711596376,99.78839841458375,97.9583271934046,99.51985168457033,165.3055415632133,165.3950266361379,159.6876450165234,163.0086669921875,155.67632287787615,157.75017310551289,155.24385894455102,157.59291076660156,513.3040457071303,515.4006884644349,506.6546120016666,515.2808837890625,448.9859859280695,452.25514098018897,446.7601633935344,452.1855773925781,87.01770820709956,88.20182814793057,86.50028204661832,87.95306396484375,62.21551999252593,62.86575328958934,62.018478802272256,62.81649017333984,82.82098545050326,83.73575438798045,82.54557243783343,83.35214233398438,261.5311287379457,263.1455232724897,259.7483791978334,262.6800231933594,343.8099975585937,347.989990234375,335.2799987792969,339.6400146484375,502.1000061035156,508.5700073242188,493.1000061035156,504.4400024414063,396.7101173029593,406.65434039043737,395.77107123097886,405.7251586914063,883.9299926757812,908.0,877.239990234375,897.47998046875,228.6286329426038,229.907225938216,225.46211628612437,228.2690277099609,72.61991733915453,74.79771989093362,72.46152785415354,74.34236145019531,113.64642782752344,115.73716214059314,113.32783981406271,114.2139129638672,40.829105717554576,41.34164421979119,40.62602115281522,41.09988021850586,165.48567463421196,169.28442480813283,163.84642687557314,168.56785583496094,511.66311865623953,518.5320984835421,510.01816209686655,513.5274047851562,233.29106311918184,234.5476699092169,229.7605877275044,234.41802978515625,85.16000366210938,85.48999786376953,84.20999908447266,84.81999969482422,933.9680428449988,957.4321072360656,928.9735613324588,954.5952758789062,151.18698651653827,153.5883445944877,150.38981756808124,153.03721618652344,45.844066424988256,46.49629917435954,45.75512542417378,45.91324234008789,175.05673923346154,175.18145549789298,164.93476294944196,168.85585021972656,306.78378642581544,310.3977311550945,306.134884386641,309.3794250488281,203.4900054931641,203.4900054931641,195.75,198.3800048828125,153.52475295624868,155.28599210554054,151.97129213579728,153.82159423828125,285.87044347143313,288.7769544259809,281.8628428758188,287.57666015625,169.56267964417,171.39006749373846,168.14027100237823,170.6393585205078,214.3817479431508,221.15661985683096,213.84532838025595,220.9281311035156,56.52486529432797,57.156317183143095,56.33740042725776,56.791259765625,42.35652842906627,42.97566205079917,41.77670571164211,42.749629974365234,22.2777739612992,22.61975771768797,22.209377582753756,22.453651428222656,149.32598496889756,152.8654088901037,140.67736706254192,146.6464080810547
2024-11-22 00:00:00-05:00,57.09411221578783,57.65184361922039,56.379824694419696,57.60292053222656,116.07042032072742,116.84276962306348,115.23865430350745,116.6051254272461,338.03257102776,341.8821084979672,334.87113792382763,341.09423828125,237.3183460326236,239.9585108216412,236.7942692255317,239.681640625,165.4695761261647,166.0781775052239,163.52403689515066,164.38206481933594,240.87463668583447,246.35242440676475,240.30114737922807,245.75917053222656,129.152982065136,129.22159967250062,127.28048579649452,127.43734741210938,593.7356262888323,596.4138764981144,583.9253247898235,586.1076049804688,226.53758959485253,228.89496821702255,225.91093849678305,227.89035034179688,98.6807573010158,100.11675663008144,97.30376927873962,97.5496597290039,24.350000381469727,24.68000030517578,24.13999938964844,24.5,24.77049161761203,25.331221263821867,24.691792752816426,25.23284721374512,410.5467888521348,416.564720799061,410.2374116400306,416.16552734375,354.9638020581546,361.30529675782327,354.0125899485994,355.3799743652344,99.46018125952745,102.00635947154426,99.23141950381827,101.94668579101562,163.36662194478373,163.97315716843798,161.47740665813885,163.29701232910156,158.1433122244198,159.2834416730042,157.15062184096172,159.22447204589844,513.8032003446169,516.1794277303142,506.3650431201232,512.4453735351562,450.9633860710056,454.3021048834213,450.67521571038776,451.8974304199219,88.96802793962898,90.46061306929496,88.49039735779644,89.99293518066406,63.2893854884479,63.52583942184338,62.708119814300176,62.97412109375,83.40132352480755,84.88659508191454,83.23410955931936,84.79806518554688,263.56146986167903,264.3538264565111,260.40204806113707,262.1451721191406,341.0899963378906,361.5299987792969,337.70001220703125,352.5599975585937,502.5,513.3699951171875,502.5,512.1500244140625,407.34627353051854,415.3036250551719,406.2194121853847,415.1652221679688,896.0,906.0,893.0,897.7899780273438,227.80952873867184,230.4666110292765,227.80952873867184,229.61753845214844,75.36197148352205,76.71815316807646,75.0650025188435,76.6191635131836,113.34774636146086,115.82675953744508,113.0988492427068,115.13980865478516,41.19658230618939,41.91220533777695,40.9451493804577,41.72846603393555,171.12980037622955,175.5665759016047,170.3052712455682,173.69174194335938,515.3518417414132,520.117277944817,514.6041314386982,519.2698364257812,233.85954092512392,236.2929678048324,233.85954092512392,235.20590209960935,84.68000030517578,86.80000305175781,84.56999969482422,86.7699966430664,961.6774270940498,975.222458666256,957.4621139156644,962.946044921875,153.4308669970912,154.6315459730909,151.6692234270941,152.71243286132812,45.82430096929602,46.664300141274,45.73535996919964,46.4468879699707,166.780582207106,167.88306980424588,165.33387647649843,166.19192504882812,307.45264713352447,311.06656107637025,307.3827574135372,309.3993835449219,198.25,199.25999450683597,196.75,197.1199951171875,153.15865137363343,155.22663620073396,152.10982519897587,155.1375732421875,288.5091259008015,293.1119542161765,286.465637720114,292.1695556640625,172.0222250132582,175.23251643379885,171.75553473195637,174.12620544433594,221.8718594896465,225.69637081444895,219.42813327944992,221.49436950683597,56.8208618049976,57.91603789663049,56.69259695508778,57.76803970336914,42.51376961432982,42.9658375300953,42.415496099408,42.72014999389648,22.522047299313822,22.7565518257024,22.41456807701902,22.649070739746094,145.90650981286518,147.13632286743956,141.07730047570033,141.92715454101562
2024-11-25 00:00:00-05:00,58.68903101224448,59.37396543702418,57.368088982920455,57.51485824584961,117.12001940413232,117.48639351054508,116.42688736991632,116.97148895263672,344.0662112053,346.9085033848611,337.37438124249223,338.192138671875,240.7397016821792,247.7801413980328,240.3342792038137,246.5342254638672,165.70900750846198,168.2431896044489,165.2301128286344,167.2654266357422,246.7874924353732,251.45449545087985,246.263444710482,247.4796295166016,128.1039961078257,128.52555986039658,126.62365377112152,128.14321899414062,592.7635165615562,604.9247105337741,590.214223520414,600.947021484375,229.8896421490373,230.7550210787045,228.4772032523265,229.37242126464844,98.44469775059456,100.06757623442238,97.87423760503935,99.4971160888672,25.040000915527344,25.56999969482422,24.76000022888184,24.8700008392334,25.331220982992235,26.019837449566317,25.32138339046073,25.7443904876709,417.542782130724,420.23736087052777,414.0198472532827,417.9519653320313,356.7077202654233,360.8197615485632,355.22143809765066,357.9859313964844,102.37436497886108,102.76225907911392,101.23057137556256,101.29024505615234,164.46035866822987,166.2799642825271,161.96462340775656,163.8836669921875,159.91247549854998,160.78722662492004,159.22447152230868,160.25648498535156,511.48690230009686,515.5205293047584,508.5515660179548,513.3839111328125,451.6986556492431,454.1033299513463,450.1485460517083,452.8016357421875,90.05264350422267,90.50041604298556,88.61975923349155,89.05758666992188,63.36820122059742,63.75242945312866,62.895304645309125,63.42731094360352,85.08331289930872,85.40790999814075,83.38164333936842,84.34559631347656,266.36438451245846,272.98040340693234,265.91868203807445,272.68328857421875,360.1400146484375,361.9299926757813,338.20001220703125,338.5899963378906,519.0900268554688,523.2100219726562,513.1900024414062,518.72998046875,420.10764623815527,425.2972112799207,419.5738539587303,423.73541259765625,902.0499877929688,902.0499877929688,864.219970703125,865.5900268554688,231.2058026888721,232.99383009111637,229.48769048234251,232.6142425537109,77.70806087960197,79.05434126464013,77.61897246044597,78.46039581298828,115.16967797506469,116.06570914414398,114.42298660012152,115.48826599121094,41.9122050816352,42.59881392176956,41.88319458358115,42.53112030029297,173.76045626278415,176.87208384663808,173.495423698987,173.79971313476562,520.0474909818587,526.6372965967972,519.429388658302,524.9923095703125,235.53501992830047,238.73639606067368,234.81695453819367,237.04095458984372,87.98999786376953,88.73999786376953,86.97000122070312,87.7699966430664,973.9238797496472,973.9238797496472,948.6418171663448,959.8294677734376,152.7124351611622,154.55281352975808,152.68291149877678,153.31277465820312,46.70382844029135,47.17818297328287,46.60500677830424,46.94100570678711,167.60869154426803,170.0730862057209,167.02001919185565,169.04541015625,311.33609657985033,313.1330910674444,309.3394563489539,312.66387939453125,199.27999877929688,201.9499969482422,199.0,201.4499969482422,157.26492493999967,157.96743375575275,155.56305090756217,157.1461944580078,291.19739314928955,294.9371986518405,291.1478059729751,291.643798828125,175.3115530166285,176.6351924110921,174.73863762220407,175.22265625,221.87185290626053,224.9215274500289,221.1764734516522,224.63345336914065,57.86670720668003,58.172564623410274,57.48191265172027,57.95550537109375,43.16238484110793,43.2704879575627,42.38601507082189,42.45480728149414,22.61975780188719,22.78586409197081,22.42433984298157,22.57090377807617,141.9671640146257,142.02715192160386,135.79815839357323,135.9981231689453
2024-11-26 00:00:00-05:00,57.573569444017885,57.80840549544644,56.81035880891182,57.47572326660156,117.47649314164558,117.83296321455964,115.8624813231428,116.80316162109376,341.0543649644177,342.8793982653331,338.222055717082,342.2510986328125,244.00281592900245,244.4082384055908,239.7508741503457,242.8854522705078,167.24549839943876,169.43047745533647,167.19561004372002,168.73207092285156,247.67738869231744,248.18165674665303,245.55152082707352,247.1632232666016,128.16280791354578,130.32941600054767,127.96673837098815,129.682373046875,603.3375560182456,603.5656828368951,594.0530124547712,601.8992309570312,230.56603348659863,231.26230405469215,228.626417197781,229.1734771728516,99.81184877055416,100.12658822749007,98.06110256836864,99.94954681396484,24.950000762939453,24.989999771118164,23.809999465942383,24.049999237060547,25.73455357250969,25.81325243850428,25.19349910333796,25.35089683532715,418.75036014607525,428.18146205416855,418.0118506967232,427.133544921875,358.67952293534387,361.19630261909816,357.32205668403014,359.858642578125,101.439430999468,101.53888965745531,99.92763966871702,100.13650512695312,163.66491886709738,165.42485263123152,161.7657658731516,163.8041229248047,160.47272754677036,160.8756916897342,159.1261893214546,159.38174438476562,513.3839279515714,513.3839279515714,506.4649033631981,512.1658325195312,450.5957060664169,453.7654888493345,448.41958483741337,453.7058715820313,89.44565609964796,91.42581702711884,89.39590022244438,90.85863494873048,63.35834892459973,63.68346744351539,63.11204838296593,63.59480285644531,84.92593539352161,85.14233347376718,83.62755441648984,84.27674865722656,271.99990198779864,272.14845940839047,268.3749497987852,271.8414306640625,341.0,346.9599914550781,335.6600036621094,338.2300109863281,519.9500122070312,525.760009765625,516.3599853515625,525.2999877929688,423.6661994661923,434.3122103125221,419.81110014623147,424.5755920410156,867.489990234375,886.3599853515625,867.25,872.5999755859375,233.07373841155265,235.31128373473047,233.07373841155265,234.8018341064453,78.10402852528537,78.10402852528537,76.78744425478563,76.82704162597656,115.48826579925723,115.90641114555342,114.93073867086233,114.94068908691406,42.53112055647359,43.033990096918416,42.30869812899282,42.90827178955078,173.8291672256724,178.3051997207493,173.416902651423,177.80459594726562,526.2883306808625,529.029934852938,523.456974507859,526.8665161132812,236.8614332593742,237.4598261252398,232.5231230262553,235.94390869140625,87.4000015258789,88.18000030517578,86.9000015258789,86.94000244140625,962.9360122876994,973.294561816317,959.8294594944352,970.427734375,153.9278706149433,154.01715228758886,151.94375271107742,153.29295349121094,46.95088350843286,47.27700175879693,46.654414770704776,47.18806076049805,169.10528708504503,171.10572566539952,169.04541048829364,170.2327117919922,313.6722104992995,313.9716943646321,311.01667518353287,311.29620361328125,201.8999938964844,208.0,201.7899932861328,207.8600006103516,158.0663950605976,159.7682691917799,154.44496416996716,155.27610778808594,262.1024672351711,278.0932721421188,255.7339056148623,277.76593017578125,175.03496579738365,177.26736274343705,175.03496579738365,177.1191864013672,225.2294742197041,227.46458349745183,224.0175470875898,227.31558227539065,58.21203084713102,58.84348278293373,58.15283081674311,58.79415130615234,42.25825536643102,42.51376874936575,41.7079139469407,41.90446472167969,22.41456849703713,22.58067478587244,22.346172118751102,22.561132431030277,137.6778530821544,139.277601884859,135.64818075181995,136.89797973632812
2024-11-27 00:00:00-05:00,57.55400082707262,58.22914842548008,57.514860862140814,57.99431610107422,117.18933301216396,119.3479539249114,116.94178477700748,117.783447265625,335.5492835547524,336.4668067503096,327.98981399440805,329.11676025390625,243.29086097667064,245.12019600357004,242.1240529703677,242.4899139404297,168.61234397565445,169.09123867813173,167.6345961844918,168.84181213378906,246.55018270010947,248.36951866229165,245.97669341231065,246.9852294921875,129.9470753579811,130.7999860969578,129.14317078535922,129.23141479492188,606.1051055528259,612.4733431726451,601.8099885545578,603.4764404296875,230.9439980472409,231.7198597328776,228.2484330500297,228.4175262451172,99.9790591832937,101.74946593352183,99.96922146410893,101.42489624023438,23.82999992370605,23.93000030517578,23.059999465942383,23.649999618530277,25.341058467670983,25.527968972316263,25.282034789062077,25.40991973876953,424.2593075311874,426.37509083138485,421.17549451394376,422.1435546875,360.7503856203776,362.3258712894952,357.5796685498879,358.84796142578125,100.20612902823342,101.47921808862252,100.17629218903826,100.96202850341795,162.27285370392542,162.27285370392542,156.64500466348431,158.76290893554688,159.16550898630732,162.30085760060476,158.90995392848836,159.93214416503906,514.5919508089219,528.020616105779,514.16264058717,520.83203125,453.7853511875888,456.6868562677942,453.7853511875888,454.2225646972656,91.54522131098877,91.79398549933384,90.85862972181856,91.42581176757812,63.998729873704825,64.13665757147068,63.29923725889344,63.4765739440918,84.7193720532669,85.47676530209385,84.51281230479809,84.8570785522461,272.5149208418848,273.7430660883206,269.9497285371138,270.5736999511719,341.79998779296875,342.54998779296875,326.5899963378906,332.8900146484375,523.2100219726562,525.8800048828125,508.7200012207031,513.6799926757812,425.8972363871218,427.3877773238533,423.2738697824104,424.4961242675781,872.0599975585938,880.9500122070312,858.9099731445312,877.3400268554688,234.21249554010248,235.43115689965904,233.55321672420507,234.67198181152344,76.82703615479797,78.25251120645206,76.80723369439956,77.54966735839844,114.9406904594042,117.6785588623377,114.9406904594042,117.08120727539062,43.0146499851896,43.25641398264842,42.90827323606359,42.917945861816406,177.80459715202431,180.84752162073173,177.5592005006067,179.70887756347656,527.4347881871066,531.9908431926425,524.9723583511931,530.754638671875,236.61211248710464,240.30216135589043,235.0363587632718,238.1878662109375,87.55000305175781,87.66000366210938,86.2699966430664,86.56999969482422,970.3878048002264,971.2168448181096,957.5320145185048,960.4887084960938,153.4020800983461,155.38619799596373,153.37231954089128,154.16595458984375,47.257239352516734,47.41535627292187,47.08924177387585,47.20782852172852,170.29256940350413,170.75153195687213,169.2848674640083,170.43226623535156,310.24793494706813,315.8385337523803,308.97008640296644,314.1713562011719,206.97999572753903,207.63999938964844,205.0500030517578,205.7400054931641,155.2761068455952,155.98851997050903,152.83215207576566,154.75169372558594,276.76400749934567,280.4244371171448,275.7720218093839,277.825439453125,177.80077428825993,178.22551334766095,176.54628682718797,177.16859436035156,227.3155912938957,227.6732093988356,222.78577206985983,225.4182281494141,58.8138834627507,59.07040939508745,58.14296485356186,58.4981575012207,41.87498438332683,42.29756724664853,41.79636257206033,41.82584762573242,22.668614574340317,22.84449018512307,22.48296592201996,22.737010955810547,134.98827330747284,137.19792446250457,131.77879829463745,135.31822204589844
2024-11-29 00:00:00-05:00,58.05302182337801,58.2585010254265,57.6909827729967,57.94538879394531,117.54580019306826,118.02109611692694,116.70413772508734,117.60520935058594,328.44856720880944,331.09138833011474,326.36422789295074,329.0968017578125,242.3514882101245,243.87428950064955,241.37255961165368,241.92630004882807,168.1134894922982,169.0413489221372,166.7765668794217,168.5624542236328,247.0544582962877,248.9430155640924,246.64905834273577,246.91603088378903,129.05493883206134,130.6235250579617,128.8490560932425,130.44705200195312,603.8930591009388,610.8168414612612,601.7306371689547,605.2817993164062,228.1887669273191,232.0282192857792,228.1887669273191,231.6900177001953,101.18882985857717,101.3462033400524,99.86102300054732,99.9692153930664,23.71999931335449,24.280000686645508,23.600000381469727,24.049999237060547,25.40991995384016,25.803414275111628,25.350896274731667,25.78373908996582,419.2493584099212,424.0297817162198,416.9639323784013,422.6126098632813,356.85633152285504,361.6619830994076,356.70770935831985,359.0560302734375,100.82278618971483,101.94668348072253,100.72331994014168,101.90689849853516,158.66349023391646,161.76576066121507,158.17626846158657,161.1592254638672,158.6642319048616,160.78722848238473,158.1924598867549,160.64962768554688,522.2996845796487,532.3237269934325,522.1698860426636,528.7893676757812,454.0933775211134,458.7337902561522,453.19908819982345,458.0680236816406,91.80394361769982,92.18206247332432,91.36611619100124,92.04275512695312,63.55101863859875,63.779337107668994,63.302853798473386,63.6105842590332,84.2472422546556,85.3292251650824,84.12920489000399,85.12266540527344,270.09827062349297,271.5443100875502,269.3257418274176,269.8209533691406,336.0799865722656,345.45001220703125,334.6499938964844,345.1600036621094,517.6500244140625,517.6500244140625,513.5800170898438,515.9299926757812,425.8574763312293,428.2820919926507,424.8439194203594,426.42388916015625,882.1699829101562,892.4099731445312,876.6799926757812,886.8099975585938,234.5521145499528,237.5488197625333,233.71304074851764,237.06935119628903,77.41108485208848,78.38120155259332,77.24280169103368,77.97533416748047,116.74270955320073,117.2205877792455,116.2150488638966,116.9517822265625,42.91794414025362,43.05333138315565,42.59881390567681,42.8792610168457,179.76777002606954,180.16039867647183,179.13955519873213,179.56163024902344,531.382781879895,534.134365603282,528.4118990026138,531.31298828125,238.88598927398968,240.96039873266065,237.65930055995236,239.04556274414065,86.38999938964844,87.08000183105469,85.81999969482422,86.7699966430664,967.0215170958612,972.1957924596412,961.4076639666678,970.8073120117188,153.6600105041462,154.43381527586985,152.94572684753695,153.779052734375,47.23747386657864,47.51418130230005,46.94100511455293,46.95088577270508,169.67398022072197,170.48213917467183,168.36695621133114,170.10301208496094,313.7620387389805,315.71873764170243,313.1730335247132,314.5506896972656,205.8300018310547,208.1999969482422,204.58999633789065,207.88999938964844,156.4436658982925,159.8177312424682,156.08745936491945,156.85923767089844,277.2203218755123,281.36684520816067,275.41493086581573,280.6029968261719,176.51665341072064,177.43529857613336,176.10178674879043,177.06980895996094,226.24272973163025,228.8354571199383,225.68643828794507,225.9049835205078,58.28109414851215,58.79414977391872,58.251496015964754,58.41922378540039,41.72757341112684,42.523602438350125,41.68826250262072,42.44498062133789,22.737009129997563,22.77609197470145,22.48296411660714,22.629528045654297,136.75800311530705,139.32759715528792,136.02812477876728,138.22776794433594
2024-12-02 00:00:00-05:00,58.121516328830246,58.7770939132799,57.65184423739512,58.6498908996582,117.5854130852512,117.64482224492572,115.4465926820951,115.66443634033205,331.101385363954,333.59461868747775,329.21648636258107,330.11407470703125,241.3033160719467,241.83729080148268,237.7237691707003,238.08963012695312,168.38287195306333,171.6852768885628,168.18333376692627,171.0966339111328,246.7479498289157,247.44008691468213,242.27869808053416,243.4850006103516,129.88826269700965,130.18235954691153,128.19222441378614,128.44712829589844,609.051106761169,609.051106761169,595.9277610821448,603.6152954101562,231.94863342801852,232.4658694977954,228.5866217408092,228.7258758544922,100.0577380790961,100.17576068413024,98.80861047996122,98.95614624023438,24.84000015258789,25.479999542236328,23.440000534057617,23.93000030517578,25.64601773863699,25.79357788143131,25.31154708092772,25.40008354187012,420.72641076442574,432.1335310765848,420.4669212999132,430.1175842285156,359.4523761742792,360.0369768634529,353.6955123452689,358.0751037597656,101.44938124942738,101.65824671200284,99.33088219626823,100.96202850341795,162.02428307351929,167.4234433015598,161.82542230173215,165.56405639648438,160.52186330381673,160.84619625183188,158.9885780172994,160.25648498535156,527.8608706924006,533.9911400390167,525.7641672051641,529.10888671875,458.06802350678646,458.11772477826025,453.5568219496935,456.7762756347656,92.36117076722338,92.53032859919595,91.49546862857646,92.18206024169922,63.58080621763803,63.71978004495591,62.88592950754303,63.18373489379883,84.75872249259567,85.42758588340452,84.53249359089898,85.12266540527344,270.8212826330088,271.17782042473203,266.86950431484496,269.444580078125,352.3800048828125,360.0,351.1499938964844,357.0899963378906,512.8499755859375,518.77001953125,511.5299987792969,516.2000122070312,426.29469169533166,427.6858571183553,420.4915228413388,424.2675476074219,887.510009765625,902.3400268554688,884.1199951171875,897.739990234375,237.00941446483552,240.52553753151284,236.89953466637493,239.3268585205078,77.52760518551798,78.70166319281037,76.81122977890242,78.69171142578125,117.2604103278592,118.10665901937315,116.0358407472209,116.64315032958984,42.81156471481008,42.85991677152964,42.0862727969403,42.405399322509766,178.92360793468427,179.3358725178361,175.5665834908855,178.42300415039062,531.3030072073159,533.1872518176425,524.623449511476,529.73779296875,238.76631560746063,240.93047942579992,237.5595621697968,240.6412506103516,86.55000305175781,87.47000122070312,85.83999633789062,86.52999877929688,970.2878920083552,975.422233605018,963.6952008380798,973.9238891601562,153.5211185135732,153.76913324461287,152.7076229297064,153.5707244873047,47.178182615817065,47.2572391908468,46.29865324365488,46.486419677734375,169.93340594668766,173.2059596109549,169.88351639450627,172.5873565673828,316.3676525497175,316.886798531258,313.18300880262666,316.1180725097656,209.9600067138672,212.9900054931641,209.50999450683597,210.7100067138672,156.7108409171583,161.64824173600476,156.7108409171583,161.31182861328125,279.81933029408384,280.12687373132286,274.6709520428724,275.8712463378906,176.93150967154918,177.95881140748295,175.8350710322038,177.50442504882812,225.99438919581905,226.8685701451841,224.0175536972523,225.88511657714844,58.45869136371286,58.902682177453165,58.35015985771519,58.63628768920898,42.26808226131159,42.562910305143326,41.94377666154872,42.54325485229492,22.619756943629948,22.629528120753715,22.12143809228669,22.180065155029297,138.8076612979231,140.42739572538855,137.7978293194704,138.60769653320312
2024-12-03 00:00:00-05:00,58.59118561687523,58.7966648272666,57.36808974655648,57.426795959472656,115.95158998444616,116.28825950725955,114.9316924806225,115.1495361328125,326.5138073277014,331.8991848462023,322.7739576016625,330.53289794921875,239.0290231441965,239.0290231441965,232.48299661026064,234.3419952392578,171.0966254993042,172.28388297677475,170.4580942007859,170.94696044921875,245.44274425717504,246.24364675503867,241.88317592361943,242.071044921875,129.1039595495519,129.3588484528199,126.75108021811714,127.14323425292967,605.9264428078192,610.7869723675304,599.9450768995,600.3517456054688,226.92551160204627,227.97986633564992,221.97202654343675,225.75180053710935,99.0938495318578,100.7659015595871,98.9659892016369,100.17576599121094,23.68000030517578,23.75,22.440000534057617,22.46999931335449,25.409919361852147,25.47878063192924,25.104961504512637,25.144309997558597,428.9798333762607,431.6045752942296,426.88402964452257,430.3371276855469,345.6101310906818,351.0994749738887,343.4500749530059,349.3159484863281,100.54429341940732,101.56873965870864,99.35077428163648,101.0217056274414,163.5455987067616,167.3140765319298,163.09815815333167,167.1947479248047,160.05007912931606,160.2564878245262,158.65440961068256,158.9296112060547,529.4084128289182,535.1292989496192,527.1020815867989,533.57177734375,460.3643248082773,460.3643248082773,455.0620047992887,456.5968933105469,92.32136523262378,93.1273587811078,91.80393905633692,93.04776000976562,63.2532231661843,63.61058660796545,62.56827530718612,63.0546875,85.09315992912634,85.1128290714738,84.08003024828903,84.30625915527344,270.3062535212558,272.7921946526317,267.35478215406044,271.7621765136719,351.79998779296875,355.69000244140625,348.20001220703125,351.4200134277344,511.0400085449219,516.780029296875,504.510009765625,516.260009765625,427.0201256548952,427.9641167423899,420.650543593452,426.64251708984375,894.3599853515625,902.6900024414062,888.030029296875,902.1699829101562,239.54662188503684,242.49337894569655,238.6376176509325,242.3834991455078,78.60216210034928,79.00014924943181,77.21916264029188,78.4628677368164,116.48385601730264,116.71284471740992,114.9406907839066,115.936279296875,42.463425177153866,42.95662207176,42.26034431990578,42.38606262207031,178.92361062019808,180.13095798739425,178.13833831667455,178.15797424316406,533.0376793903154,533.1872457921704,524.3543092477925,524.5736083984375,240.0129547288609,241.0202337206204,238.2277588786198,240.22238159179688,86.4000015258789,86.4000015258789,84.61499786376953,85.13999938964844,973.6142515817088,981.915077519587,969.6885963803954,981.0660400390624,153.57072694369242,153.57072694369242,151.10049473348283,151.1501007080078,46.81253532625419,46.92124141817107,46.1010110542793,46.26900863647461,172.727037439352,173.92432578996255,172.11842144331467,172.6272735595703,316.5673175474595,316.7869491934848,312.24457434757755,312.48419189453125,210.30999755859372,214.0200042724609,209.6499938964844,213.44000244140625,159.79794225968416,162.13307068857443,159.61984653701137,160.86656188964844,274.780049100931,279.1249514719113,274.2840562325178,276.0894775390625,176.58580944758305,177.4254151854132,173.0594201316206,173.2767333984375,225.73611977752336,227.59373917354796,225.1698847902699,227.4844665527344,58.63628406634991,58.73494701275166,58.3797543837051,58.68561553955078,42.474464804800334,42.70049690072627,42.09119282697398,42.12067413330078,22.873803777393967,23.479603761626432,22.84449024369088,23.196245193481445,138.23776359782383,140.51739577472358,137.92781588392697,140.23744201660156
2024-12-04 00:00:00-05:00,57.3093817001646,57.52464777490374,56.35047495396956,57.11368560791016,115.8624736443564,115.8624736443564,114.15934064321384,114.83267211914062,365.8171391547541,368.0012138342595,355.68463595633466,366.874267578125,234.0552237928776,235.1923832929693,230.9997536039941,232.3742218017578,170.75740145903967,174.50878632573773,170.6676115592613,173.9700164794922,241.95239823576057,242.5951088036192,239.5101312703025,240.6669921875,127.80007062414136,128.28045368903383,126.38834607022142,127.91770935058594,606.0951917615018,617.8100006158338,602.0777863694346,605.8670043945312,226.18945024420836,228.91486956170849,225.5826969178786,228.5667266845703,100.35280592199764,100.41181722676474,99.3889195922247,99.7036590576172,22.530000686645508,22.540000915527344,21.809999465942383,21.959999084472656,25.03610063527418,25.085286721451343,24.77049126672811,24.819677352905277,432.1634480898198,438.7901751847669,431.7642546343851,436.544677734375,350.43560519786905,358.7983912885368,349.8806987303995,356.7374267578125,100.3453717225604,101.43943214923986,99.82818214223876,100.1563949584961,172.45469281975983,174.39361186943054,167.60241115937026,169.59104919433594,157.84845579049593,158.2710814274436,156.6788415898475,157.43563842773438,531.7047304461051,535.6784548729312,524.0070066718308,528.0305786132812,454.7630112219333,459.87596045120574,453.7962349503544,457.9224853515625,92.98805175441804,94.05276219046688,92.59003512132664,93.9831085205078,62.81644150848317,62.885928420941454,61.44655341708899,61.75428009033203,83.95215303405435,84.70954632842114,83.61772508912279,83.92264556884766,269.8110937595381,271.4947950163997,267.6717760814229,269.6625061035156,353.0,358.1000061035156,348.6000061035156,357.92999267578125,523.02001953125,541.77001953125,521.010009765625,536.489990234375,423.7210395357511,426.1257619051697,422.8167744050581,425.2215270996094,898.0499877929688,915.969970703125,898.0499877929688,911.0599975585938,242.6032573953393,243.84190102311464,240.9850414761411,242.74310302734372,77.42810848760973,78.11463616814727,76.711733097653,77.975341796875,115.458395321322,116.77257178924316,115.32896395980202,116.47389221191406,42.28935758468422,42.33770964590417,41.01284398554319,41.11922073364258,176.7837441054916,177.12729041219103,172.67089405385306,173.2107696533203,522.0413789081884,524.6733337795774,516.5880467879512,519.5490112304688,238.31752390361112,238.82614720733875,233.56034456278644,235.6247711181641,85.68000030517578,90.13999938964844,85.23999786376953,89.33000183105469,980.9161561155298,990.0560815499548,976.4710554344828,989.8262939453124,150.0885964590269,150.35645662222328,148.560832290019,149.27511596679688,46.14053267335195,46.22947366935173,45.58712538251277,45.82429885864258,172.38780811245044,176.02951694382102,172.3578774269222,175.69029235839844,311.89521146071934,312.3244818364162,308.28126673144027,309.3794250488281,215.9600067138672,220.0,215.75,218.16000366210935,162.74653039443675,163.2610543081745,160.5301475622908,161.61854553222656,273.59959103174134,277.17074583523754,271.665206683555,276.02996826171875,172.04198727916122,173.01000940847973,171.3406705072314,172.9705047607422,228.47783959757945,232.1930934026281,227.83214741836045,231.9447479248047,58.84348288573344,59.04081255695412,58.47842544041294,58.82374954223633,41.97326085027272,42.22877800596372,41.64895522822746,41.81602096557617,23.127847289197422,23.28418239799822,22.83471942611132,22.99105453491211,141.97715912549498,145.76654278655016,140.26742746830917,145.1166534423828
2024-12-05 00:00:00-05:00,57.04519192778461,57.95517557436975,56.97669885611412,57.57357025146485,114.12964008238026,115.14953759919187,113.76326597588852,114.4563980102539,359.8034734053325,364.4608464798756,355.7046125756282,360.40185546875,232.7005373347048,232.90818244604705,230.96020816179777,232.00836181640625,174.95774996584004,175.65614122166315,171.93470156837253,172.24398803710938,242.6346469951103,244.40454140883827,241.8732886867115,242.7236328125,128.71179755635637,130.58429368904746,128.3980893070501,129.88824462890625,600.7584860675357,604.0814604627121,569.2643947405014,574.3034057617188,228.7258776085088,228.91486858800505,224.3095111441807,225.0853576660156,99.821681751521,102.4281219379954,99.6839837042942,101.84782409667967,22.040000915527344,22.190000534057617,20.65999984741211,20.799999237060547,24.819678343274905,25.37057228735157,24.73114188356005,25.28203582763672,437.0436765362191,443.770179142923,435.2971785217715,441.7342529296875,352.8136694492195,355.61777517706844,351.64446806381187,354.8548278808594,100.45477771306544,100.75316127620972,98.65455095653348,98.6943359375,169.77997977877038,171.4206001616706,168.23878219877346,169.50157165527344,158.17280539940242,158.25143657215406,156.10879335478216,157.7403564453125,526.3732836333762,526.5729174614896,516.8583795058926,520.0333251953125,455.7397572464181,456.1284447968971,446.5205107247506,447.0885925292969,94.42094151478354,95.12743094951584,93.87365722437345,94.82891845703124,62.01237923238647,62.65761540620329,61.64508692904543,62.45907974243164,83.18492069378722,83.9423064088055,82.62425639698532,82.761962890625,269.02860851140264,270.2170979947055,266.9586280362367,267.4835510253906,359.8699951171875,375.4299926757813,359.5,369.489990234375,534.4199829101562,540.1099853515625,529.7899780273438,538.219970703125,423.90983893668016,427.0499154117824,423.1943780901362,423.8502197265625,917.8499755859376,927.0,911.1099853515624,917.8699951171876,243.72204013219252,244.2714238935446,241.86408229295347,242.7730712890625,77.8658921887933,78.50266860222234,77.70669428994921,78.18428039550781,116.03584355984958,116.75266090465976,115.54799972235948,115.9860610961914,41.18691081290788,41.45768528365939,41.11921719522001,41.14822769165039,171.75801128707732,173.4659772856581,170.3347137771711,172.9261016845703,522.9984439254933,525.8596773418433,520.5758696835398,523.16796875,234.3681744924629,235.1161580280772,226.589142678522,227.25733947753903,89.58999633789062,90.2699966430664,88.2699966430664,89.04499816894531,985.5710105220244,989.0372124354778,977.1203867234576,981.1759033203124,148.80884091273927,149.18582815375598,147.76717599882647,148.33265686035156,46.01206739716872,46.68406522682926,45.95277214050293,46.4468879699707,176.91751460390543,177.30662874705726,173.61501507328165,173.91433715820312,309.4593035599549,310.56742434736736,308.3112109680477,308.560791015625,218.02999877929688,222.1499938964844,217.3000030517578,220.5500030517578,161.7180138717933,163.5680391579817,159.07227601081163,159.52981567382812,274.780054498459,276.8037139177765,270.96090328205673,272.1314392089844,172.72356927507366,174.30402657861072,172.3185750185931,173.8792724609375,232.00435583270428,234.95470141621036,231.9149550957024,233.1964111328125,58.9914826811931,59.42560495866092,58.90268451492121,59.21841049194336,41.8749845556293,42.238601061997294,41.7275705333452,42.0518798828125,23.069223183317558,23.342808704862357,23.03990965015421,23.284183502197266,145.0966598316491,146.52652104015894,143.93676281520223,145.04666137695312
2024-12-06 00:00:00-05:00,57.573569467934405,58.24871705060928,57.42679646915654,58.10194778442383,114.00090907947008,115.06041521023305,113.97120450036208,114.46630096435548,364.0020420084181,366.1561990121446,360.11260454403964,361.0101623535156,233.05652775663836,234.02557353333972,230.7624429598646,230.9602203369141,171.6354044780067,174.6784115765489,171.4657962428472,174.30926513671875,242.9411552156452,244.9582575302924,242.09081111975584,244.58251953125,129.60394905331097,129.60394905331097,127.8491063602922,127.99615478515624,577.4181847159564,577.4181847159564,539.7542515953534,545.1900634765625,226.0800404220429,226.74648710821447,224.5084647316234,225.1748962402344,101.90683442959822,102.24124182567952,101.00195941245748,101.39537811279295,20.950000762939453,21.049999237060547,20.65999984741211,20.920000076293945,25.321383918420217,25.675529751622825,25.173823780028783,25.311546325683597,441.4148949698492,445.2073090094776,440.88595677867977,442.682373046875,361.9592242550362,368.4790653746985,358.2435189817974,359.3830261230469,98.3959572693538,100.07683675481572,97.90860450763526,99.56958770751952,169.13367977638353,179.653562179345,168.36804984474438,178.51010131835938,157.95346059591844,159.39074975221502,156.30800522730212,156.40711975097656,522.1698847254605,530.4766863801494,521.1714719439587,528.519775390625,446.5603465087986,449.3610016089932,445.46402803498927,447.94573974609375,95.06772357731968,95.70455929515212,94.85876256912596,95.2269287109375,62.36974295141358,62.89585924404388,62.05208361589308,62.07193756103516,82.62426354458155,83.16525874813824,82.20130570483043,82.63410186767578,269.2861410948847,274.2778515699506,268.533409894939,270.8113708496094,377.4200134277344,389.489990234375,370.7999877929688,389.2200012207031,544.1500244140625,554.3699951171875,542.9000244140625,552.9600219726562,425.996603919928,433.0021340621368,424.31725873645325,428.6497497558594,915.22998046875,935.27001953125,912.7100219726562,934.739990234375,242.6432183998472,244.3613305629988,241.8141281502541,242.5732879638672,78.82106155050452,80.77119038281485,78.44297031349217,78.49272155761719,116.03584350859458,116.74271043695089,115.70729747836576,116.21504974365234,41.12888804392358,41.264275285596185,40.63569113654115,40.974159240722656,172.75923590179363,173.48561535385133,170.95312021204316,172.94573974609375,521.333502976498,529.3788728086114,520.9048230555545,526.956298828125,227.83577361901348,230.38888822622067,227.39695419256915,229.50128173828125,89.48999786376953,90.04000091552734,88.54499816894531,89.87999725341797,981.175912767848,996.6088731640727,981.175912767848,991.5144653320312,148.2036798837658,148.85844239705992,147.20170583471946,148.1243133544922,46.7648825745981,46.7648825745981,46.10902166378654,46.456825256347656,173.4853249211239,176.4376080962673,173.15607214175068,176.0894012451172,308.35112915741934,312.0349328204121,308.28123943742906,310.487548828125,220.75,227.1499938964844,220.6000061035156,227.02999877929688,159.52981108160807,159.52981108160807,156.3967109311831,158.65452575683594,272.8059950179187,273.153165791939,269.30428673384995,270.3954467773437,173.22733923469633,174.58061093887673,171.62713708189324,171.6962890625,232.8785207202924,236.8023915061979,232.66991900144097,236.46463012695312,59.19867662042151,59.27760999584898,58.97174881169328,59.090145111083984,42.01256860929493,42.44497732257227,41.99291315656946,42.405670166015625,23.2841824000979,23.352578777246727,23.020366205099712,23.33303642272949,144.58670004061705,145.68658966441174,141.29699424160657,142.42689514160156
2024-12-09 00:00:00-05:00,57.97474366286574,58.47376513053459,57.43658223192301,57.44636535644531,114.53561571201335,114.73365883302546,112.73346486095252,113.7731704711914,360.7209940696894,360.7209940696894,349.8405206566904,350.618408203125,230.9800912129849,233.6852198676994,230.4231556385477,232.26303100585935,173.75989224042516,176.05723424799297,173.45023604553785,175.1682586669922,244.3551164629177,245.0867977494044,241.02294610062805,241.0723876953125,127.74126056328149,128.49614401761417,125.39819434970744,126.18248748779295,549.6510006643297,560.584256555495,542.322335241574,558.2343139648438,225.43350592897957,226.52765626928408,223.74255873014937,223.89175415039065,101.16915725121493,103.34282771179583,100.64787074987844,102.08386993408205,20.920000076293945,21.059999465942383,20.729999542236328,20.809999465942383,25.34105883578975,26.010000124171192,25.163985921061844,25.67552947998047,441.7143023543043,447.4328163406456,439.6184986530788,445.12744140625,357.15360437511816,362.6528361059197,354.8250896802926,356.2122802734375,99.52980239007586,100.0271032929119,97.98816655600032,98.7739028930664,177.9333996430896,179.76294314303394,175.0200519670799,177.9234619140625,156.5260923547009,160.08462623669675,155.76283634134134,158.07241821289062,528.8492481580375,537.2359395726589,525.8041014802292,536.3772583007812,446.4108710430795,449.3012233962622,440.46071814872994,441.1085510253906,95.18712838928002,95.46574305302092,93.1373064072086,93.36617279052734,62.23076312832288,62.46900667482543,61.44655315016421,62.14142227172852,82.7521291262708,83.02754963316109,82.28983301755545,82.58491516113281,271.3759481850139,277.95237253239384,270.0982938344849,271.5245056152344,397.6099853515625,404.7999877929688,378.010009765625,389.7900085449219,556.0999755859375,557.9000244140625,546.1099853515625,547.9299926757812,429.62359501276825,433.6082872208216,425.33082977416205,426.47357177734375,928.0,930.2999877929688,902.5900268554688,913.6900024414062,241.56440918324205,246.96847124510987,241.48449521514056,246.47900390625,79.03995431007584,79.04989848604998,77.12961737764944,77.24901580810547,115.87653923327738,116.663055021253,113.40748412779124,114.1043930053711,41.07086954821933,41.680112172828736,40.77108085982161,40.96449279785156,172.3567752609992,174.85001343554575,171.16906394691435,173.31874084472656,527.4049609867004,529.9671222708162,520.2867442688524,521.223876953125,228.9627435907128,235.69459526294435,228.6735147746989,235.27572631835935,92.25,93.66000366210938,89.7300033569336,90.0,995.9096401661056,995.9096401661056,979.4178519957062,986.7697143554688,148.10446684698886,149.69176714553552,147.26122586270017,148.41201782226562,46.26801849566932,46.456825620141736,45.61215757972184,45.6220932006836,175.51503437960727,177.83738550391604,175.20039040791823,176.89846801757812,311.3061735682993,312.4842145549426,307.1232399726451,307.7821044921875,227.2100067138672,230.0800018310547,225.6699981689453,226.08999633789065,156.63541885433168,162.05618706555066,156.62547794877565,159.87794494628906,270.9708214242562,277.7560000791437,270.0978691517558,275.4049987792969,171.518477770838,171.63700679590295,168.34769069912662,168.7032928466797,236.42489969004757,237.76597136065524,227.39506157085137,228.47784423828125,59.03094896582856,59.0802804436979,58.073902487411154,58.16270065307617,42.46463281263602,42.55308047553123,38.09139392307356,38.37639236450195,23.35257803688179,23.440516765759863,22.805405173377125,22.834718704223636,138.9572148926683,139.93712045292858,137.1173878488451,138.79722595214844
2024-12-10 00:00:00-05:00,57.51485879889275,57.583351868770094,56.5657389451957,56.86906433105469,113.9513998510945,115.2485501224546,113.14933847127789,114.36727905273438,350.3990053113262,354.527783726746,346.4896022032458,347.8758544921875,232.0740843321761,237.7130798273782,230.5226014237936,235.7936248779297,182.6396622409938,186.1456189803845,180.8417298459591,184.9569854736328,241.15149011911905,245.17579752609484,239.5002434589641,240.133056640625,125.44720743130377,126.95696685359808,125.22172820383156,126.44717407226562,559.6084236052999,565.3339546297314,554.659602483342,562.7848510742188,223.96138892323856,228.31806214988205,223.384474668716,227.8605194091797,102.0641996893942,102.0641996893942,99.0840087818768,99.33973693847656,20.82999992370605,20.86000061035156,19.959999084472656,20.15999984741211,25.675529248660503,25.685366841204416,25.09512442287209,25.15414810180664,443.500747434082,448.7202622082635,440.71632196493806,442.4428405761719,355.24122818670304,362.99963768395673,353.8243131749625,359.5811767578125,98.60481716265431,98.71422396251586,97.41129809461286,97.63011169433594,176.79986816805427,177.48595074131376,168.76576840908342,170.83395385742188,157.60652857385878,159.01408191969972,155.9709951764188,158.4391632080078,538.6736632496852,541.5391029830378,533.6815994719592,534.9994506835938,443.3311462402344,444.8959337910353,435.79628326138857,443.3311462402344,93.5850903385682,94.76920270827496,93.30646807166256,94.0826187133789,62.24069315977244,62.578202648034,61.33735949806545,62.44915390014648,82.62426300762446,82.72262372460236,81.52260346592381,82.21114349365234,269.8705217090872,270.3161940094247,266.0177609915956,267.523193359375,392.6799926757813,409.7300109863281,390.8500061035156,400.989990234375,547.3499755859375,552.8300170898438,544.219970703125,547.0499877929688,424.2079282309357,424.6153463770055,418.7525583161331,419.9251098632813,913.760009765625,922.8800048828124,909.5800170898438,913.3499755859376,246.61884065291167,247.93739821602463,245.0705399660552,247.4978790283203,77.10972101607949,77.68680204035616,76.23415530374432,76.35354614257812,114.14422042258278,114.44289240828068,113.21832283501848,114.22386932373048,40.974157240578734,41.24493539973162,40.68404120986715,40.90646362304688,172.2978812202389,173.6622858883833,170.62918712635195,172.435302734375,520.9148630811444,528.0429986669657,518.6318151731671,527.39501953125,236.29296307920163,236.55227376104145,233.2711110055127,233.70993041992188,89.94000244140625,90.0,88.375,88.76000213623047,988.637595623044,993.8917998103096,984.7918693324392,992.3035888671876,148.73939062781517,149.63225276250697,147.15210539550452,148.04495239257812,45.622093089075655,45.99971112787159,45.30410014822903,45.46309661865234,184.32500888640664,187.8160268138949,182.46212570826387,186.31773376464844,306.8436684466611,312.45425331366414,306.12490718218385,311.8552551269531,226.08999633789065,229.05999755859372,224.1999969482422,225.0399932861328,159.9077779780799,160.62391775717094,155.20313453381027,155.6208953857422,275.6331449740196,275.67283288031774,270.17722336861453,273.5400695800781,168.337804248812,170.81713160767322,167.8537856496138,170.17507934570312,226.88842711369423,232.83879034077185,226.2924070494191,230.18646240234372,57.718708926391415,58.07390158352312,57.353651479339575,57.93577194213867,38.39604982364874,39.103631163785465,37.8653638185462,38.84811401367188,22.87380193334884,23.118075770196786,22.58067407459589,22.971511840820312,138.99721154250668,141.80696595909075,133.77769033829185,135.05758666992188
2024-12-11 00:00:00-05:00,56.7516519692524,56.8005750606384,55.401352997961496,55.43070983886719,114.1791461871543,114.45639900330598,112.8918998900826,113.02062225341795,352.53319168069004,359.2250515002557,350.9275641092582,353.8895263671875,235.2167927569103,237.1262926591878,232.03429291978117,232.5017242431641,185.0968273042346,195.3849818086967,184.637364997593,195.1752166748047,241.2602560579329,241.5272285985504,239.4606846109316,240.7955322265625,126.99617773769828,127.20206048698545,123.84922184381348,124.32959747314452,553.2953519872414,555.7249709537247,530.4031960759082,531.2595825195312,230.655558576962,232.75432683199395,226.64701305128253,227.8406219482422,99.04466354300416,99.78233484298872,97.62833974974048,98.11028289794922,20.13999938964844,20.25,19.8700008392334,20.1200008392334,24.96723748776568,25.09512431395256,24.76065367422689,24.819677352905277,443.1614051498909,449.4488165759074,443.1614051498909,448.0915222167969,360.5225219839983,363.23745443676114,360.1063496665768,360.5126037597656,97.96827235373104,98.85346730398214,97.45108278265536,97.88870239257812,178.987360633629,183.81975165895963,175.42769673519084,182.15924072265625,158.80592665719934,159.10328535797845,154.89053234624865,155.3960723876953,534.1508396274841,539.1728851831413,532.7930128659547,533.5118408203125,441.8162022132503,444.1683413213001,438.696603657956,439.06536865234375,94.0726709219292,95.21698776195532,94.0328677388687,94.49059295654295,62.53849671451278,63.16388274194872,61.94289349859953,62.18113327026367,82.0340849660246,82.59474926506911,81.53243559179285,81.56194305419922,268.7612061539924,270.73216873667934,264.68066769284343,265.3343505859375,409.7000122070313,424.8800048828125,402.3800048828125,424.7699890136719,547.0499877929688,552.2999877929688,541.739990234375,549.9299926757812,422.5484754500861,425.3009966844779,418.603509384657,418.7227478027344,924.7100219726562,941.75,923.0800170898438,936.5599975585938,247.6876707672576,250.5245479203196,245.98952569372008,246.2192840576172,76.40329535707554,78.58226919961452,75.92570924150135,78.45291900634766,114.13425944359064,114.54245435455675,113.47717501554922,114.1043930053711,40.80009006660635,41.06119562131971,40.50997401326676,40.60668182373047,172.7199901072143,172.75924698219526,170.63901626546345,171.1592559814453,527.5744686267356,534.2540267506789,525.6603471223137,532.8184204101562,235.16600823672664,237.0808441119136,233.70992703886677,234.7670745849609,88.62000274658203,91.02999877929688,87.83999633789062,90.75,993.901818500226,1006.6876789466704,992.493401543054,993.5921630859376,147.32075516854542,147.32075516854542,145.20766474532235,145.47552490234375,45.71152694179507,45.8705234056138,45.18485186616578,45.7910270690918,186.4875414177299,196.66594813117683,186.04803967773572,196.4861602783203,312.5141383293249,315.019901108894,310.6871954518992,313.26287841796875,226.41000366210935,231.1999969482422,226.25999450683597,230.25999450683597,156.4464377675176,159.5994502261173,156.12816183842352,158.9728240966797,273.78805033854405,274.0658051207211,268.4114745806161,271.21881103515625,170.89616861982742,171.27153062544218,168.31805684266723,168.54525756835938,231.15004474564577,231.4579907200674,227.6136074843563,228.5970458984375,58.09363439509845,58.172564004987976,57.531247281040336,57.8075065612793,38.789151208993246,39.15276772969698,38.74001070036495,39.02500915527344,22.89334568215025,23.000826773282355,22.60998711958801,22.94219970703125,137.3473626393387,140.15710166074888,135.19756655561218,139.29718017578125
2024-12-12 00:00:00-05:00,55.80252590225768,56.08628504563447,54.73598613283493,55.06866836547852,113.2780751564826,113.6543457583864,112.18886442080512,112.74337005615234,354.0391156542313,359.0255820718966,351.96475901587195,357.0609130859375,232.96915432713087,233.26751700488364,230.6220578643556,232.4321136474609,194.77567768503928,194.9554633024938,191.48946911126615,191.7391815185547,240.27147320946293,241.35912788860327,238.33347444139173,238.81797790527344,125.22173344485478,125.48642808809056,123.8786338265778,124.50606536865234,529.2680955307736,531.7275552376674,512.0018594116465,513.565185546875,226.5375987006205,228.7159429123644,226.12977764651416,226.47792053222656,100.0183942552656,101.30685771424092,98.47420264657669,99.58562469482422,20.020000457763672,20.899999618530277,19.920000076293945,20.780000686645508,24.77049266754798,25.06561295395841,24.652443427186395,24.9574031829834,448.2112581986308,455.2471685109344,448.2112581986308,448.6603698730469,358.0057486532895,358.68944089064087,352.1497931029479,356.8860778808594,97.689788643208,98.4357399827704,96.89410417905763,97.2919464111328,179.90213746912156,180.9660661295262,174.99021413303083,179.63368225097656,157.69573778007407,158.00301853208714,156.58555825665613,157.5074005126953,530.486656700692,531.0457653959734,523.2181827237563,524.1666870117188,438.4773291073646,440.90921924598814,436.44410300114646,437.0421142578125,95.20702973242186,95.24683291325158,93.62488555908205,93.62488555908205,63.08446463798539,63.45175314805299,62.75688401731774,63.37234115600586,81.55211331638039,81.8865412340031,81.17833210910653,81.37506103515625,265.7503483282576,265.8196852032159,260.53079895475844,260.9765014648437,424.8399963378906,429.2999877929688,415.0,418.1000061035156,487.5,494.0,470.8999938964844,474.6300048828125,418.77244529774,420.0841286249381,410.5744699904526,411.8066711425781,933.3499755859376,934.0900268554688,922.5999755859376,925.5499877929688,246.61885092340057,248.46682524629017,245.4101731068781,247.68768310546875,78.31362882739857,78.97030882257538,77.4679108019831,77.5674057006836,114.1939975551909,114.5026351543288,113.6563864511183,114.39311981201172,40.67437639399969,40.77108051769023,40.43261239574749,40.69371795654297,171.6893220327993,172.67090866842975,168.82309085409722,170.00099182128906,534.6527052750243,535.1113228182261,530.345886767624,530.7845458984375,233.57031039344764,235.78434276300425,232.78244113872876,233.8695068359375,90.43000030517578,91.16999816894533,89.33499908447266,89.4000015258789,1000.5744432427276,1001.3635493750884,986.1204429772914,987.2991333007812,146.03107293931063,146.5965538011628,144.85052037870116,145.07870483398438,45.850648373789625,46.178580712726536,45.632026814498346,45.7910270690918,196.0766124040666,196.4811502921856,193.0600449156096,193.4096527099609,314.2911536639123,315.01990786738736,312.9034740460244,313.7021484375,229.8300018310547,231.08999633789065,227.6300048828125,228.97000122070312,157.81902872787458,158.60480034623396,156.07841422317338,157.39134216308594,271.6156205015536,273.6690383052264,269.9689204952026,271.8636169433594,169.33547358099204,169.72072305902003,167.94271231271438,168.7625732421875,229.13348311422345,232.34210255298512,228.8553373821961,230.72288513183597,57.90617052202483,58.94215036844562,57.8469742545154,58.06403350830078,39.231388205436375,39.67362656799607,39.14294428181913,39.54587173461914,23.03990958277746,23.19624469853491,22.824949264526367,22.824949264526367,137.0673914713081,138.42726697152892,135.7875104425574,137.32736206054688
2024-12-13 00:00:00-05:00,55.16651789134365,55.16651789134365,53.855358952151136,54.57942962646485,112.73346593122557,113.16915324701594,111.04023689200302,112.26807403564452,363.0147570678112,363.8125795247392,351.5458842483611,353.3509826660156,231.90499901045297,236.24115978319568,231.90499901045297,233.69515991210935,190.7902570178538,192.50827955283287,189.42183794011777,189.6016387939453,239.3519378520738,239.9946333286232,236.45482934692117,237.245849609375,123.82961213533268,125.29035796594223,123.6139311413058,124.13352966308594,513.4457063585504,525.2851229987481,508.5466300690212,518.2650756835938,224.7372300413885,227.87045521308764,224.66759539521016,226.4082794189453,99.46760175844162,100.88393314638832,98.87746618145748,100.32330322265624,20.600000381469727,20.799999237060547,20.25,20.34000015258789,24.92788960918657,25.242685071677396,24.849190743563863,25.163986206054688,447.5426110314286,450.5266178755225,444.6883184556146,446.37493896484375,356.291543515295,357.460775120629,352.992010448876,355.3997802734375,96.81453403999316,97.55054482387509,96.41669939684655,96.89410400390624,212.6848468002548,227.4007723333324,209.9107032211668,223.5229339599609,156.14940975940004,158.1715397198019,155.68352761779084,156.58555603027344,523.2075715816051,527.643822487511,516.7130636913671,526.44482421875,436.1550702311413,436.3444409743821,431.3212192836944,433.8527526855469,93.5431253526728,94.4207126736568,92.78520453407242,93.99188995361328,63.10431996024005,63.37234253941142,62.647690582430826,62.65761566162109,81.48325508899966,81.58162330729343,80.53897872802266,81.12915802001953,260.61003966509656,262.2145202789115,259.5601935788889,259.87713623046875,420.0,436.2999877929688,415.7099914550781,436.2300109863281,473.9800109863281,474.9100036621094,456.7999877929688,465.6900024414063,413.1481333576567,415.503213553166,411.56816357531767,414.35052490234375,916.8099975585938,925.5499877929688,909.6099853515624,918.8699951171876,247.54782582286597,249.016197294528,245.96955931284188,247.85748291015625,76.96047206523656,77.43805817604776,76.38339106204036,76.86097717285156,113.81567640477394,114.45285243369214,112.80017948235349,112.83999633789062,40.61634863085928,41.00317247438245,40.43260933414983,40.88712310791016,170.05988773431665,171.69913564847164,169.21572261311704,170.17767333984375,532.5392091750028,533.0476619259001,527.2952577541872,527.385009765625,233.5005022507318,234.86681387791708,231.3762242873748,234.25845336914065,90.41999816894533,91.18499755859376,89.81999969482422,91.0199966430664,979.9172966980497,1005.5689470569458,964.6641302764502,988.258056640625,144.50330513680268,145.76320905928728,143.88821831615726,145.45567321777344,45.800962598870896,45.81089821937594,45.09541602899659,45.38359451293945,192.490704487651,194.11883919838084,191.0423423812578,191.16221618652344,315.29943849720166,316.41758265310267,313.8119512279798,314.2112731933594,228.3999938964844,230.1999969482422,225.8600006103516,227.4600067138672,157.3913410432958,158.82360536261845,155.7800190215077,157.67977905273438,270.77241483717626,271.8735347331456,267.8559743858005,268.451171875,168.68355104759897,169.69107792322754,168.0414836482796,168.97000122070312,230.712948287237,232.2328213948687,228.73611283218565,229.29241943359372,57.83710479736328,58.15283076498362,57.60031220352323,57.83710479736328,39.064318550934814,39.506556869214826,38.97587088727881,39.23138427734375,22.83472101889843,23.127848902431047,22.72723992522771,23.088764190673828,138.92722683278515,139.5871698071996,132.52780616182653,134.23765563964844
2024-12-16 00:00:00-05:00,55.54812243151273,55.74381851706098,54.481582684496765,54.6674919128418,111.59474314228662,112.53543098342342,111.28778574332684,111.51553344726562,349.8305381628164,357.1008147502969,349.61113242217306,356.2630920410156,232.76029831255045,233.79462024943268,230.3038178570069,231.61659240722656,192.648128127054,198.77108139081076,192.3984157132465,196.43377685546875,237.90832607974627,237.96764995945912,234.8530255748824,236.889892578125,124.57468795639606,124.96683453220562,123.35904030300289,123.46688079833984,515.7956492769324,519.4799160697089,493.96891653925417,496.3786315917969,231.2225342965349,236.6733579369877,228.9248185498853,234.74368286132807,100.38279006873316,101.40396687103647,99.1930711379824,99.2029800415039,20.170000076293945,21.100000381469727,20.0,20.82999992370605,25.17382421490873,25.33122194875585,24.80984078268166,24.839353561401367,446.3749473504653,451.27512549789225,444.38893932865295,450.6863098144531,356.2618047740075,357.7183624313234,353.19017931302324,353.7945861816406,96.42664405811924,96.47637718473548,92.59742854317118,92.61732482910156,230.47320146453288,250.44908232333512,229.4987730625756,248.5797576904297,156.46661266736277,157.42811282205452,154.51387648722064,154.65264892578125,526.8944351004811,534.2781443510512,526.2749028831604,529.8119506835938,434.2713820319963,434.2813585185923,425.9890123580252,426.87603759765625,94.16141915206798,95.44788726548796,93.84229580979718,94.61019134521484,62.7668082088496,63.39219420442193,61.89325358816554,62.09178924560547,80.657010269531,81.15865962976787,79.79142554384694,80.01765441894531,260.25348273383696,261.4816280047996,257.4605123953609,257.60906982421875,441.0899963378906,463.1900024414063,436.1499938964844,463.0199890136719,467.1900024414063,473.6199951171875,461.2000122070313,461.5299987792969,415.21501485338473,415.8410468815137,408.1001626732066,408.1200256347656,923.9400024414062,928.9400024414062,919.5,921.0800170898438,247.71764416028495,251.1039203968556,247.3780059899919,250.7642822265625,76.37344684665284,78.62206025908127,76.27395195431973,76.81122589111328,113.0,113.06999969482422,111.7300033569336,112.11000061035156,40.77107935668137,40.85811454113476,39.4655552789063,39.53324890136719,168.50896817708505,170.14821598571876,167.38996006313894,168.46971130371094,530.3758219248006,533.3666630258803,527.3849808237209,528.6909790039062,234.1387945363462,236.19325352318168,233.05171357782208,233.5503692626953,90.79000091552734,91.45999908447266,89.5199966430664,91.3000030517578,987.9583787188934,1007.1371999772302,985.2813439364032,991.774169921875,145.5648068876853,146.08068178515416,142.38030610478322,142.7076873779297,45.30409900220493,45.39353475147908,44.87679528798119,45.184852600097656,194.14382959225733,200.41168291616427,193.88911488994597,197.93450927734372,314.21128242462333,317.026552632676,313.5723733545081,315.359375,230.22999572753903,233.0,228.00999450683597,232.92999267578125,157.31176909181173,157.85882239906104,153.19397310708237,157.043212890625,268.4511731371256,270.50459086166705,264.08644198414504,264.3641967773437,169.3552212395317,170.66897311096068,169.00950658222334,169.04901123046875,229.20299970388407,229.50101730305403,225.37848851425164,227.8122711181641,57.68910928696912,57.7088426300447,57.0773869428771,57.570709228515625,38.41570647952599,39.05449562590452,38.12088216154152,38.189674377441406,23.166930215751528,23.264640125009805,22.092126804894992,22.316858291625977,134.16764608739564,134.38762706465965,130.40799755691268,131.98785400390625
2024-12-17 00:00:00-05:00,54.88275849958646,56.52659966160044,54.843618535587936,56.40918350219727,111.10955248463256,112.72356430939082,111.0996484396319,112.17896270751952,355.93396130683755,356.26308512890495,348.1650382263503,350.02001953125,229.41867573659636,231.2386714449636,228.07606640034152,228.62306213378903,197.02308705872431,201.18828813489583,194.7556941593745,195.1951904296875,235.97031559156,236.3361713109161,233.97300799785276,235.6835784912109,122.86886188220868,124.07470384306994,122.81984075422368,123.5649185180664,484.9275702175534,493.4909789724486,473.7951540300449,483.453857421875,236.89218390118597,237.0413793209192,230.40688818654675,231.8889617919922,99.04435438062644,99.93664736071376,98.50897859257404,99.2029800415039,20.63999938964844,20.770000457763672,20.290000915527344,20.440000534057617,25.47878098124228,26.02967302574063,25.439432487656852,26.00016212463379,450.10748972576295,454.3789237624039,448.670368885724,453.5505676269531,354.091858537179,355.2016413189118,349.7915523128645,354.03240966796875,92.50791200770183,93.43289194988404,91.55309522677332,91.5928726196289,239.28287707949795,241.0925450615888,232.47180058306785,238.86526489257807,154.3751028294991,157.11090879311422,153.87948482068802,154.77159118652344,525.5655625828924,535.4871650052804,525.5655625828924,528.3931884765625,426.8162393004879,431.7497944164879,424.52389817724367,428.7697448730469,94.8794517939556,95.22849177258044,94.06169772610558,95.15868377685548,61.99252439914688,63.08446485411712,61.8634756515313,62.93556594848633,79.63404956710846,80.9422688474477,79.36847488454863,80.03733825683594,255.96496483552423,257.48031106691855,253.86527256460573,255.2815704345703,475.8999938964844,483.989990234375,457.510009765625,479.8599853515625,460.5899963378906,465.8599853515625,452.4800109863281,455.2300109863281,407.414515554835,407.8119870659596,403.668300316659,405.8941650390625,921.5399780273438,928.4500122070312,916.4199829101562,919.1300048828124,249.80533943156328,253.5512208135588,249.50566587259755,253.20159912109372,76.97042419908729,78.37331964765028,76.86097753964937,77.6072006225586,111.02999877929688,114.04000091552734,110.8000030517578,113.0199966430664,39.320493020407646,39.765337852141016,39.17543315878673,39.43653869628906,167.4390316957943,173.25002214255736,167.07584947344094,172.15065002441406,527.7837848572611,530.1565236693151,523.2675855796635,529.3888549804688,233.50050775632852,237.32021199588797,232.6328365467137,232.9021148681641,90.9000015258789,92.0,90.2300033569336,90.86000061035156,992.902920555295,995.819680675482,979.6775433200492,980.99609375,142.69774637046322,145.49535969192723,142.56878900900642,145.24734497070312,44.90660801293939,44.90660801293939,44.34018283832481,44.767486572265625,198.30407475927043,202.64913062417185,196.46617230830896,196.8956756591797,315.2894748506258,318.304390714388,314.61062446535163,317.7652893066406,232.38999938964844,232.72999572753903,227.8500061035156,231.1499938964844,155.65073558498077,159.12200868931072,155.65073558498077,157.07305908203125,263.33254040848254,268.09409038366005,262.68775569695964,263.8186340332031,168.5847589020991,169.84911870709035,167.94270660525555,168.24891662597656,227.7129399876963,228.67652169111568,226.11359444305432,227.4546661376953,57.60030802224978,58.28109138480908,57.393109812992485,57.73843765258789,38.19949900079529,38.44518654935772,37.89484883987036,38.130706787109375,22.27777341292721,22.45365087552141,22.15075183642113,22.30708694458008,129.07812250532473,131.57789255271604,126.84833189511964,130.3780059814453
2024-12-18 00:00:00-05:00,56.1156367657457,57.28980954209049,55.54812222561101,55.61661529541016,111.92150902353856,113.03052785802277,110.753081028937,110.8322982788086,353.9438537845804,354.21341923444936,334.71405948169195,336.7009582519531,228.5434893823825,229.8463240610051,223.18296174130268,223.31224060058597,194.99541962680925,196.77337069091053,187.52402890568504,188.18325805664065,236.31639788977373,236.38561913950292,226.9527302057222,227.7832946777344,122.83945142000285,123.36884070510636,122.01594284842432,122.10417938232422,486.3514808639221,504.38442963550233,483.9318290119131,497.5934448242188,232.4559126239968,233.4505891993477,225.20472706781504,225.6523284912109,99.33187192479431,100.63064931316826,97.42831103640036,97.49771118164062,20.479999542236328,20.57999992370605,19.209999084472656,19.299999237060547,25.764066708382117,26.08869976965554,25.43943364710869,25.468944549560547,450.4168569277278,451.7441820228141,436.1454548251872,436.5147399902344,354.0324159208325,356.11321709541,343.9455210868155,344.4310302734375,91.27460387934173,91.7520160823221,89.15610477635086,89.41470336914062,238.0499311787732,238.48743399525148,217.974626813216,222.34962463378903,153.67131625503023,154.46430808202933,152.75938094775262,153.07656860351562,527.5538552076937,532.8893698942754,515.4641037526173,515.7438354492188,427.49397327582153,429.8660348859988,420.6467885719827,420.8660583496094,95.07889921247786,95.63737077606488,92.87495240858298,93.29380798339844,62.34988711471422,63.173804985974265,62.33003317017447,62.389591217041016,80.03733396070538,80.32258527373851,78.68976896557116,78.71927642822266,254.94480873587648,257.1534630861348,247.24921717013544,247.41758728027344,466.5,488.5400085449219,427.010009765625,440.1300048828125,453.239990234375,455.25,441.1000061035156,441.30999755859375,404.4334264725688,408.1200224341442,390.8993200996357,391.3365478515625,919.1300048828124,922.4400024414062,886.5599975585938,889.5499877929688,251.883059276542,254.0007260278641,247.46791553993853,247.77757263183597,77.5873041426427,78.6021641883371,76.45303808078609,76.51274108886719,113.33999633789062,116.12000274658205,111.23999786376952,111.3499984741211,39.35917819848149,39.69764630791387,38.88531915625043,38.91433334350586,172.78869204729523,173.25003895832796,169.63780737506755,169.83412170410156,528.7009144033158,535.4901207062785,518.1233218559778,518.37255859375,230.2692205280338,233.69997405954717,227.4767456616092,227.68618774414065,90.69499969482422,91.08999633789062,85.1760025024414,85.44999694824219,980.9161922777628,984.5121946647796,962.9360584070909,963.6752319335938,144.5231324076807,145.57472755088887,143.52115837431197,143.60052490234375,44.85692197458963,45.1451042656012,43.07814633241125,43.22720718383789,196.6060152982733,198.46389928471683,189.0646039194836,189.93360900878903,317.96496591277736,321.0797198879251,309.0399813867432,309.2596130371094,230.7700042724609,231.3999938964844,220.1100006103516,220.5200042724609,157.40129607483735,160.295693218588,151.50310629359083,152.22918701171875,263.0547570251632,265.04865794196854,256.6068500642708,256.7060546875,167.68587523249766,168.47610388626495,166.9549261624582,167.01419067382812,227.5241832082024,227.5241832082024,218.5738177656168,218.712890625,57.92590243599565,57.92590243599565,56.71233005325064,56.761661529541016,37.88502074995931,38.268292741184105,37.1381322220462,37.20692443847656,22.27777529955963,22.463423955093425,21.945562700672475,21.96510505676269,133.84768927135005,136.68742440979707,128.2682006428492,128.8981475830078
2024-12-19 00:00:00-05:00,55.62639920385335,55.95908143296255,54.90232853217549,55.08823776245117,110.44612254768433,112.18886425493524,110.1886702654083,111.31748962402344,341.1639652411139,342.99108099478224,334.90378189606787,335.7025451660156,223.19290014976517,225.3609880975244,221.8403358377322,221.92984008789065,191.40955777871685,192.8079411518366,188.16329650997008,188.2931365966797,229.6619682505312,233.70604020050013,229.6619682505312,230.3442230224609,121.93750512503192,122.24142263615784,119.64346008768769,119.77090454101562,498.0116715174993,501.50671406781447,484.17079858225287,487.1679992675781,227.40295347716423,232.25698001480689,225.0953117179565,225.67222595214844,97.71582589818968,99.08401096523365,96.98216615577596,98.6676025390625,19.530000686645508,19.690000534057617,19.030000686645508,19.059999465942383,25.282035562123,25.665692299305537,25.16398632496662,25.35089683532715,440.73626782337294,442.29314366547726,435.4468858542376,436.1554565429688,361.6619767429751,373.4630602154533,359.8685320993012,368.7565002441406,89.75285960903231,91.0856298971351,88.19133516830139,88.28085327148438,226.6152584865576,226.75446254677152,216.34394087216427,217.07974243164065,151.74831455869952,152.72964363692302,150.0830453502655,150.14251708984375,518.2816709802822,521.9885581177784,508.43001696179135,516.25341796875,420.6966414909309,424.1551059268713,417.63684108350174,418.1949768066406,94.221262607877,94.31101248388096,93.10432707487772,93.14421844482422,62.24069564797139,62.707250116019146,61.942894037424274,61.99252700805664,78.48321782781267,79.27011110108211,78.21763562594722,78.67993927001953,246.61534429342703,248.22973873268316,241.8018875713864,242.17825317382807,451.8800048828125,456.3599853515625,420.0199890136719,436.1700134277344,443.4100036621094,449.0,437.1099853515625,437.3900146484375,392.2507476070148,392.6482494547093,382.46288627277096,382.592041015625,908.1799926757812,912.6199951171876,899.0,902.0399780273438,247.2281772707384,251.72323503929724,246.81862390484892,249.51565551757807,76.55254064757965,77.54750475231668,76.04510682869112,76.71173095703125,111.66000366210938,112.91000366210938,111.25,111.37000274658205,38.73059131998965,39.12708412483051,38.61454563514071,38.653228759765625,169.7457658539557,170.6782851188785,167.20346012010623,168.3617401123047,522.5596914253273,527.6042406055496,520.6057143282945,521.6824340820312,227.4867120022876,230.44872775968275,225.23277874091903,225.5519256591797,86.27999877929688,88.41999816894531,86.16000366210938,86.77999877929688,973.4344223883056,973.5642837819704,952.4576005339352,953.7461547851562,142.9953699004828,144.06679533394205,142.23148030542424,142.4398193359375,43.694259936397714,44.20105999574604,43.03839902918379,43.10795974731445,193.06005888438943,194.37856412730645,189.3043430033912,189.484130859375,311.3061490607996,316.33769098721893,310.7071813629145,314.3510437011719,224.91000366210935,226.08999633789065,222.9199981689453,223.2899932861328,153.2039205950978,154.63620016036649,149.2552108853059,149.5933837890625,255.9323341442845,259.71179758713305,251.27000395267737,259.0967712402344,166.94503990298864,168.02173379930758,165.3053331445839,167.1228485107422,222.9347707987328,224.70298942061265,221.50429839500853,222.4380798339844,56.62353231708781,57.363515758270346,56.574200840425725,56.860328674316406,37.29536792763532,37.38381558868482,36.60744209157191,36.75485610961914,21.994416259734493,22.16052254157265,21.8967063533012,22.053041458129883,131.7478712095932,134.01766661792476,129.5380830968377,130.66796875
2024-12-20 00:00:00-05:00,55.00995963399283,56.0960693359375,54.8729734972777,56.0960693359375,111.53533053091653,113.9811082657858,111.416504660203,113.1097412109375,332.21798248518513,345.90649595894934,330.62051696620347,343.1108703613281,221.90001960972705,226.6638373459665,220.6469145008452,225.08253479003903,185.5662759965657,192.66809720587491,185.00692266360085,191.18980407714844,229.3158985948264,236.52405172280692,228.98960216923265,234.93212890625,120.09442987872814,122.31984990057047,119.81012380024188,121.78065490722656,487.2078420918681,500.5010374402664,486.6502275946693,498.001708984375,223.9613867844333,228.52694873349117,223.4242529212733,227.1045684814453,97.98351548019644,98.82623365386966,97.06148069712974,97.21019744873048,18.96999931335449,19.76000022888184,18.899999618530277,19.520000457763672,25.28203501739482,26.0591860678058,25.28203501739482,25.93130111694336,432.2432815476765,442.8520145457972,427.7722660445124,435.726318359375,367.3098575775068,368.6673237086247,358.68940939985066,363.0194396972656,87.38571038791089,88.6786956985771,86.59997409459332,87.4951171875,219.10814041054135,228.9817210216068,217.66638086230063,219.5356903076172,149.53786475793189,152.14482029874827,149.1909261051398,151.45094299316406,516.253411399358,525.9851715683827,514.5648369707321,523.607177734375,417.8361948766304,423.92586632940265,416.8793646938177,422.8992919921875,92.75528414296552,93.4932554422092,91.37905855341582,91.98738861083984,62.01237725468112,62.59805536141492,61.82376667607447,62.09178924560547,78.56189840514699,79.9389633166433,78.49304515957218,79.70289611816406,242.19805717075317,246.82334632676924,241.66323534864904,245.3476104736328,425.510009765625,447.0799865722656,417.6400146484375,421.05999755859375,433.0199890136719,451.4200134277344,432.4700012207031,447.1700134277344,380.9524313088365,390.8098882878485,380.6344419780322,390.1242370605469,893.2100219726562,919.9199829101562,890.489990234375,909.0499877929688,247.76758181309805,254.71994465608725,245.4201718605057,254.21051025390625,75.57747543934907,77.60720320327468,74.48301639954897,76.55254364013672,110.61000061035156,112.97000122070312,110.43000030517578,112.02999877929688,38.61454772949219,39.059392619728506,38.60487510329844,38.61454772949219,168.6267481630952,173.54450640315497,167.5175655377735,172.3469696044922,521.273688006784,530.4555920463035,517.8342085881486,526.41796875,226.3497949334697,230.189434572264,224.8139269037409,227.93551635742188,84.91000366210938,88.2300033569336,84.5,87.12999725341797,948.3422013006756,960.8783380476876,942.0091717431158,953.0170288085938,141.91403205122512,144.31481282986903,141.61641134661585,143.32275390625,42.92908714805382,44.1215625281504,42.82971198842717,43.89300155639648,186.7971764103249,193.914068132788,186.1579053424554,192.74041748046875,313.04327029149204,319.4624618218085,311.7554287117048,317.1763000488281,219.83999633789065,226.2100067138672,218.72999572753903,224.9199981689453,148.77779207032043,153.7410357566672,148.62858742639267,152.07003784179688,266.8441502839486,267.44924702306884,260.10855898063846,261.2691955566406,166.80675389985012,167.79453597317874,165.45349728254456,166.00665283203125,221.25595469002468,226.1731922489738,220.21290062411293,221.8817901611328,56.801124607614845,57.994963571251496,56.505132004926026,57.73843765258789,36.941577279698585,37.64915856802297,36.66640844485875,37.56071090698242,22.07258487058481,22.22891998291016,22.00418849190017,22.22891998291016,129.7980572196654,135.26755529215387,128.20820713472543,134.68760681152344
2024-12-23 00:00:00-05:00,56.0177915076547,56.41896680844949,55.57747624273544,56.34069061279297,112.88199980778008,113.3870003432532,111.85219820123056,113.18895721435548,341.713086345346,343.3105823973656,336.1518171160546,342.362060546875,224.39629381631016,226.2759589724248,223.5310405267387,225.8880920410156,192.3984151157297,194.87557322669755,189.93125525567427,194.40611267089844,233.41929950082053,235.9406548018052,232.24265898038448,235.71324157714844,121.2904695742533,121.54536596030688,119.66306396735348,121.34928894042967,498.629031214207,506.6148912554421,496.9262862206927,504.1852722167969,226.5574982962432,227.03493882477767,224.747179560144,225.93084716796875,98.2412822504243,98.73699970870044,97.3589057798166,98.51889038085938,19.57999992370605,20.229999542236328,19.520000457763672,20.200000762939453,25.931301696447388,26.314958433937463,25.76406637153369,26.27560806274414,435.8660369595189,436.7742196281346,431.9638575419981,434.3790283203125,357.2823973396841,359.64063651511594,352.4767759272062,355.48895263671875,87.02765310791371,87.4055990410842,85.83413404343169,86.96797943115234,226.00611940429636,232.6958680198762,224.4508280782526,231.6490478515625,151.07429073570714,151.07429073570714,148.39795641287247,149.96409606933594,519.7404627394891,525.7953398582766,519.1509954151646,524.8461303710938,421.0255464175529,424.2448186378785,416.2913386667829,420.9258728027344,91.24942175775004,91.24942175775004,88.6665182802942,90.10256958007812,62.04215836643879,62.30025207907193,61.07926285683075,61.923038482666016,79.3684778918982,80.26357019353357,79.10289569483362,80.06684875488281,243.89167706043312,245.54568174718204,242.88144131375572,245.00094604492188,431.0,434.510009765625,415.4100036621094,430.6000061035156,447.0,451.4299926757813,443.4200134277344,446.739990234375,388.63369635823614,390.7601855680157,384.5893548447319,389.9751892089844,913.4199829101562,915.0,899.0999755859375,911.4500122070312,254.49020366493687,255.36922684225436,253.171646035914,254.9896545410156,75.94561633943015,78.01514361909966,75.3585835362952,76.37345123291016,111.61000061035156,111.8499984741211,110.30999755859376,111.4000015258789,38.614545235819946,38.8079571679186,38.5178411142835,38.62421417236328,172.06230030361914,175.36043172116646,171.41446456171434,175.105224609375,524.2247045538602,527.7838129614616,519.539041068412,527.3451538085938,227.3271479732977,229.01260656309287,226.1503126855966,228.5438690185547,86.47000122070312,87.23999786376953,85.97000122070312,86.9000015258789,952.827222341558,953.2068078188852,935.9658476578752,948.861572265625,143.48149217310916,144.17593041731575,142.31085472920228,144.1164093017578,43.62470076449564,43.83338292628411,42.51172165340719,43.61476135253906,193.80919155814604,196.26639877064787,191.411928868106,195.7669677734375,315.1197637694503,317.43587393605134,312.8236395052103,316.6871337890625,225.00999450683597,226.8800048828125,223.8999938964844,225.05999755859372,154.82517724349196,157.8389257146183,153.72112972200333,157.39134216308594,261.00136494787523,262.6778233437164,258.77932648034766,261.8842468261719,166.0066381596649,166.61905816784574,164.327411797895,166.0560302734375,221.3354236176471,222.2592766871745,219.61687713675644,220.46124267578125,57.35365247265818,58.23176557702509,57.34378391881669,58.19229888916016,37.37398874976132,37.55088408493171,37.02019807942054,37.324851989746094,22.15075200498536,22.346171823501912,22.072584450311037,22.316858291625977,136.2674627166313,139.77713434768583,135.1075657604122,139.6571502685547
2024-12-24 00:00:00-05:00,56.1743460260296,56.52659822789722,55.78295386115617,56.51681137084961,113.02062202761172,113.70385757645803,112.47601288656426,113.6345443725586,342.4618991444658,344.40885215838654,340.295290049332,343.8896484375,226.48479998345923,228.7523320485342,225.40076359299084,228.49375915527344,194.61585613024195,195.8843994140625,193.55707797257895,195.8843994140625,236.7415514108146,239.7672048539284,236.385608157166,239.58921813964844,121.05519010968356,121.66301019988276,120.15325073656815,120.4963836669922,502.2535417009185,503.9463195800781,498.4597574209205,503.9463195800781,225.4434503780974,228.05945475162184,224.4487737557761,227.6814727783203,98.37017214551403,98.78657298880825,97.95377130221986,98.59819793701172,20.21999931335449,20.399999618530277,19.959999084472656,20.399999618530277,26.15756033091498,26.33463324611616,25.95097463773729,26.30512046813965,433.7802087154167,438.7203153724094,433.3211377567303,438.4508361816406,356.6581861867708,358.6398957247143,355.2610773339021,358.32281494140625,86.92819943962269,89.43459265416735,86.6994376852263,89.42465209960938,239.3955994775153,239.505268237275,234.09165680044836,238.95692443847656,149.18102654775709,151.49060837509856,149.09181893266032,151.4707794189453,522.8078810849393,528.5330200195312,521.8586715885937,528.5330200195312,420.7763704784721,424.6434755055983,419.18168391667257,424.35443115234375,90.1225142397468,92.42618560791016,90.10256475125588,92.42618560791016,61.74435808011543,62.379669189453125,61.55574749113818,62.379669189453125,79.96847687306524,80.44061126170038,79.76190963554146,80.20454406738281,245.6051162477608,247.82366943359372,244.8325874383289,247.82366943359372,435.8999938964844,462.7799987792969,435.1400146484375,462.2799987792969,446.5,448.8699951171875,442.5700073242188,447.9400024414063,389.6572147986837,393.6419372558594,388.0374888026208,393.6419372558594,915.0,935.8499755859376,911.7000122070312,932.1199951171876,255.2094124344067,257.92641115938613,255.0096198916901,257.9164428710937,76.36349794769389,76.72168564632256,75.97546253934183,76.4032974243164,111.25,112.73999786376952,111.19000244140624,112.55999755859376,38.58553456183176,38.64355555887967,38.16970020086821,38.48882675170898,175.12487351095768,176.85246058042136,174.5653619448732,176.6855926513672,527.6541825154977,534.1044006957759,526.2185763352848,534.0745239257812,227.91556049183308,230.3789207317976,227.38698669631967,230.1295928955078,86.9000015258789,88.33000183105469,86.58999633789062,88.25,949.6906804239115,958.321159287354,944.4065408233704,957.7617797851562,143.84854682141182,144.69180297851562,143.1838691457167,144.69180297851562,43.65450963461468,44.141434658886695,43.65450963461468,44.101688385009766,195.94676829861984,197.44506138722352,194.97587425527323,197.34518432617188,317.63554410220763,320.9998782238855,316.74702452090025,320.1113586425781,226.94000244140625,229.13999938964844,226.1300048828125,229.0500030517578,157.78920077781777,158.54511937521156,156.69509409228925,158.50534057617188,260.3764295289925,262.42981701589326,259.2653800640624,262.37030029296875,165.57202074087155,167.11295831187323,165.37446734732018,166.8759002685547,220.79899855122449,222.95463544937195,220.07381885259517,222.92483520507807,58.01469842027966,59.05067443847656,58.01469842027966,59.05067443847656,37.19709048431331,37.75725775192638,37.05950606755139,37.737606048583984,22.31685820828472,22.463422139794044,22.23869065390231,22.424339294433597,139.98712655305678,141.88694573903672,138.6372445869122,140.2071075439453
2024-12-26 00:00:00-05:00,56.41896951806522,56.82014483812713,56.27219651184564,56.751651763916016,113.0800278796356,114.67423907727074,112.70375729155352,114.13953399658205,344.3389450635749,344.3389450635749,340.4949789843487,341.18389892578125,227.4693923026384,229.538020975134,227.2903686262313,228.97113037109372,194.92550545907343,196.5236710149013,194.1564021929594,195.375,238.71910613413755,240.52855986642453,238.0862929507795,240.409912109375,120.42698904569016,121.24972855654607,120.13952556975352,120.6450653076172,503.4982279478351,510.0402465767904,502.5821599747367,508.9748229980469,227.5621114127162,230.77491258211356,227.2040272294896,230.62571716308597,98.2412846826702,99.08401043384228,98.07274255805513,99.01461029052734,20.229999542236328,20.670000076293945,20.07999992370605,20.440000534057617,26.206746809232214,26.2854456753492,26.04934907699825,26.128047943115234,438.20133650274425,440.0576302640168,435.7562575113133,437.2332763671875,357.05453398326733,358.63990771432,355.78624104612305,357.1337890625,88.88756416598854,91.55309725058152,88.88756416598854,91.36412048339844,239.2759662319069,246.5340026572542,236.88321265469028,244.6197967529297,151.1932267755587,151.83752412939327,150.9057749888639,151.10401916503906,524.156720970896,526.8844557581568,523.2575180055231,526.7345581054688,422.7099240134841,425.1816897110521,421.5039554151592,422.9092712402344,92.28657331526638,92.62563854817368,91.91758384842532,92.535888671875,62.16127771378733,62.28040138328494,61.942891893213954,62.11164474487305,79.97832134483572,80.43078667137533,79.88979894601891,80.2635726928711,245.86263844094495,247.74443630621371,245.44666254796948,247.04122924804688,465.1600036621094,465.3299865722656,451.0199890136719,454.1300048828125,445.8500061035156,452.3399963378906,444.6799926757813,450.1600036621094,390.0447506899648,393.2842027736032,389.1504321716676,392.6482543945313,928.4000244140624,930.489990234375,915.2999877929688,924.1400146484376,257.90642916266114,259.81433504408284,257.3470466563245,258.7355041503906,76.21425188399546,77.06992165479666,76.15455646448923,76.55254364013672,112.12000274658205,113.31999969482422,111.86000061035156,112.5500030517578,38.51784007071378,38.846635550639895,38.43080488807873,38.6435546875,175.7236359338092,177.02914789880643,175.34081776195458,175.9003143310547,532.0008575636637,536.0584393468512,531.2930032547121,534.51318359375,228.7134033478936,230.86759941844912,228.5538298868681,230.6581573486328,87.5999984741211,88.7300033569336,87.26000213623047,88.13999938964844,955.7639589603892,958.3510662188554,952.9470640962968,955.084716796875,144.35448354820855,145.2076547986041,143.9378206311713,144.42393493652344,43.93275427184455,44.3004366984928,43.833382896995005,44.27062225341797,196.5161262135814,197.93450850289776,195.6471058614473,196.87571716308597,319.2328415027324,320.9100426042519,318.9233646759857,320.3709411621094,228.5,228.5,226.6699981689453,227.0500030517578,156.5558345524985,158.70425379691338,156.50611485142403,157.67977905273438,260.1085733988679,262.60839684790307,259.6621979779705,261.07080078125,166.25359086996446,168.21928253349327,166.01653282934106,168.08099365234375,221.83211186796,223.9082764217164,221.0771470732681,223.4016571044922,58.82374717816366,59.257873190152125,58.606687935919695,59.17893981933594,37.59019470214844,37.79657134195497,37.43295482197758,37.59019470214844,22.40479897071769,22.61975929883817,22.35594308001189,22.43411064147949,139.68715493157526,140.8370583714796,137.7173348045662,139.91712951660156
2024-12-27 00:00:00-05:00,56.40918449043932,57.123472049260286,56.28198147151183,56.43853759765625,113.88209751900638,114.81287378942224,113.38700102564178,113.86228942871094,339.8160806561945,341.7330515854024,334.7440328636872,337.9190673828125,227.3301659401316,230.46293621514212,227.05169814570203,228.6727752685547,194.72573696465105,195.09532170060632,190.43068040496257,192.5382537841797,239.99463507356185,240.65711021053983,237.34471943819312,238.4620361328125,120.5855913134248,120.91270570251731,119.84215364510852,120.38733673095705,507.2521813902719,510.9961600822761,505.639049759236,507.8197326660156,229.77029687922487,230.32731335234052,227.58201137303007,228.2882232666016,98.6477777417267,99.49049593826844,98.39000253622685,98.84606170654295,20.209999084472656,20.61000061035156,20.09000015258789,20.299999237060547,26.000162248579944,26.413331753005565,25.99032465605446,26.18707275390625,433.73031978660106,434.3490742197977,425.49682901811,429.66845703125,355.4988663396448,357.13377063103025,350.76258183959874,352.9226379394531,90.40930327545438,92.69688281541067,90.38940699046684,91.75201416015624,244.8989394904387,245.0385165224343,235.63697275334263,241.0206756591797,149.96409561289255,152.1249980707204,149.93435974134525,151.55007934570312,523.5572300734262,527.833642827825,522.558075054202,525.62548828125,421.8029463220472,424.543803404361,420.13851559963086,421.57373046875,91.87768777855004,92.0970864985029,90.78070178728616,91.4089813232422,61.99252700805664,62.48886428788615,61.75428344756718,61.99252700805664,79.90639666942793,80.63064955629967,79.8171007589492,80.10482025146484,245.97158382501163,247.68501156270185,244.93163654369644,245.961669921875,449.5199890136719,450.0,426.5,431.6600036621094,446.8800048828125,449.9100036621094,441.1099853515625,446.4800109863281,389.6671683299869,392.9761559102392,388.9020045642591,390.3825988769531,916.010009765625,918.1300048828124,894.5,907.5499877929688,257.54682582842287,258.41589596104086,252.78207543596488,255.30929565429688,76.13465114383328,76.54259007681571,75.41828335364936,76.03515625,111.81999969482422,112.12000274658205,110.86000061035156,111.5500030517578,38.54685265834146,38.83696871984459,38.34377178419185,38.60487365722656,174.64388431231112,176.3518503710921,174.02547996764818,174.7322235107422,531.9809249787046,535.9188781753436,529.1795060745518,530.5752563476562,229.0506085952861,231.78644095126623,229.0506085952861,230.7480316162109,87.36000061035156,87.65499877929688,86.2030029296875,86.86000061035156,947.6728447391416,949.4009767529628,930.9713282859332,938.662841796875,143.71956910806858,145.43584191739794,143.53107549359515,143.8981475830078,43.96256786657449,44.49917858746763,43.78369636268515,44.06193923950195,196.24642603002408,196.5760523318792,191.75354348102763,193.81918334960935,318.73365547689866,320.9599203244712,317.0265365929876,318.12469482421875,225.6000061035156,226.02999877929688,220.8999938964844,223.75,156.34697837592438,156.90397261744215,154.68593655677145,156.39671325683594,259.007478184725,261.38823786399024,258.4222102412433,260.5450439453125,167.35003782654616,168.67366219354568,167.19198907671858,167.4586944580078,221.6632363761489,222.9347639944717,219.94468993475724,221.3056182861328,58.774414235987344,59.21840502636856,58.35015678781753,58.81388092041016,37.18726720752583,37.59019463403949,37.03985317999142,37.27571487426758,22.355941476937232,22.541590120983624,22.29731627595578,22.336400985717773,138.53725762424156,139.00721560881072,134.69761453351015,136.9973907470703
2024-12-30 00:00:00-05:00,56.29176320576306,56.360256275972176,54.843618141553776,54.8534049987793,113.01071456719522,113.5157150686692,111.41650337111984,111.69376373291016,332.9468594579345,337.5795644648291,331.0897615483615,335.2132873535156,226.9323463146128,228.37443012076832,225.54000732805332,226.5444793701172,189.58165840021292,192.3284948186424,188.90243274221345,191.0200042724609,236.08898513480727,238.13573437977,234.44762075530065,236.6328125,120.01066083623545,120.14943525855912,118.28588761404184,118.9599380493164,504.7030662987037,507.5608786730962,498.5294683424705,505.6390686035156,225.94078251946917,226.219290751909,224.20009847793992,225.3937225341797,98.71717709842288,98.71717709842288,97.42830864525229,97.52745819091795,20.01000022888184,20.11000061035156,19.729999542236328,19.81999969482422,26.04934960944631,26.14772366318555,25.81325300626955,25.99032592773437,425.2074080072107,426.6944166190143,421.05572893712207,423.9798583984375,349.38528567360606,351.38683166013953,346.0362219538436,349.2663879394531,90.79720031135172,90.82703715159268,89.35502313129142,90.09103393554688,233.9919431694082,238.04967190775875,230.92123322997537,234.86929321289065,151.32209939229153,151.74832363480198,149.7658515299641,150.3903350830078,522.2483337165654,522.4881211611792,515.3341981346794,518.401611328125,417.7863588965987,418.8627852895466,414.02890384000585,416.27142333984375,90.48153356067355,90.82059879730024,89.88317061144846,90.32196807861328,61.88333013687304,61.88333013687304,61.22816510081723,61.57559967041016,79.56907378389334,79.73774216826402,78.6662365741006,78.98371887207031,245.5258738709308,245.55558535412268,242.18815294934925,244.36708068847656,419.3999938964844,427.0,415.75,417.4100036621094,442.9400024414063,447.6000061035156,438.5700073242188,445.7999877929688,388.0672820140733,388.7429865958077,383.2478604786572,386.9742126464844,894.510009765625,908.22998046875,889.7100219726562,900.4299926757812,251.95298524244893,253.22159473829512,250.47461491371797,251.9230194091797,75.21928358762288,75.38842566086845,74.17457584907068,74.2740707397461,110.43000030517578,111.54000091552734,109.83000183105467,110.8000030517578,38.48882589787642,38.5275090210674,38.102005733043775,38.29541397094727,173.76045932658462,174.0745592414414,172.278254015716,172.95555114746094,525.3910809581341,526.956295085617,519.7384083771452,523.9454956054688,229.120513390594,230.208849640225,227.2333925113481,229.30023193359372,85.69000244140625,86.06800079345703,84.66000366210938,85.43000030517578,929.9724764351728,933.1389607071546,914.489583433298,921.1921997070312,143.68980956336557,143.7295003970171,141.8148188202015,142.20172119140625,43.61476089236449,43.863193117808144,43.27689291413012,43.63463592529297,190.64781342319387,193.5594896349152,190.14338320337717,192.47073364257807,314.1513878827395,316.57729861557755,312.7038418971402,314.78033447265625,220.05999755859372,223.0,218.42999267578125,221.3000030517578,154.39748448823647,155.29266682035805,152.97516098083423,153.7509765625,258.739630299751,259.46379079678405,256.42831681837583,257.2218933105469,166.60918981610558,166.9153998276249,164.6731455170479,165.04849243164062,219.0804477521989,220.12350182730185,216.20957453390557,218.79237365722656,58.30083121385164,58.59682384947503,57.62991256577165,58.39949417114258,37.12830142838333,37.22657869791068,36.469860592575294,36.74502944946289,22.25823505495512,22.25823505495512,21.926022452369097,22.09212875366211,134.81759702407376,140.2570989672278,134.00767398793965,137.47735595703125
2024-12-31 00:00:00-05:00,54.86318851035526,55.7340321799494,54.72620236897088,55.34264373779297,111.9512121233222,112.66415225359432,111.4462191598567,112.00072479248048,335.7424398719369,336.6210641801045,331.8885101662121,333.80548095703125,226.7533314700356,228.24512970339103,225.70906967161545,226.7931060791016,190.8601960597075,191.73918864322025,188.29314510160168,189.08224487304688,237.3546113199757,238.72900315780404,236.34606012415472,237.0184326171875,119.38617537306388,119.77276234237758,118.90045733458152,119.29695892333984,507.1824749301377,508.8254473027905,501.1980406692996,503.7073059082031,225.9407870712278,226.33866682384345,224.39905045971923,224.6875,97.65634299234998,98.6775197849664,97.58694284811531,98.6279525756836,19.989999771118164,20.399999618530277,19.8799991607666,20.049999237060547,25.97065061294279,26.216584807906887,25.93130211743961,26.09853744506836,425.24732556190753,425.8760697244736,419.81820926028456,420.6565246582031,351.7336441396833,351.8327054278643,347.2252367033768,348.57281494140625,90.24022616562624,91.2746053773425,90.10097493013902,90.75741577148438,235.16839983220763,236.7436350986546,230.61217934971305,231.1405792236328,150.46964002116434,151.80779965459078,149.6171763870664,150.72735595703125,519.8803560595253,524.2966042467244,516.7229919924686,519.7904052734375,417.2182476689062,418.7132606724249,414.36777080860026,417.278076171875,90.32196831423288,90.69095778608413,89.81336284946514,90.10256958007812,61.56567335544601,61.97266975169317,61.3472837522271,61.80391311645508,79.1920613520568,79.59883954409479,78.75552037901595,79.2515869140625,244.8821039848129,245.8230028785023,243.4360796534732,244.43641662597656,423.7900085449219,427.9299926757813,402.5400085449219,403.8399963378906,446.3500061035156,448.5,442.80999755859375,444.6799926757813,387.5505745087278,388.9914124941743,384.8576421579264,386.5369873046875,901.7999877929688,902.6799926757812,889.469970703125,891.3200073242188,252.16275955239965,253.00183336212825,249.15605553782555,250.1449737548828,74.52281377136362,76.0053081780301,74.4034153447495,75.28893280029297,110.77999877929688,111.58999633789062,110.66999816894533,111.3499984741211,38.33409747713819,38.71124870945409,38.247062293601765,38.67256927490234,173.10279983938972,174.56535426171428,172.68070982038748,174.4279327392578,526.0590197319061,527.5743986817806,523.9554761125211,524.96240234375,230.10901138457692,231.64665922926733,228.32172905947783,229.2003936767578,85.73500061035156,85.9000015258789,85.05000305175781,85.3499984741211,922.6305875642672,923.7193503842086,911.5328033876824,915.2587280273438,142.61838633185528,143.52116359121268,142.1719628408645,143.4715576171875,43.763820821706815,43.95262794438629,43.43588847145973,43.67438507080078,192.2260050490995,193.0300816438148,189.36425993005457,190.2232818603516,315.5889769667359,317.12639860636284,314.66054649201203,315.5091247558594,222.97000122070312,223.22999572753903,218.94000244140625,219.38999938964844,153.89021869511512,155.0042071397997,152.3883224758026,152.79611206054688,258.6602818789479,259.44395909051553,256.77551502628086,258.5511779785156,165.31520389111114,166.02640817031946,164.55460749511047,165.60165405273438,219.25926190371996,219.58707976120343,216.9943523045661,218.37515258789065,58.42909232121393,58.586955301003165,57.98510151438473,58.40935897827149,36.6664116390596,36.95140635044499,36.5976194243568,36.88261413574219,22.101898739920543,22.326630234356145,22.082356384666603,22.248462677001957,138.0173106258272,138.05731549303724,133.8176997545706,134.27764892578125
2025-01-02 00:00:00-05:00,55.704677941579945,56.14499319607904,55.30350265027906,55.56769180297852,112.57503235395836,112.84238111089348,111.65415266184723,112.32748413085938,335.7823960828944,338.3883173719329,327.29573084123047,330.1412658691406,228.7225010200841,229.35900099299977,227.0815290325949,227.86720275878903,190.43067970164265,191.7791328258186,187.2843094002135,189.2120819091797,238.214828493969,240.5483298426048,236.76133317877247,237.3051605224609,120.27829557437838,121.0712987590149,119.19783648701596,120.04039764404295,505.8382062093238,509.9307015199163,501.148258120942,502.3630676269531,225.8612250471304,226.7763257067363,223.45409429543164,224.3194732666016,99.42109581931204,99.4904959634201,97.98351816390964,98.3206024169922,20.229999542236328,20.43000030517578,20.0,20.21999931335449,26.314959107048345,26.42317075426897,26.128048591757,26.17723655700684,424.67847521686525,425.2174031564215,414.0198541610312,417.7423706054688,349.8708316478175,351.565184868314,342.94473611837026,345.6299743652344,91.05579893751172,92.1598075560537,90.91655529086763,91.67244720458984,235.4475489257206,238.77746906030185,229.5454103886752,231.2801513671875,151.5401683176053,152.31333120697582,148.5763671583107,148.89356994628906,518.7313273285151,525.6554647351784,517.6522837471349,522.1284790039062,419.351139993647,421.3145915864948,412.39433532511487,412.79302978515625,89.73358290028473,90.3518800904418,89.2748359670384,89.75352478027344,61.89325575498359,62.290327083764495,61.16860379869834,61.386993408203125,79.73774207606374,80.03537747229271,79.23175206228692,79.58892059326172,245.8923546176568,247.47702255742425,242.89137374397745,244.6147003173828,390.1000061035156,392.7300109863281,373.0400085449219,379.2799987792969,447.760009765625,450.1199951171875,440.55999755859375,441.0,389.6572156186947,390.193818845697,383.9434753746216,386.0103454589844,895.5,898.5800170898438,877.0,886.72998046875,248.65660659999048,248.826433311358,241.5544297530332,243.5821990966797,75.86601280706837,76.30379944123058,72.87116873340852,73.29900360107422,111.6999969482422,112.1999969482422,110.16999816894533,110.81999969482422,38.71124839046506,39.223790551078594,38.66289633090452,38.88531875610352,175.37025845658803,176.46963061121284,174.62424308495923,176.13589477539062,527.5744245079283,528.940237131361,516.0795955376249,520.80517578125,230.4984160421988,231.49689301836503,228.2218897553837,229.45999145507807,85.83499908447266,86.94000244140625,84.81999969482422,86.18000030517578,913.9901214430624,924.7482541854793,901.004469444418,908.8058471679688,144.0767103107676,144.61243059570108,142.63822792827605,142.87632751464844,43.8631919599757,44.31037071212534,43.52532399065984,44.01225280761719,191.26709343340775,192.9801381301293,188.49525744007036,190.4130706787109,317.2461837530124,319.14298599081565,311.8852092919255,313.8718566894531,222.02999877929688,225.1499938964844,218.19000244140625,220.22000122070312,154.17865718943676,156.6652493875714,151.97056210333685,152.81600952148438,260.0788094250337,261.46758338174914,256.23982952314816,257.2020568847656,166.03627756798048,166.64871267490818,163.88291998039043,163.95205688476562,220.35198362677437,221.0175476907842,216.15991073350196,218.4844207763672,58.47842336539463,58.882947483355416,57.78777142250417,58.310691833496094,37.14795554288161,37.29536956741024,36.558306942555866,36.77450942993164,22.30708694458008,22.639299515333228,22.27777341292721,22.30708694458008,135.98748671158145,138.8672266066605,134.61761764692358,138.29727172851562
2025-01-03 00:00:00-05:00,55.73586852831825,56.19093506054894,55.70619142476176,55.9634017944336,112.82259065550151,113.10974752649672,112.16905966194558,112.7136688232422,331.57901379502266,332.91690797159856,328.75343638331685,332.37774658203125,228.55343013903683,231.09943000579628,227.59868777668015,230.23419189453125,191.1498514336812,192.9877463613902,189.76145103861663,191.56936645507807,241.15149108865305,242.130380347991,237.5622455585369,240.54833984375,120.44681464182624,121.24972488859665,120.08004934307688,120.9523468017578,504.1952603680879,514.0929332658372,503.2293869364012,510.8169555664063,224.7770140851472,226.2093508192574,224.65765774982484,225.31414794921875,98.4891393621498,98.89563130200382,97.84471272821224,98.29085540771484,20.38999938964844,20.670000076293945,20.059999465942383,20.559999465942383,26.2657719915018,26.403494536160277,26.088699076181506,26.157560348510746,420.2373611517797,423.1814700735548,418.7004647827294,422.5028381347656,346.79915587440297,351.5750829353958,345.89747444051113,350.61395263671875,91.90120971110716,92.61732423581914,91.30445013658374,92.08023834228516,232.88529023006265,235.77655049113463,228.3091412251269,231.8484344482422,149.6370024037745,149.6370024037745,148.24926284352105,148.33847045898438,523.8769894312724,536.3364237824198,522.2983073578922,531.5704956054688,414.7664276510477,416.60030658689055,411.7265800965056,412.125244140625,89.90311539549961,91.04996751015445,89.89314065126767,90.53138732910156,61.44655589480141,61.62523761597134,61.16860444700772,61.29765319824219,79.8667145196384,80.36278106944982,79.35080863835947,80.31317138671875,245.74377361919997,246.38755769886865,243.5648458316332,246.10032653808597,381.4800109863281,411.8800048828125,379.4500122070313,410.4400024414063,429.4500122070313,433.2999877929688,425.3200073242188,430.5700073242188,387.3617782370089,388.5442764493855,383.37705584109466,386.7257995605469,893.1300048828125,898.8300170898438,879.8900146484375,881.0499877929688,243.0927276611328,243.911819160746,241.624340886356,243.0927276611328,73.54774752023371,73.81639208939286,72.64233409874579,72.9408187866211,111.37000274658205,111.54000091552734,110.18000030517578,111.16000366210938,38.991694727683225,39.29148339345738,38.78861386813893,38.93367004394531,176.35184503799275,178.22667896305376,175.50767999692698,177.88311767578125,520.934782431576,522.8588829775398,516.0995526259427,519.768310546875,229.72958538235272,235.5706665739133,229.21037308680857,234.4823303222656,86.7300033569336,87.69999694824219,86.30999755859375,87.5999984741211,913.3208427695928,923.189942785426,909.9945011226092,915.568359375,142.92594067978828,143.42197015647923,142.47950204067178,143.04498291015625,44.46936660278191,44.5687379727352,43.87313080151262,44.52899169921875,192.5056946331138,194.27866867483587,191.13225931471845,192.9102325439453,313.6522272626367,315.38932509526825,311.4858895302568,314.3810119628906,222.50999450683597,225.3600006103516,221.6199951171875,224.19000244140625,154.58645731700892,157.59026485183136,153.6614523319779,156.98353576660156,257.9163020200459,259.97961911608473,257.70799348331684,259.12652587890625,164.21876836543473,164.46571388177372,162.24320423472273,163.11245727539062,219.09039017237305,222.17980861594629,219.09039017237305,221.17648315429688,58.44976338370159,58.77757279775941,57.97294727909176,58.46963119506836,36.97106206102061,37.08899478609618,36.72537450712168,37.02019882202149,22.375482591581957,22.434107789313902,22.13120876009381,22.1507511138916,139.99711439640743,144.88666393436952,139.71714137538024,144.4567108154297
2025-01-06 00:00:00-05:00,55.70619221039903,56.41846912234696,55.34015698367551,56.07222366333008,112.39680363743364,113.13944834839845,111.6838635061758,111.93141174316406,333.49598986630167,336.0719595134781,326.76657309834263,330.011474609375,230.9403174672723,231.0298217187793,227.65835833381,228.75233459472656,193.75684931380115,197.99197728329847,193.6270092243641,196.64352416992188,242.20810827543232,244.1859313037164,239.10721322157204,239.3755645751953,121.04156489886462,121.8444751565535,119.61416216284972,119.94127655029295,510.8169380139114,518.0858608442101,507.650477737987,511.4840698242188,223.483921904468,225.71200285968783,220.1816036221961,220.55958557128903,97.92402279935796,99.47066640356633,97.57702209343071,98.86589050292967,20.82999992370605,20.979999542236328,19.780000686645508,19.8700008392334,26.27560767268516,26.806826417935348,26.128047535558643,26.452680587768555,427.1435291929144,433.450889550372,424.6285829292995,426.9938354492188,349.5834803878224,351.24810919848454,346.4523755838691,348.11700439453125,91.5431460349775,93.98986543084617,91.44368737756024,92.62725830078124,235.7865174359142,241.02067902804336,232.59617436516757,235.69679260253903,148.2889159349176,148.63583946990553,144.81958983466944,144.98809814453125,529.4422645846754,544.85921912044,528.0634257877622,536.736083984375,414.04881172877424,416.9890160241823,410.7498189258389,411.5372009277344,90.58125588053808,92.21676398758385,90.42169040253324,91.17961120605467,61.04948416900671,61.11897108381982,60.215637404496505,60.364540100097656,79.88654957814383,80.50167479198318,79.03332212193037,79.21189880371094,246.35784351691044,250.27991046904472,244.92171795403945,247.3482666015625,423.2000122070313,426.4299926757813,401.7000122070313,411.0499877929688,431.8800048828125,436.4100036621094,427.7900085449219,431.1799926757813,388.03749084166975,391.505473053216,385.5830655508695,386.9146118164063,888.760009765625,892.8300170898438,871.6900024414062,881.7899780273438,244.04168187374515,247.0583693989477,242.93290033169583,244.73092651367188,73.37860796186659,73.94573723840747,71.60757294358012,71.63742065429688,111.47000122070312,112.8499984741211,110.87000274658205,111.0500030517578,38.96268640619708,39.00136953084928,38.27607754423664,38.30508804321289,177.45122413925944,178.6291250622975,175.95920831523904,176.78375244140625,519.3794753726776,519.7682993258504,509.4499216990381,510.3670959472656,233.79338432611735,239.8641263369828,233.3440727215547,237.83721923828125,88.0199966430664,90.08999633789062,87.72000122070312,89.52999877929688,916.9668293132175,926.3864143459352,912.262066639806,921.691650390625,142.3703776282631,143.66998759723828,141.79498160796427,142.51919555664062,44.87679500198956,45.86058823773568,44.81716990592851,45.11529159545898,194.92792600382484,199.33291137103032,194.8380320758636,197.7347412109375,314.4808521451,314.8602186911189,311.5457883553175,312.51416015625,226.77999877929688,228.83999633789065,224.83999633789065,227.6100006103516,158.47549088807625,164.7814848649118,158.47549088807625,158.99270629882812,256.97388306983885,259.09674699552573,254.98991167297305,256.517578125,160.82079199838554,161.50236401958674,158.47975337978824,158.63780212402344,221.52416794988196,222.865239603732,219.289058632002,221.19635009765625,58.51930084491233,59.18485928573772,58.201423430887495,58.38022994995117,36.69588966273378,37.501744461924496,36.6467529064698,36.84330368041992,22.23869060770765,22.248461784942844,22.01395912228273,22.082355499267575,148.57632545203526,152.14600432101588,147.80640728049391,149.41624450683594
2025-01-07 00:00:00-05:00,56.07222380444444,57.051605976009775,55.91393962652517,56.52729034423828,112.25818299201028,113.56523744822483,112.06013985950928,112.2878875732422,329.9815269233363,330.9799581697004,322.4034374197972,324.4202575683594,229.7369256683034,231.2585586372728,228.51365537813035,229.2794342041016,196.8832529983184,200.7687774852745,194.37614589069548,195.2651214599609,240.6576574149104,243.75855242581704,239.42524303513548,241.6813507080078,119.93135997069298,120.84331590526584,119.58442391209188,120.33777618408205,516.642046223089,517.2893045042462,509.04454067395073,512.0616455078125,220.32086916517144,221.89246003063656,218.7393369975258,219.45550537109372,99.27237814430556,102.08805731643332,99.1930690975225,100.15475463867188,20.020000457763672,20.34000015258789,19.899999618530277,20.01000022888184,26.570730561136173,27.12162263066028,26.501869286986786,26.688777923583984,428.1415176926379,429.7882097463078,419.957914728963,421.5247802734375,352.1002399024701,359.8982619123129,350.5743151274445,353.1307373046875,92.27915535973922,93.14446167221524,91.364123509343,92.33882904052734,238.777463401163,238.777463401163,226.9133700521365,227.95022583007807,145.17644009238762,146.67320109889076,144.06624541945908,144.12571716308594,539.0641396499154,550.9241049410176,537.825197173882,545.18896484375,410.6601292642923,417.6069574339553,409.3245879906906,413.5704345703125,91.44886419185708,91.68821239774684,90.20228748472434,90.5613021850586,60.662340200337496,61.26787226019631,60.17592802195414,60.394317626953125,79.73773522161883,80.43222532249482,79.11268656145606,79.24166870117188,247.73453727550344,249.2498834243942,243.7728448365405,244.2086334228516,405.8299865722656,414.3299865722656,390.0,394.3599853515625,431.3699951171875,435.1799926757813,420.510009765625,422.6300048828125,388.4349590184268,389.4286529684996,380.6841583379121,381.8070373535156,879.3800048828125,888.0,869.1099853515625,879.1900024414062,242.71314361950863,245.28032844029428,241.08494412707995,241.94400024414065,72.03540326526164,73.07016685320818,71.61752015983335,71.72695922851562,112.1500015258789,113.73999786376952,111.29000091552734,111.38999938964844,38.40179250074039,38.66289806088127,37.55078588512472,37.6378173828125,176.32240781634155,178.81563121930506,175.10523502606736,176.2242431640625,512.1117526535768,514.7536866720521,509.51968424218006,509.8387145996094,237.63752431610183,242.77967473544464,237.63752431610183,238.73585510253903,89.52999877929688,89.97000122070312,87.5999984741211,87.97000122070312,922.8203939681576,930.2821201402222,915.418538168196,920.3530883789062,142.61838462346878,146.0112243070221,142.4497364238977,145.0687713623047,45.98976980578418,46.35745220836945,45.36372336180869,45.7910270690918,198.04438263544472,201.909973886113,195.7170322333306,196.4861602783203,312.36440565634115,314.66052980966305,310.7970357124434,311.1464538574219,227.8999938964844,228.3800048828125,221.4600067138672,222.1100006103516,161.13117700755686,162.5733974700731,158.39592554600884,159.65911865234375,258.1345277226442,263.0845268251287,257.2715049817223,259.95977783203125,159.48730290217546,160.6232462768669,158.77609859150232,159.32925415039062,221.8718501643049,225.20961390551733,221.3552873397184,222.47781372070312,58.578904936070266,58.85704672910264,58.26102751849106,58.53916931152344,36.79416774100817,37.11847712060317,36.37158483669055,36.53865432739258,22.023731371083688,22.13121059857721,21.6524340727269,21.691518783569336,153.0159191493047,153.1159160516902,139.99711279126652,140.12710571289062
2025-01-08 00:00:00-05:00,56.36900765940295,56.43825675321485,55.44897967156764,56.20083236694336,112.4265110151459,113.1889562800331,111.15906521895415,113.12954711914062,327.2258245292543,328.2841591403641,322.6030832999361,326.3871459960937,228.38437165003052,230.8309275161457,227.75781151381733,230.55245971679688,192.3484808074723,196.06418741382137,192.1586969389352,193.7268829345703,241.263923009297,242.75474024725352,239.0276971523622,241.6416015625,119.80250433988334,120.85322717185738,118.95002853040432,120.79375457763672,512.3105837786965,522.4372890881649,507.3418280740849,522.2879638671875,218.918364116036,220.2015053993701,218.0331025699047,218.99794006347656,99.83749202215104,99.90689216301854,97.21019557213236,98.9947738647461,19.82999992370605,20.1200008392334,19.709999084472656,19.8799991607666,26.61007872398322,26.698615182877205,25.8034148774638,26.42317008972168,422.6126137987444,426.11559975123726,420.6964729295162,423.7104187011719,357.69854958545386,360.2747778739327,352.1002265329909,354.4584655761719,92.46812592373716,92.50791090432746,91.51330915419705,92.1001205444336,229.0070326693105,231.76868032862905,225.37801451425443,228.6182098388672,144.1257135699738,145.38458757058527,143.2930789298318,145.25572204589844,543.9200203869682,547.3171718841309,537.7951951712637,544.4695434570312,415.3544691334873,419.02225748040615,412.8229356836623,418.6136169433594,90.86048644485086,91.59845774788926,90.57127972684242,91.54859924316406,60.5432229082308,61.317507851065805,60.48366107156929,61.2579460144043,79.77742512772552,82.56531667890374,79.71789199535401,82.0295639038086,243.0894479996975,244.8722126016252,240.63320294407336,244.5255584716797,392.9500122070313,402.5,387.3999938964844,394.9400024414063,417.3399963378906,422.6600036621094,415.510009765625,419.5799865722656,380.5847741565303,385.2452011015856,377.7030678323819,384.75830078125,880.0,886.219970703125,873.0,875.0,241.6542990502637,243.44234164075263,239.78635773622744,242.43344116210935,71.19962909543062,71.45832188882363,70.65240339095256,70.93099212646484,111.0,111.11000061035156,108.63999938964844,109.76000213623048,37.62814739952682,37.7055136473542,37.17362991610538,37.65715789794922,175.90030337698465,175.93957522580874,172.93590785928217,175.21319580078125,510.47675089969465,515.870268571777,509.96832858749127,514.823486328125,238.24659878318676,239.0254096282777,235.14133468807503,237.72738647460935,88.05999755859375,88.2300033569336,86.79000091552734,87.94000244140625,921.9612662584672,929.4729857713852,914.409612842873,926.346435546875,144.33465923849369,144.4338560489664,140.31681754270937,141.14022827148438,45.61215825752655,45.96989747908907,45.40347230647975,45.92021179199219,193.7292845765708,197.41508784704047,193.52951522204583,195.1676483154297,310.4775717770788,313.5124736137634,309.6888903149872,312.07489013671875,223.19000244140625,223.5200042724609,220.1999969482422,222.1300048828125,159.1916361488044,159.33088470533684,156.09831483580484,158.22683715820312,259.87049105034845,262.132217200706,257.7377278826912,262.092529296875,159.02303764007178,160.41579887544418,158.60817098779512,160.11947631835938,222.42815213642973,223.41159054857604,219.3685339654965,221.70297241210935,58.49943146711642,58.84711248461126,57.88354446760231,58.807376861572266,36.449458279350296,36.90532714933819,35.9143141126584,36.83595275878906,21.62312020168797,21.74037246872137,21.16388603843539,21.67197608947754,142.5668963792699,143.9367655713296,137.5473535279277,140.0971221923828
2025-01-10 00:00:00-05:00,55.75565412025651,55.91393829440474,55.033482339843175,55.23133850097656,112.65424551924932,112.72355872167246,110.69366776238216,111.20856475830078,322.2636440890523,322.2636440890523,315.52423314118704,317.35137939453125,227.5688535832965,228.75233409312492,223.5111605949588,223.9785919189453,194.07648645979597,196.29393386115163,190.09107094303812,191.81907653808597,241.60183919357027,242.317432684722,237.278478280354,238.40155029296875,118.95002339615834,119.58442291592677,115.9564511349161,116.12496185302734,524.3989355172724,533.1714427577647,516.2636586129695,518.4742431640625,218.79901127973253,218.8288503633045,215.12865222477475,217.0284881591797,98.36025929733084,99.54998576143282,97.96368380929682,98.39991760253906,19.65999984741211,19.65999984741211,18.90999984741211,19.149999618530277,26.433008185509383,26.610079230337803,26.255935264351955,26.285446166992188,423.7802594986814,423.8600860063737,414.1894746460312,418.1116333007813,351.7831642368399,354.7260040836094,345.55067932960003,346.5910949707031,91.69234048161242,92.28910003167888,91.43374189424016,91.75201416015624,226.6142705852949,227.1426704320565,220.582519550515,223.6332855224609,143.72922549129203,144.29423729290806,140.26980627410015,141.38990783691406,541.3022225521903,556.6891729618941,540.8525906054783,541.8517456054688,414.2282087171679,416.50065761097466,410.3511575989156,412.7730712890625,92.23670249047342,93.32372134619878,91.94749577855566,92.74530792236328,61.12890103230223,61.19838794834586,60.285125386875,60.62263488769531,81.35491400709857,81.84105710552092,79.87663781102869,80.02545928955078,244.634504166899,247.6057734482784,242.15844643241624,245.52587890625,391.3999938964844,399.2799987792969,377.2900085449219,394.739990234375,410.0,413.1000061035156,405.3200073242188,405.9200134277344,386.45750449453175,390.4322801583667,382.1945491040319,387.4313354492188,866.4000244140625,866.4099731445312,834.4000244140625,837.6900024414062,239.7463920626497,239.8962364632009,232.74409661721964,236.58987426757807,71.48817415205072,72.02545571518658,70.73199925678828,70.84144592285156,110.0,110.54000091552734,107.62000274658205,108.6500015258789,37.57645702482727,37.62566588202115,36.9957834993911,37.21230697631836,173.60341816197325,174.27088990478305,170.1384184329296,171.9445343017578,511.30900300644544,512.9464205312516,502.562865573238,503.8708190917969,235.19125503957392,238.34644594423227,234.14285116634605,234.7119903564453,86.79000091552734,87.08999633789062,82.23999786376953,83.36000061035156,932.32981803275,943.2378093161002,922.4807153361464,935.9058837890624,139.88030475473585,142.529100198471,139.56283864100914,140.931884765625,45.71152838537254,45.76121407111472,44.45943166710544,44.827110290527344,195.1976196625324,197.39511312065048,191.3819745633189,192.9501800537109,310.67724275615205,311.32614476015885,305.4759728407544,307.1930847167969,221.4600067138672,221.7100067138672,216.5,218.94000244140625,156.85423180358072,157.43112301103338,154.71576859786404,156.13809204101562,258.69995615560657,262.667898909227,258.4618590047489,260.12841796875,158.19328094099802,159.24034251959344,155.54603242125276,156.62271118164062,220.5307788002613,220.9579257357048,215.3651960220864,218.2956695556641,58.40009716983781,58.66830694571373,58.15175520581169,58.35042953491211,36.45936953924166,36.8359517610816,35.9935922148851,36.033233642578125,21.65020524500909,21.808526587010927,21.264301810128835,21.462202072143555,137.43735839735214,139.90713250101766,134.20765966847648,135.8975067138672
2025-01-13 00:00:00-05:00,55.08294867697745,55.19176976069192,54.22227866527885,54.766380310058594,111.4957230355278,112.27797636118564,110.8818082503939,112.07994079589844,314.10646921699623,320.0471167189704,313.30770595584056,318.5694580078125,222.5066798004924,225.77869916233652,221.28340947139088,225.5201110839844,189.8513620671916,190.96007055747597,187.14447278422705,190.79026794433597,238.20278092058467,243.0429627908495,237.53688436167548,242.71499633789065,115.97627845738124,116.73953781710362,115.10398096589292,116.52146911621094,532.763141030819,545.0705898322212,530.8712628550579,538.8372192382812,216.51124415872283,227.75109227887825,216.2625750196821,217.9336395263672,98.60811931397916,100.29356326902622,98.14214367678407,100.11510467529295,18.920000076293945,19.25,18.729999542236328,19.200000762939453,26.21658323870165,26.37398096395124,25.931300565310103,26.36414337158203,414.4090535363967,417.6625396968447,411.4649750549722,416.3551635742188,341.973684495379,347.7008234023718,341.22062525356813,345.947021484375,91.77190678298962,93.08478088458509,90.88671176840984,93.00521850585938,219.32633756404056,228.5683607871852,218.84777467939568,224.6103363037109,141.53859172646395,143.86800254010322,140.89429433123374,143.23361206054688,543.7202135432649,561.8449016447672,541.2123244916098,555.0506591796875,414.4076366830292,421.2747137694776,412.3245889299279,420.0288696289063,91.86772320630962,92.17687180659642,90.8505123142358,91.27933502197266,60.68219592875893,61.39691902537334,60.26527065121039,61.198387145996094,80.27349388303836,81.47397404259351,79.38057256660787,81.14656829833984,245.7041630213404,248.75466796497892,244.3769997021572,246.2786102294922,383.2099914550781,403.7900085449219,380.0700073242188,403.30999755859375,404.2699890136719,409.9599914550781,403.75,408.5,387.53068922441565,393.3636677891745,385.25515194021006,386.7257995605469,831.530029296875,847.0700073242188,829.1400146484375,840.2899780273438,233.27352322575203,234.4122706050548,229.46771001708316,234.1425628662109,70.8115971025571,72.23439614810809,70.42356168931357,71.7170181274414,107.93000030517578,108.61000061035156,106.72000122070312,108.08000183105467,37.34024776656924,37.546930965581865,37.14341234563531,37.51740264892578,171.93470242699232,174.7027686891479,171.12979427256298,173.48561096191406,500.2066312192688,505.34846973775234,499.1283548817937,504.1104431152344,234.69201803733688,240.60299995185815,233.65359344250697,239.51466369628903,82.19000244140625,84.12000274658203,81.79000091552734,83.98999786376953,932.9691669826674,933.9580645889693,919.983514765564,923.679443359375,141.84458066051522,143.91799531546857,141.17990299820462,143.32275390625,44.81717013210911,45.05566672678217,44.40974145057265,44.77742385864258,191.13224951636064,192.27095158503425,188.4453083016719,192.0711669921875,304.4876612719999,306.4044494628906,303.3296061830076,306.4044494628906,218.05999755859372,219.3999938964844,216.47000122070312,218.4600067138672,154.38753246199562,156.52599561027642,153.96978680787836,156.28729248046875,260.0093660080987,268.3222112963176,259.1860311696317,268.0246276855469,157.40308577504285,158.1340348925368,156.47456817701212,156.89930725097656,216.44799002378036,218.1367362880619,213.3287713424773,215.9612274169922,58.52923136654129,58.53916716701288,57.78420548587108,58.37029266357422,36.18188344065938,36.38999904650111,35.924221720666,36.1224250793457,21.402831192230995,21.45230720215841,21.17524720851529,21.33356666564941,129.97805065881337,133.4777287731417,129.49808381781634,133.21774291992188
2025-01-14 00:00:00-05:00,54.90487531846459,55.379727841336766,54.86530333144381,55.14230346679688,112.44630327797928,112.69385150291642,111.18876161931048,111.9115982055664,324.4901412114726,329.4223937954631,320.99563199842595,323.0324401855469,227.57879772978757,228.3246968554772,226.38536216375545,228.12579345703125,191.0200024296161,191.75914137705388,188.0933651847724,189.4418182373047,241.17448076951155,246.2035018915425,240.70735681561123,245.9550323486328,116.7494455967346,117.53253415051832,116.25382050416049,117.43341064453124,537.3535861685739,542.2326981386119,534.2667415095611,541.4261474609375,219.1670390755701,219.336132276783,213.45760508764585,217.3368377685547,100.39270439277932,100.6207301936811,98.1619757722144,98.79649353027344,19.36000061035156,19.520000457763672,18.81999969482422,19.200000762939453,26.373982154371124,26.43300771125057,25.842765276758893,25.980487823486328,416.9739281792526,418.9000587938386,409.8981194598306,414.8382263183594,347.9980689939558,349.29608622543805,342.4691131003163,345.7983703613281,93.5025169221746,94.37776377048276,92.0205547833288,92.56758880615234,225.88647881405817,229.5653338460821,222.4269460785383,224.0221099853516,142.9263230579672,143.86799424480083,142.3018395300919,143.67965698242188,557.0289269651372,560.9256559597616,550.9141030850317,556.5193481445312,420.8760620879913,426.387675511099,419.321250988186,425.8694152832031,91.60843600802832,91.72811011926288,90.3219678441356,90.54136657714844,61.20831194216533,61.61530835181086,60.85094850213456,61.58552932739258,82.73397755496138,84.63887126617068,82.45618150158188,84.579345703125,247.6156709485892,249.95307004226945,246.89266632543104,248.7843780517578,414.3399963378906,422.6400146484375,394.5400085449219,396.3599853515625,407.25,412.75,405.0700073242188,412.7099914550781,388.1269084533745,391.7141593095,387.1729707716761,390.3031005859375,843.2000122070312,844.8900146484375,823.52001953125,828.4000244140625,234.49217517741417,235.8606656353981,232.21468051006943,233.02378845214844,71.7070612966751,71.84635566128628,70.17481569497872,70.81159210205078,108.68000030517578,108.95999908447266,107.61000061035156,108.12000274658205,37.72408596182783,37.743766500464645,37.23198989921737,37.67487335205078,173.35799947784614,173.524867392355,170.8843972025521,172.31752014160156,506.2670344350871,508.5833679017378,503.4115475563664,508.21392822265625,240.80269885223413,241.78120205680665,231.6965933896487,237.2581024169922,85.29000091552734,87.4000015258789,84.75,87.18000030517578,923.2798556601982,926.7360588731,908.9157217124113,916.2176513671876,143.3525101788509,143.66004601396324,141.7255341982427,143.60052490234375,45.3140369699701,45.6320299192434,44.94635833314315,45.4929084777832,192.28094273517524,193.050070773715,189.42419669059564,190.8325958251953,308.2313450699977,309.638980131781,307.0034003225749,308.5707702636719,220.44000244140625,221.82000732421875,216.1999969482422,217.75999450683597,159.281152332991,160.1464815781381,155.72035041480723,158.67442321777344,269.4332469662069,269.4332469662069,262.78696031048287,264.9594116210937,156.90917419762354,158.11426942397108,156.37576348570872,157.78829956054688,216.55725966583847,216.6864041665956,213.1896955461544,216.3089141845703,58.57890277914704,58.94644781917761,58.360360641584094,58.93651580810547,36.300808065143805,36.31071653198429,35.825122268092464,36.05305480957031,21.29398682748685,21.59083532499321,21.15545589297606,21.571044921875,136.0374931021696,136.3674645891877,130.03804480886453,131.7478790283203
2025-01-15 00:00:00-05:00,55.52812419285208,56.131583822368434,55.06316275231471,55.31048202514648,111.63289972946536,112.24008774590575,110.34884675670855,110.58773803710938,329.36247947479904,331.00988481255945,320.2767497272369,320.6561584472656,231.72600030628615,232.02436299840429,229.1800003275446,229.5977020263672,192.8678659974796,196.1341084636535,191.6392852545324,195.32504272460935,248.8670859721294,252.11707181174643,242.1882235029198,250.8051605224609,117.01709403373296,118.14711870402796,116.15470360108075,117.47306823730467,534.8143701010398,543.9652648884876,532.0561990423308,541.1074829101562,218.61001996002415,219.35602740328864,215.03913464087924,218.3712921142578,99.242635888711,99.95647025509356,98.75683488649724,99.23271942138672,19.399999618530277,19.770000457763672,19.170000076293945,19.71999931335449,26.088699348268594,26.21658430159537,25.783739601445813,25.793577194213867,418.2912843778652,427.29322350331137,417.4329894853562,425.4569091796875,349.12768136626124,351.95162348507523,345.8677607331783,346.5316467285156,93.5920280356877,93.96003343412468,92.44823444592753,92.5775375366211,227.8605080964228,229.6451012892526,224.8994668443553,227.31216430664065,144.21493842565462,144.91870755144274,142.90649957902494,143.5111541748047,557.4086465993014,563.3336289661552,543.6003159347109,551.0040283203125,431.7796671362375,432.4773520004903,424.99231089515246,426.5570983886719,90.82059415281358,91.47879031990122,90.56130406197596,91.08985137939452,61.87340397115123,62.16127670086423,61.2281640255215,61.3175048828125,83.25980441638666,85.21430775187984,83.25980441638666,84.72816467285156,255.36078400646528,257.2624097278465,253.59783203235733,254.2614288330078,409.8999938964844,429.7999877929688,405.6600036621094,428.2200012207031,421.7000122070313,423.9700012207031,415.6600036621094,417.2799987792969,404.0856409938322,405.42713389896574,399.2264933198476,403.5291748046875,836.4400024414062,850.8400268554688,830.4099731445312,848.260009765625,234.38230107288464,238.6975638581554,234.17252500331003,237.60874938964844,71.62746230369636,71.88615509108844,70.48325208855007,70.71209716796875,109.16999816894533,109.5999984741211,107.98999786376952,108.18000030517578,37.69455616174608,37.97997276788338,37.46819243238041,37.576454162597656,171.93110310654802,172.8624980621409,167.17505308762526,169.78097534179688,514.7535348176438,522.9405612333654,512.9164218852457,521.5227661132812,238.61603075468835,241.32191014602785,232.6052101449712,237.60757446289065,88.72000122070312,90.19000244140624,88.47000122070312,89.63999938964844,926.2365726513932,931.840366139661,917.2864400505794,922.480712890625,144.15608302972524,144.89021209935098,143.11441810884028,143.81878662109375,46.82450531269127,47.16237329469572,46.5462624301376,46.804630279541016,194.12884726518368,197.57491832048345,193.11000369739423,196.7558441162109,313.1530493272938,316.65716271335265,312.6039854453682,315.7486877441406,222.8300018310547,223.57000732421875,220.75,223.3500061035156,161.23065042582832,164.56267499386513,161.2206943434004,163.52825927734375,267.1714961334748,270.6335468234228,266.4275068560449,266.7846374511719,158.6279194152537,159.1810749643107,157.39319182455208,157.69940185546875,219.40825919403085,220.21289612168675,216.5671863046229,218.5738220214844,59.46299983096226,59.93981594201865,59.19479005798099,59.58220291137695,36.4395519863429,36.5188310681914,35.95395390601663,36.17197799682617,21.749156114164613,21.858001450698502,21.65020597979897,21.67989158630371,133.63770458598145,136.43745017340345,131.277920981104,136.22747802734375
2025-01-16 00:00:00-05:00,55.24122971216206,55.81500842932981,54.48938082702684,55.77544021606445,110.50809927486908,113.42458976658432,110.50809927486908,113.38478088378906,322.4333760223235,327.2058759670181,319.04867960937554,319.4979858398437,229.0308129385428,233.8443603046336,228.3147637181295,233.6056671142578,193.91666057341888,195.2551153784116,192.58818877757312,192.6880798339844,252.4450580685519,255.46645623253497,250.7852833255056,252.71340942382807,117.80017079648373,119.40599885201094,117.27480939756896,118.75177764892578,528.093097442231,537.5427642670018,507.82972017295066,508.4172058105469,218.8288494096153,223.33473314007207,218.74927346125,221.5045318603516,99.57972626216464,100.03578541986283,99.09391770292352,99.83749389648438,19.75,19.950000762939453,19.399999618530277,19.670000076293945,25.646017415016967,26.137885802343963,25.53780576937975,26.059186935424805,427.8421276061569,428.6305247845027,423.5407549144398,423.7303466796875,347.3873732955076,351.5069598856113,345.2877992365382,348.8302307128906,92.36867353174472,94.25841091460627,92.36867353174472,93.92024993896484,234.5103805017829,237.8801884562626,228.51851717682143,228.7179107666016,142.7875539965445,145.5035310548737,142.43070841861768,145.25572204589844,550.6543336438281,561.3353037105587,545.9582926492886,561.2354125976562,426.4973104721338,431.31123881866506,426.2281886731074,431.0520935058594,91.24942177882043,91.46882051302585,89.87320373039694,91.04997253417967,60.9700693900409,61.84362405929883,60.870803449177615,61.79399108886719,84.75792596712574,86.53384501824814,84.36107123698328,86.47431945800781,254.3406480957318,257.0445141260174,253.45918722580305,256.3016967773437,423.489990234375,424.0,409.1300048828125,413.8200073242188,418.2099914550781,428.8900146484375,418.0,426.9299926757813,403.7080172975291,407.52379830503895,401.3728608494744,406.7487182617188,860.9600219726562,868.97998046875,842.02001953125,842.3699951171875,237.089336348529,237.74859991927727,227.7795647267042,228.00930786132807,70.5429581633641,70.87129814729805,69.96587714753603,70.75189971923828,108.29000091552734,108.5999984741211,106.16000366210938,106.45999908447266,37.52724542795988,37.733924865722656,37.34024652812175,37.733924865722656,169.88005421729042,172.3670801878947,168.95857734942498,172.1094512939453,522.7908048575033,526.2852623535196,519.895372842546,522.3115844726562,237.3579440564792,241.74125729972937,234.242700817883,241.5315704345703,89.95999908447266,90.3730010986328,88.8499984741211,88.91999816894531,923.7093472987552,926.3764442914722,916.8070007565228,918.73486328125,143.17395721264543,146.89417833445603,142.9160121934574,146.5965576171875,46.705258115310514,47.21205818436548,45.532657714685406,46.34751510620117,195.60214951346643,196.75583391247915,194.0788910490422,194.1887664794922,315.2195912895473,318.64382213479166,315.2195912895473,316.7170715332031,224.4199981689453,224.6499938964844,220.30999755859372,220.66000366210935,164.4632141682338,164.9505765261518,160.41503478195537,160.56422424316406,266.7648292733975,268.1436737656133,265.0089950681037,267.2707214355469,157.66976370909643,158.61804109516865,157.1956325522392,158.5390167236328,218.23607118190213,221.2062733502793,215.94136142713415,221.18641662597656,59.78087657648717,60.04908634649904,59.38352792697384,59.42326354980469,36.19179636913978,36.31071687442045,35.9440431112298,35.98368453979492,21.7689459395736,21.89757978970624,21.61062648372568,21.78873634338379,138.6272498193542,138.73724031386243,133.47772952507327,133.55772399902344
2025-01-17 00:00:00-05:00,55.39951393614811,56.01286464092216,54.954338515831296,55.686405181884766,113.096118094824,114.26072157913212,112.86717524858956,112.9567642211914,328.2043199187408,329.0529925705269,322.5631894811205,324.05084228515625,237.9517561975252,237.9517561975252,230.93036166276255,232.9790954589844,196.3039099407615,197.00310160992169,193.52710928235737,195.77452087402344,252.58421335556525,259.0245400547025,250.5964568909223,257.573486328125,118.80133456334678,121.1208639562239,118.25615149273877,120.52610778808594,503.468331921609,519.5994050629973,500.6603251235352,507.5907287597656,225.63242777595732,225.66226685862503,221.10664638145005,221.3951110839844,99.60946855274535,99.60946855274535,97.08130645751952,97.08130645751952,21.26000022888184,21.6200008392334,20.790000915527344,21.489999771118164,25.97065035843975,26.12804809156801,25.79357743958821,25.872276306152344,433.221350403684,433.61058460419247,427.31321381371214,428.1714782714844,353.16873986731804,355.23846321025815,350.1735823228125,350.8502197265625,95.06403805249462,95.34252533121196,94.5866258688297,94.61646270751952,236.36477928653105,237.38170641184524,231.9581153605112,236.72369384765625,146.42539073163752,147.31749712792657,145.8802078783223,146.95074462890625,561.9847471535758,564.5225789170958,558.6375412902013,559.1771240234375,438.5371468920226,438.5371468920226,432.0886562653975,434.5504455566406,91.81785840830548,92.0073405123578,90.80065511015792,91.68821716308594,61.85355044666343,62.31017981513981,61.71457283357027,62.25061798095703,86.56361267414951,87.93275362241613,86.36518908258905,87.3870849609375,257.47037354554544,259.5106426575164,255.91543229246628,258.5598449707031,421.5,439.739990234375,419.75,426.5,434.3500061035156,435.989990234375,425.7000122070313,429.989990234375,410.8824989477483,411.8364669674969,405.9537854795775,406.7984313964844,859.7899780273438,865.0,852.1300048828125,858.0999755859375,231.86506609768284,232.03487756377,228.22906438809176,229.7274169921875,71.07028624763117,71.15982937331785,70.4832534790039,70.4832534790039,106.83000183105467,107.73999786376952,106.54000091552734,107.0199966430664,37.81265953460444,38.35396820535605,37.74376638639877,38.166969299316406,171.2969643722474,172.39680084630032,169.70170633545112,169.98904418945312,523.7492745009666,527.2936404136625,520.1849207606249,523.8690795898438,241.80117369895635,242.67983833592112,237.8072656917346,237.9969787597656,90.76000213623048,93.24500274658205,90.00499725341797,91.80999755859376,928.9735424159036,942.7582989162588,923.549542919868,942.1489868164062,146.2691745618755,147.20171240041276,145.44576381375467,145.8624267578125,46.317705088403976,46.58601234892039,45.79102997930229,46.23820495605469,197.82462632303964,198.58375597214692,195.0877388983694,197.3251953125,316.9666654031372,320.05147118370127,316.17798390983364,319.0830993652344,225.83999633789065,226.50999450683597,223.0800018310547,225.94000244140625,164.49305399408104,164.72181622960824,162.22528309532532,163.6774444580078,274.7502962560612,274.7502962560612,267.6179162432379,269.9292297363281,157.78831469014983,159.7737512424459,157.65002580201516,159.1613311767578,224.4645772725435,224.4645772725435,222.1599240249473,223.30230712890625,60.35702725159204,60.54576956315596,59.800743695986846,59.830543518066406,36.41972925244868,36.57829118777337,36.12242609626674,36.251258850097656,21.85800031527916,22.135060299647645,21.74915498439926,22.05590057373047,136.67743145335606,138.48726255165812,135.44754884500142,137.6973419189453
2025-01-21 00:00:00-05:00,56.02276036077124,57.06150050781947,55.94361638540368,56.42836380004883,113.7232135677143,116.36099640782191,113.61372015061504,116.25150299072266,328.8832213482013,329.0030282134652,321.9441429975907,326.3272399902344,234.30182660241672,236.042257872538,233.7051164150175,235.4355926513672,198.84100497169504,202.05728678766425,197.6423732117847,197.8221740722656,258.4778984477774,262.6323018466134,257.9113806213668,261.4197692871094,121.3091964849444,123.10336448556762,121.15060038586763,122.7266845703125,511.8624726265261,522.7658875797018,510.6377262809036,522.7559204101562,222.1809095688137,226.5177001964908,222.0018750642025,223.8718719482422,97.23993938815067,97.42830688059736,94.93981066166644,95.41569519042967,22.030000686645508,22.40999984741211,21.75,21.770000457763672,26.019838418978264,26.20674705505371,25.96081286159013,26.20674705505371,429.3391273565842,430.0377082937944,424.7483264493822,427.64251708984375,347.5266817739033,355.09911687075805,346.28284969883566,354.66131591796875,94.8949616226613,98.04784751554212,94.8949616226613,97.45108795166016,240.7714343731737,242.01766332955657,236.6837973111355,239.58502197265625,147.03003478446823,148.4673239310041,146.4749450554663,147.24810791015625,563.6233542250894,575.883006527728,562.0846773614663,572.5758056640625,438.2082503994122,442.593615714901,437.9790041264956,440.9889526367188,92.2267407914933,93.98191543773471,92.05720056520217,92.8250961303711,62.43922895475683,62.76680957793821,61.843621969445486,61.96274185180664,87.75416428095836,88.00219754073426,87.07951351159299,87.6847152709961,260.4812821099808,264.2845032863739,260.17425335897906,261.818359375,432.6400146484375,433.2000122070313,406.30999755859375,424.0700073242188,433.260009765625,439.9800109863281,431.5,436.3599853515625,410.395600459598,417.5700719760374,410.395600459598,415.7913513183594,863.530029296875,916.4000244140624,854.75,869.6799926757812,223.75398423747347,224.17352112887505,219.13906319002533,222.39547729492188,70.94094329438124,72.90101619297381,70.78174539487549,72.80152130126953,107.0999984741211,109.4499969482422,106.8000030517578,108.6999969482422,38.255548840502136,38.954328138996345,38.1768154186858,38.40317916870117,170.5835578169902,174.05150879084852,169.65216285067476,171.02943420410156,526.8243639526115,529.1406972830765,526.07555166236,527.2237548828125,239.5845522530455,244.11764634887385,238.6360021535201,243.73822021484372,92.20999908447266,92.20999908447266,89.38999938964844,89.7699966430664,944.2067166752278,955.494232541368,942.4586481704072,946.6839599609376,146.38821485902648,147.67789450938392,145.88227024884188,146.97352600097656,46.327639613720685,46.8543185011392,46.248143274026766,46.36738967895508,200.28182025394423,203.6080326445683,199.21304580682195,199.40283203125,319.7719344363929,324.0347506373584,319.46245761788066,323.0863647460937,228.8999938964844,231.77999877929688,226.94000244140625,230.7100067138672,165.1097316443669,167.77535135224105,164.46322370569814,166.3729248046875,269.95901994738136,274.28406334099355,268.11391068710424,272.60760498046875,158.99340119532292,160.36641760561974,158.99340119532292,159.74411010742188,223.5009975666153,225.94470853506547,221.3552890398263,222.77581787109372,60.06895673997433,60.9232537205716,59.880214418113525,60.62524032592773,36.25125806030144,36.91523496862806,36.21161663223024,36.63775253295898,21.976739447962608,22.303275447845184,21.976739447962608,22.25379943847656,139.14720257048145,141.8169551308445,137.07738566270945,140.81704711914062
2025-01-22 00:00:00-05:00,55.88426423752693,56.774611350474814,55.35005370548264,56.47782897949219,113.60375899357189,119.38697501925924,112.97666657382013,117.23693084716795,330.73032920395195,334.7040962794045,326.766556190629,332.0981750488281,235.4355887564216,235.70411668275483,232.87964905319885,234.51068115234372,198.83100862292844,200.24937329507208,197.3027698797832,198.1417999267578,261.2905567755741,261.7676292015455,258.6567857723807,261.2309265136719,122.3797477191737,122.46896416896928,121.29928864064568,121.81473541259766,519.4400475363447,522.2082464100602,513.8041604248081,517.50830078125,222.8075488361283,223.34466749894625,221.45478811109223,221.9023895263672,95.13809709734076,96.16919035522692,94.3350372066225,94.8604965209961,21.729999542236328,22.290000915527344,21.56999969482422,21.86000061035156,26.07886062286035,26.16739707759861,25.547641894430768,25.586992263793945,436.68440364505375,446.37496460039233,435.1275277712005,445.30712890625,356.4723104344131,358.39281022696474,353.0890932817168,357.3380126953125,97.45108880731036,98.008063393396,96.93389161605118,97.2024383544922,246.0055901758254,246.24487160638776,239.96387477211343,240.18321228027344,146.93091721905287,148.14022642456456,146.494770931811,146.79214477539062,570.1978226479896,579.080326084075,569.5184045010013,574.1045532226562,444.1883101009627,447.19825866400174,440.9989368613065,441.1285095214844,93.51320014104424,93.74257361571668,92.26662336423948,92.97468566894533,61.66494021387,61.83369685163256,61.20831084281117,61.327430725097656,87.54581866414456,87.76408914737033,86.73226986172318,87.14896392822266,261.171732530431,261.171732530431,256.38698503756245,256.6456298828125,416.80999755859375,428.0,414.5899963378906,415.1099853515625,438.0,439.7300109863281,433.4299926757813,437.3200073242188,414.9168870585785,414.9168870585785,406.7487217662281,407.5138854980469,998.030029296875,999.0,950.760009765625,953.989990234375,219.54859611049605,223.87384226456612,219.54859611049605,223.58416748046875,73.01046480878216,74.32381715102522,72.6423329405082,73.66714477539062,109.5500030517578,109.5500030517578,108.2300033569336,108.80999755859376,38.27523285435763,38.71812008131734,37.97997595451621,38.334285736083984,168.74058348547453,169.30535619233973,166.52108949161772,167.65065002441406,527.1638625744546,529.4602081214535,524.8375352847831,526.3451538085938,243.0692422427694,245.87496016267377,242.13067142923205,243.80810546875,90.0,90.37000274658205,89.13999938964844,89.8499984741211,950.180109781205,950.8893481039848,938.2033528758352,943.6573486328124,142.85649018451403,144.31481806615707,140.981499356347,144.1164093017578,46.30776372094358,46.43694953516832,45.47303132040073,45.50284576416016,200.3217806808209,201.88998612293432,198.9733108604717,199.8023681640625,324.2244383962056,325.1928102029148,321.83846897533306,323.0164794921875,232.0200042724609,235.44000244140625,231.19000244140625,235.00999450683597,167.41729477175485,171.16706505766285,167.28798711467005,169.32699584960938,270.4748484879749,272.8159204157401,269.88958050603367,271.24859619140625,165.05838484425388,166.08567153358896,162.43088100158144,162.7272186279297,220.51091255098763,222.9148949587576,218.89171034195968,221.78244018554688,60.635172902905495,61.35039515958969,60.58550526957149,61.22126007080078,36.52873982225617,36.865684393817645,36.1818830036524,36.776493072509766,22.14495396405013,22.24390409483998,21.788736135450154,22.08558464050293,144.64670591256592,147.77640781491758,143.65679142482674,147.05648803710938
2025-01-23 00:00:00-05:00,56.52729001678525,58.61466519548615,56.4085778274816,58.50584411621094,117.58532061445617,122.66181148688965,117.23693592173656,122.65185546875,331.8086175572468,334.93371199673885,329.082919961802,334.1349792480469,245.30135616969127,248.30484760291563,240.7364571047798,246.69371032714844,197.9120626387185,200.06958147081755,194.9754423241231,197.7522430419922,263.069633644008,265.2263324385344,262.19501594031266,264.3219299316406,121.84447180206062,124.38207743651768,121.68587570389138,124.33251190185548,525.6236859899626,529.2183093336077,517.1100819956463,527.515625,222.2604830136436,224.8665460237952,221.5642124298475,224.45872497558597,95.28681007877456,96.32781976288234,94.40443361146528,95.80235290527344,21.690000534057617,21.75,21.350000381469727,21.56999969482422,25.58699312562423,26.04934872324148,25.42959539552776,26.01000022888184,441.1155043659929,445.8559990396093,440.6165049266649,445.8160705566406,356.323057012901,361.5272613244368,355.88522569502453,361.4675598144531,97.47097719551424,97.50081403564424,96.49626408474688,97.46102905273438,237.69076108724445,239.6747478583497,235.4076611099876,239.55511474609372,147.18863922893897,147.63469240436288,145.3251107070973,147.31748962402344,575.4633649609297,576.1727260190517,562.1746149530037,574.3642578125,441.2481108885844,441.66672791746186,438.9657158271926,439.3643798828125,92.70542225691736,93.55309295654295,92.06717554601094,93.55309295654295,61.34728435361232,61.52596606949709,60.92043400863789,61.07926177978516,87.17873357070665,88.62724691109878,87.10928456018698,88.5478744506836,256.4466704310363,260.12725947671674,256.4466704310363,259.9482116699219,416.05999755859375,420.7300109863281,408.9500122070313,412.3800048828125,435.8800048828125,437.7300109863281,432.489990234375,437.2799987792969,408.9746312178814,412.0749515272964,406.1724069670128,411.77685546875,957.8099975585938,985.0,953.9000244140624,984.8599853515624,224.493183388126,226.78066167492807,222.0558606945357,223.41436767578125,72.97066544980869,74.12482748110136,72.00555662278154,73.91588592529297,108.5,111.06999969482422,108.48999786376952,111.04000091552734,38.61970275414578,38.77717335260285,38.46223215568871,38.56064987182617,168.89912440523534,169.12701408884598,166.93724414751057,169.10719299316406,528.2121668470165,533.5037614051516,527.8427576662551,533.3739624023438,244.55695899051665,245.4755712178685,241.431736408502,245.28585815429688,89.76000213623047,89.77999877929688,88.23999786376953,89.7300033569336,940.6506651880444,942.3488011024386,935.4563922013411,941.1201171875,144.2850571810307,146.7354440167291,143.66005519385354,145.47552490234375,45.76121497000898,46.595947395508766,45.76121497000898,46.099082946777344,199.75242873857272,201.7102050652224,196.59603624015023,199.35289001464844,323.21615432486766,327.958175225332,323.0264710515439,327.6586608886719,234.1000061035156,235.5200042724609,231.50999450683597,235.4199981689453,169.46624549654965,173.44479322844126,168.47160856357672,173.42489624023438,271.2485958237704,275.7720485873924,270.1375765868112,275.65301513671875,161.87772548049745,164.44594974016488,161.3245699498724,164.11997985839844,222.45794398052067,224.5440368652344,221.6731637951389,224.5440368652344,61.3901313441744,61.90668307225272,60.97291867307126,61.81727981567383,36.93505546082916,37.19271718091511,36.57829017116045,37.13325881958008,22.10537567219395,22.422014589864567,21.986635134409063,22.293380737304688,145.0366680027998,147.2164602628041,143.706788444335,147.2064666748047
2025-01-24 00:00:00-05:00,58.47616627099333,59.35662223026887,58.46627138729787,59.03015899658203,122.02475446946671,125.0905549297592,121.6166488595474,124.45350646972656,335.77238752036175,338.1187068444964,331.2694837001088,333.356201171875,246.12681341566883,249.13030477220195,244.3665024279661,247.41970825195312,197.87211722888603,200.66888399183227,197.77222616967975,199.9796905517578,262.07573514391106,265.46486331834507,261.39990527266883,263.2186889648437,124.49111311657428,126.29519580053842,124.43164052264636,126.16632843017578,525.8626570449694,532.3549311730676,522.2780008570015,530.2439575195312,223.80223738174027,225.94078602347489,220.1020391761573,220.330810546875,95.96099038782503,96.26833280397426,94.59281287033498,94.73161315917967,21.36000061035156,21.40999984741211,20.75,20.82999992370605,26.020000457763672,26.200000762939453,25.959999084472656,26.09000015258789,444.2691915941594,445.7562002010948,440.5167060042179,443.17138671875,360.3531083289761,362.2039159607496,358.3729069300734,360.6217651367188,97.26211317812066,98.47552861624888,97.0930326893873,98.27660369873048,243.96177673339844,248.83702378775865,241.18020040463705,243.96177673339844,147.5157516458345,148.00144761523111,146.83179637253747,147.8131103515625,572.9055052060421,577.0819658253369,571.3168219090684,574.3342895507812,441.3976021919338,441.8959398610676,437.5803490294611,437.7896423339844,93.28383574001376,94.7498112699213,93.204052999005,94.50049591064452,61.26787208819746,61.55574481872562,60.989920649864665,61.46640396118164,88.40897847649977,89.58961925204305,88.12125897786424,89.48048400878906,259.5304144588692,261.59951261922737,258.0184045396673,260.8236083984375,414.4500122070313,418.8800048828125,405.7799987792969,406.5799865722656,437.2799987792969,441.8800048828125,434.7300109863281,435.3800048828125,411.4787207608222,412.3929325304251,408.1697332773659,411.8861389160156,984.4099731445312,986.280029296875,967.6799926757812,977.5900268554688,224.53312753788663,225.38220009721184,221.16683361690275,222.5353240966797,73.69699071790038,73.87608455986627,72.88112045804989,73.19950866699219,111.16000366210938,113.38999938964844,110.62999725341795,112.16000366210938,39.47594818537474,40.03693741689206,38.74764433417244,38.91495895385742,167.76956330882948,169.5431658303862,167.7001970337022,168.74058532714844,532.1459334145752,535.2110789952972,531.3072977859962,532.6451416015625,245.2259515726676,247.1530048246421,244.64683309791343,245.42564392089844,89.58999633789062,90.02400207519531,88.83999633789062,89.11000061035156,941.120126655818,944.995849240965,932.5296427216924,938.6428833007812,145.64416823342518,146.45766381729024,145.21759016209438,145.6540985107422,45.94008538645481,46.56613563844172,45.86058904774407,46.22826766967773,199.6225872950207,202.33949329722083,199.5566528889042,201.6702423095703,327.468963632298,330.5338137953275,327.2593249320077,329.64532470703125,234.5,236.3999938964844,232.92999267578125,234.8500061035156,174.16092036046777,174.26037494035455,171.01786423852758,171.18695068359375,274.0460024631764,275.1371626075238,271.30811201109634,273.2127380371094,164.88223719912853,164.88223719912853,162.18901822532212,163.1033172607422,223.77914656857,225.3089480368353,222.318873951778,223.312255859375,61.64840910291234,61.87688324985894,61.44973477835951,61.81727981567383,37.02424821259379,37.3017306573087,36.944965353866806,37.28190994262695,22.31316961370617,22.55065069310251,22.30327629877177,22.48138427734375,148.35634349735062,148.95629439391405,141.86695041120194,142.60687255859375
2025-01-27 00:00:00-05:00,59.96008256692307,60.44482620779707,59.228015889910814,59.95018768310547,126.14566619163632,129.1616864081171,124.89147377731108,128.8332061767578,331.838584122733,352.595977622281,329.9815166875583,346.55548095703125,249.25959943004972,255.43563562843133,248.63303931486223,253.02886962890625,192.18865606918456,196.65351502081776,190.5105808080997,191.5893402099609,262.5528260284476,264.341794714668,260.6545149646572,264.2225341796875,128.03978750767433,130.21062788248173,127.50451905066323,129.28875732421875,537.6821177143137,549.5613427934767,537.6821177143137,541.2070922851562,219.07751266534888,224.6675900840315,218.9283172521513,224.50845336914065,95.80235793572211,97.7753189619982,95.1579312597726,97.10114288330078,20.809999465942383,21.059999465942383,20.13999938964844,20.290000915527344,26.239999771118164,26.96999931335449,26.18000030517578,26.86000061035156,423.1615229666917,434.3291330844904,422.6525337820519,433.6903991699219,357.5470015703365,372.0053044492813,357.15891138533453,371.3087463378906,97.9881617566534,99.78839609672896,97.5704308399014,99.48006439208984,212.7562075400529,217.7710317894548,195.6380079225475,201.5202178955078,149.5973414720186,154.10746848295705,149.57751251618407,153.2550048828125,579.1701721369757,583.5964825417135,572.6457215669762,583.1468505859375,436.88263810622993,439.9324620263965,433.5437698386678,438.02880859375,95.63737052268736,97.1930958840207,94.56032637630236,97.13326263427734,62.40944794678594,63.70985297152916,62.01238039852861,63.402122497558594,89.94678530364205,91.75246713896571,89.63921891316492,91.7326202392578,261.7487169044832,267.7769028048812,261.61939447588884,267.0109558105469,394.7999877929688,406.6900024414063,389.0,397.1499938964844,430.2300109863281,445.4500122070313,430.1199951171875,438.6000061035156,412.2836051757742,423.5024181279069,411.3892867044865,422.1907348632813,971.0999755859376,982.27001953125,960.260009765625,971.8900146484376,223.7739617116392,231.89502211760887,223.73399710835045,229.6075439453125,73.07016408384416,75.46802355685259,73.05026055140263,75.19938659667969,111.68000030517578,114.08000183105467,111.45999908447266,113.33999633789062,39.51531419805436,40.16488083192728,39.41689273571308,39.99756622314453,171.07897109414515,175.8251028302659,171.00960482087763,175.28013610839844,532.7350341159337,547.1221874741692,530.8180307725759,546.7727661132812,247.14302709062804,250.37808276469823,246.08464392636805,250.20834350585935,87.54499816894531,90.29000091552734,87.38999938964844,90.23999786376952,928.9735375843776,965.922701114742,926.1566427671804,964.1846313476562,147.27114402343025,152.23143863612657,146.82472053581114,151.67588806152344,46.25807848952744,46.84437867888416,46.08914639992415,46.79469299316406,193.96901973467803,198.44391735433533,192.48070982544093,193.54949951171875,329.44564538874334,334.9264131946269,327.49890893401204,333.97802734375,226.2100067138672,235.6100006103516,225.8600006103516,235.4199981689453,171.17701165051764,171.27646623149198,166.38285464510125,170.26193237304688,275.1470757475292,280.9601278390033,273.9666103127332,280.682373046875,165.68721881627565,168.88727305654075,165.08099698406977,168.6090087890625,220.7195346184133,222.81557110810272,218.385081007454,222.64669799804688,60.98285254115727,61.05238798845866,58.37029399881265,58.688175201416016,37.23236036457507,38.05490301903623,37.22245189735684,37.88642883300781,23.25319295225971,24.11405667069895,23.10476869385759,23.88647079467773,124.78852130861458,128.3881809500624,116.68926041493282,118.40910339355467
2025-01-28 00:00:00-05:00,59.63361869674503,59.94029593736656,58.1101349249349,58.12991714477539,129.15174664564765,129.2512916394378,126.08594613580176,126.80262756347656,354.2134182790483,366.5140977126919,349.91018233666136,359.38531494140625,252.611169977249,254.87870210002413,247.44954561146784,247.79763793945312,192.52826307792665,195.2551182563093,190.4606370613745,195.0753326416016,264.22252729273976,265.69344762683505,263.2087521103164,265.504638671875,128.25786485426764,129.94298719655708,127.19723498820088,127.83163452148438,540.6992215021606,544.1743600241764,535.5512395415564,540.1714477539062,223.52372002797395,223.52372002797395,218.9979385988937,219.52511596679688,96.51619157421489,98.0330858485398,95.7626988887812,96.6153335571289,20.34000015258789,20.34000015258789,19.739999771118164,19.799999237060547,26.780000686645508,26.86000061035156,26.489999771118164,26.75,433.73032267022137,447.4827461239755,430.51676503368185,446.30511474609375,370.16443440499313,380.1349816253966,368.92060230013766,376.5229187011719,98.40589990667452,100.1365048328401,98.0577832224276,99.8679656982422,207.38246902715304,209.31661886053675,198.28998715193356,206.73443603515625,152.7990267153941,153.25500194046387,148.80434675741563,148.93321228027344,595.3965007774992,596.4955469060035,578.5207578546012,583.7962646484375,438.5371351498922,438.9457756757613,433.7929509546588,434.0620727539063,96.96372632285114,97.5720487585426,96.46509563800537,97.0235595703125,63.04475639662816,63.57087646135838,61.8237672050419,61.90318298339844,91.73262068607912,92.34774590065516,90.94883467003648,91.25640106201172,264.85234058890927,265.5486781343479,262.22618449941564,263.0220031738281,396.9100036621094,400.5899963378906,386.5,398.0899963378906,436.2699890136719,445.80999755859375,431.6400146484375,442.8399963378906,420.5710060935029,420.5710060935029,414.0722696738507,416.1888122558594,966.7100219726562,977.9299926757812,957.2999877929688,971.8300170898438,230.59647127201652,239.9262098046868,230.55650666713984,237.99832153320312,74.95064956861373,75.21928654308981,73.78654336092758,74.015380859375,112.8499984741211,112.95999908447266,111.55999755859376,112.13999938964844,39.95819940776397,40.16488261063623,39.71215137260681,39.7613639831543,175.18107287259934,175.53777701325322,172.13917712881965,173.20928955078125,545.6745162785815,550.6765925498833,541.8006554949128,546.4932250976562,257.2775699274174,257.83671458349784,246.8135204887297,247.4625244140625,89.76000213623047,89.83000183105469,86.87999725341797,88.19000244140625,960.7684238208012,964.6441462555778,953.0169789512476,957.6118774414062,151.44771460368926,151.75525043924222,149.1064550050576,149.18582153320312,46.78475743258864,47.14249664469899,46.417075018081725,46.54626083374024,194.42848935993928,197.00555524376668,192.3908175111636,196.8457489013672,334.1078351309964,337.262500156339,332.330826391565,333.91815185546875,234.2899932861328,241.7700042724609,233.97999572753903,238.1499938964844,169.3070902401831,172.55955707412173,168.8992854785702,170.6299591064453,277.88496824544865,281.22795532217657,277.726246895399,278.0535888671875,167.86365886351376,168.53943919672227,165.0810009574888,165.16050720214844,222.83543682289047,224.2758375575713,220.30230992655945,224.16656494140625,58.62856986559287,59.16498940401927,58.52923080881157,59.03585052490234,37.60894640929375,37.82696671196363,37.13326059381201,37.21253967285156,23.807310384313784,24.32184956023891,23.66878133207117,24.143739700317383,121.79880142784783,128.9881430022562,116.23931491482392,128.9781494140625
2025-01-29 00:00:00-05:00,58.44648995972754,59.0994126621591,58.17938470321566,58.41680908203125,127.56908182986976,128.70382489532315,127.0415191817056,127.2704620361328,358.197183326013,359.61493855219146,350.9485631393174,353.44464111328125,248.33467485100897,251.606694123118,247.6981748819436,248.1855010986328,195.33503253066368,196.5636133163606,193.20747792712064,195.18521118164065,265.574176662941,269.0229351176284,263.98396552868303,264.9480285644531,128.1785668638556,129.58614039785272,128.04969949181302,128.45611572265625,539.4246772181264,541.1672301857781,531.7375584416036,535.8101196289062,219.77378676927003,221.61394450872064,219.4753807604997,219.87326049804688,96.58559013808568,98.30077591421892,96.55584830010304,97.43822479248048,19.8700008392334,20.07999992370605,19.65999984741211,19.75,26.799999237060547,27.06999969482422,26.56999969482422,26.6200008392334,445.796115104224,445.9857373249504,439.51869372032735,441.44482421875,377.99559956690814,380.0155817070182,371.33860765797016,372.572509765625,102.14560248834712,109.48576867648964,102.12571379103012,107.99386596679688,208.2099563218862,210.81208293848584,202.15827654320768,205.72747802734372,149.8055035914717,150.6678740833767,148.91338210409918,149.05215454101562,574.464231853684,576.5424915186815,566.2212023516926,567.7498779296875,433.7730323698891,437.5603864053226,433.0454484391995,436.86273193359375,97.1631784565711,97.9011497618129,96.95375447569845,97.23298645019533,62.1017207661784,62.89585964313663,62.09179190016794,62.36974334716797,91.8020716438142,92.24853606639336,90.64127776998264,90.69088745117188,263.8078648134696,265.2005095479469,260.0377516315739,260.3560791015625,395.2099914550781,398.5899963378906,384.4800109863281,389.1000061035156,439.9200134277344,444.3599853515625,438.8299865722656,441.6799926757813,417.5700643556455,418.7128063097853,409.1932318062238,410.8129577636719,980.0,987.6400146484376,968.22998046875,978.1500244140624,233.8628715636517,239.5965730646729,233.75299176206667,239.0971221923828,74.07507284410427,76.72168094501956,73.94573024623735,76.19435119628906,113.5,114.37999725341795,112.76000213623048,113.19000244140624,40.17472178360205,40.23377466201024,39.416893405474354,39.64325714111328,172.90213126790303,175.29996989870568,172.70396565989068,173.65516662597656,546.1337708705929,549.7380394498185,545.6345626705283,547.930908203125,234.66206540764256,235.3809700560756,222.66036777549385,223.3892517089844,88.16999816894531,89.41500091552734,88.16999816894531,88.76000213623047,956.7428878430616,967.1913653504388,953.9459903267616,962.9560546875,149.30487475678308,150.67392097732838,148.80884527254128,149.94970703125,46.456825256347656,47.09281113461646,46.34751447274992,46.456825256347656,197.14539841120728,198.2341696318412,194.96788645279017,196.9556121826172,333.93810913859164,336.5437102542276,333.93810913859164,335.3157958984375,239.0200042724609,240.38999938964844,236.1499938964844,237.07000732421875,170.62996273036444,172.55956073902254,169.30709383600652,170.7891082763672,277.7857759093463,280.7716627853372,277.0715449390197,279.42254638671875,165.68722642022453,166.25368757492163,164.85243357947832,165.20025634765625,224.1268235665821,227.95135001533376,222.24933234722155,227.11691284179688,59.55240466418084,60.13849186003895,59.11532037543383,59.15505599975586,37.351282387787045,37.49002739737178,36.91523798462277,37.02425003051758,24.450483267817106,24.71764805613966,23.94584118407465,23.97552490234375,126.48836708502724,126.87833061040897,120.03896327722832,123.6886215209961
2025-01-30 00:00:00-05:00,58.65423718318485,58.71359139094045,57.95185138359892,58.50584411621094,127.39986087620215,128.5943324661185,126.6035540771415,128.21607971191406,340.36518121738453,347.4540486486976,339.4665992544747,343.031005859375,248.01644135248569,250.25413877054984,245.71907443133023,248.5534820556641,197.7722225159478,201.16830508891937,197.4426003161396,200.638916015625,266.98549686081526,268.048953778913,264.9877920392538,266.58795166015625,128.92199854428475,129.34824399527156,127.92084128775493,129.1797332763672,537.1742739354694,544.7817767521353,532.7233250460725,543.2483520507812,220.8679388038138,223.5038256838638,220.4004395945128,222.8672332763672,98.55855239186678,98.55855239186678,97.38865884377496,98.10248565673828,19.71999931335449,20.100000381469727,19.43000030517578,20.01000022888184,26.65999984741211,27.01000022888184,26.57999992370605,26.90999984741211,417.9319804505241,422.0137922192137,412.33322134699057,414.1595458984375,376.1348157996656,384.0057887372904,374.8611329820078,378.8712463378906,108.4115982055664,109.74436099988134,107.44683322760515,108.4115982055664,217.91062416162004,221.29039658304845,213.05530565889228,215.0093994140625,149.9541793708899,151.73840717806505,149.30988202735543,150.56874084472656,590.1009185863675,610.4537010569842,589.5014499798206,606.227294921875,437.5404663163552,448.1750053841744,437.5404663163552,444.89593505859375,97.42246702067996,98.659069006244,97.15320218628662,98.3798370361328,63.38226728189863,63.81904649900702,62.76681013304467,63.58080673217773,90.9984466756906,92.08979154222398,90.74048995726012,91.26631927490234,262.26596699075094,265.16069462988526,261.0722845881669,262.6141357421875,410.7799987792969,412.5,384.4100036621094,400.2799987792969,439.6700134277344,448.4200134277344,439.2300109863281,446.0,413.7840979840535,414.688363110195,408.9249200521169,411.8861389160156,986.75,994.5900268554688,970.010009765625,973.239990234375,238.40787147181928,240.52553823889048,236.94948349745044,237.3290557861328,76.46298904757654,78.37331828477059,76.46298904757654,77.93553924560547,114.08999633789062,115.18000030517578,113.12000274658205,113.43000030517578,39.71215191362816,39.71215191362816,38.54096460190657,38.84606552124024,174.3982843122122,174.50727765530254,172.38687407805355,174.0415802001953,554.1211335559316,576.026393056926,553.6519070716907,565.1137084960938,224.65732363386545,228.64125232443723,221.0028941795559,222.74024963378903,89.51000213623047,90.9250030517578,88.83999633789062,89.56999969482422,969.2290954242242,985.6609522228664,969.0293039649504,977.9295043945312,150.70368349070762,152.91597078059664,150.15804802343848,151.6560516357422,46.8145670447987,46.87418835010376,46.10902046634064,46.4270133972168,199.53266972822976,203.00672387191645,199.24500307805343,202.3994140625,338.939692876135,343.861404034414,338.4305398368944,342.4737243652344,237.13999938964844,237.9499969482422,232.22000122070312,234.63999938964844,171.4157240934363,172.60928536861212,170.0530763621648,171.00791931152344,282.7159313218005,283.40040389315664,279.382873820416,281.7437744140625,166.4424985453589,166.5617654867159,164.90209737943576,166.37294006347656,248.34547265854357,260.067366841783,245.37525534873765,256.56072998046875,60.06895446777344,60.67490945617812,59.85041233047403,60.06895446777344,34.11066675211191,34.36833225750396,32.20792354497694,32.9511833190918,23.91615496236276,23.975524284688262,23.530251536271862,23.767730712890625,123.08867408422284,124.9885008224628,118.08913405132432,124.63853454589844
2025-01-31 00:00:00-05:00,58.54541580525997,59.58415594740119,58.04088239915635,58.3178825378418,127.77809972687416,128.16630088601906,127.09128638065742,127.3401336669922,347.454044565844,348.95169130966224,339.5664444756745,341.1639404296875,247.31031279427148,250.6618813497213,246.30584076610023,246.43511962890625,201.76762828746985,205.24362078448016,201.56786140671957,203.78530883789065,267.58184326396173,269.1621059891946,265.3257202998397,265.66363525390625,128.85262168056923,130.012382624175,128.37681068426068,129.06077575683594,540.9282659407606,546.8230567285451,539.1060363758421,540.1814575195312,221.66368893920733,224.7471773282571,221.3652829202514,222.529052734375,98.2512028730499,99.20297952550966,97.73566002281903,97.97360229492188,20.100000381469727,20.32999992370605,19.3799991607666,19.43000030517578,26.959999084472656,27.01000022888184,26.420000076293945,26.520000457763672,418.141600337115,419.84816997012905,414.0797374049759,414.22943115234375,378.8712491998996,385.0904095610273,377.7667408959204,383.050537109375,108.411598465137,108.76965572767496,106.91969573396538,107.09872436523438,218.99733445880224,226.1157939339088,215.64747028153116,220.60247802734372,149.4387329025451,150.36059024133135,148.95303694587471,149.36935424804688,599.3631379197876,604.5387537862742,596.4955677908367,597.2449340820312,442.9424500255282,446.6799823989793,437.1816680105602,444.63677978515625,98.72887786347115,98.72887786347115,97.43243500974248,97.89118194580078,63.23336993008949,63.46168462339861,62.92563945471481,63.01498031616211,90.99845110831488,91.37545896948184,89.93686897116379,90.10552978515624,260.90318892872926,262.7932090173561,258.24719144123264,258.6749572753906,401.5299987792969,419.989990234375,401.3399963378906,404.6000061035156,446.9800109863281,447.010009765625,435.8299865722656,437.4500122070313,410.5645478018538,413.7542969302292,407.7325139438907,409.3820495605469,974.0,990.2899780273438,974.0,976.760009765625,246.9185272875337,246.9185272875337,233.1836281545949,235.7408142089844,77.71664674336665,78.46286982110402,76.37344672163411,76.51274108886719,113.3000030517578,114.01000213623048,112.76000213623048,113.05999755859376,38.944481233956665,39.30863126100999,38.65906462289558,38.76732635498047,185.5849249749802,190.01399506395944,181.9881595032284,182.21604919433597,562.927143279935,564.6443902414792,553.7616880190743,554.5504150390625,222.95991677610817,227.1535171220201,222.03132524516732,222.40077209472656,89.56999969482422,90.4000015258789,88.54000091552734,88.58000183105469,975.1625257417544,989.9062450597514,974.7030724576828,978.7985229492188,151.4080261011689,151.9635766691207,150.8524755332171,150.94175720214844,46.40714044619184,46.53632626477037,45.87052592973477,46.009647369384766,203.48317837651163,206.8443546537246,203.34833748699367,205.3660430908203,345.88799878867474,350.6599680967191,341.13598491663447,341.225830078125,236.5,240.2899932861328,236.41000366210935,237.67999267578125,171.58480254978608,175.8418471781765,171.36598122222782,172.00254821777344,279.9185141449517,284.3923792847225,279.72013517117296,283.132568359375,164.97167880962513,165.58783323936123,164.18657929961512,164.9617462158203,254.3554260388105,255.53755293746843,250.2229688113624,254.00775146484372,60.12855415394805,60.78417677689596,60.05901870828672,60.198089599609375,33.16920705571661,33.70435121447572,33.00073287616279,33.35749816894531,23.757835819774368,23.886469667702706,23.41151130829795,23.480775833129883,123.76861793270326,127.838243414871,119.1790436181177,120.0589599609375
2025-02-03 00:00:00-05:00,58.1595982060372,59.66329976276194,57.92217005548384,59.307159423828125,126.06603874708216,128.35542926062678,125.4289902916422,127.85773468017578,335.442935099346,340.9243126961385,330.7403326281618,338.7077941894531,240.9055189872754,245.3411390634093,235.77374461500315,241.6912078857422,200.45913255035472,203.5156099470352,199.8698149328218,200.99850463867188,260.2271114687441,266.528325843888,260.0979327827093,265.1766357421875,127.78206890641532,129.89342158017925,127.12784013413786,129.24911499023438,539.6935351033433,551.5528257110147,538.7674999837628,545.8472290039062,221.315545694656,222.111290018059,218.49066776525785,221.2260284423828,97.28950944830768,99.29221229404088,97.1606256271658,98.93529510498048,18.96999931335449,19.75,18.780000686645508,19.3799991607666,26.299999237060547,26.46999931335449,26.149999618530277,26.200000762939453,410.7763492208031,414.57872255523336,407.8422300476431,410.09771728515625,379.2593404593911,384.7520919738164,376.6721636684177,383.3092346191406,105.149302921388,107.85462101635456,104.95037800957604,107.57613372802734,214.80999459548715,220.27345795729445,212.8658652972374,217.07313537597656,148.44750862952708,149.8055123325857,147.52566634302025,148.9530487060547,592.6288197841142,599.9026365923881,588.8619858573612,593.248291015625,443.550417967538,453.2979014139976,438.995604439614,452.6998901367188,96.50498425506848,99.51671800389842,96.20581039420182,99.26740264892578,62.71717625749673,63.16388054728714,61.97267037009696,62.885929107666016,89.55985332820973,90.4924608823385,88.5478808772801,89.81781005859375,254.6959419191577,257.3220676120995,251.05515122614787,255.1535186767578,386.6799926757813,389.1700134277344,374.3599853515625,383.6799926757813,437.7999877929688,442.739990234375,430.8800048828125,438.6000061035156,403.5589759851262,409.3025257157797,398.4812145339066,406.1823425292969,973.0,987.6900024414062,964.3800048828124,978.9400024414062,229.73741895869952,231.5753945205246,225.45212191586603,227.75958251953125,74.52281569008221,76.30380241365167,72.8512756293168,76.20429992675781,111.3499984741211,114.5999984741211,110.86000061035156,114.0,38.688592670121125,39.485785865578976,38.53112208483607,39.34799957275391,181.50263574424096,189.90499630052116,180.48206853859304,188.3989105224609,551.764858657394,564.1052708420794,550.1973375833188,563.0569458007812,217.66797939543545,219.6050271543488,213.70402460686728,213.9336700439453,86.5,89.70999908447266,86.0,89.51000213623047,971.3168140540254,1008.495706080816,967.8706095322804,1004.7199096679688,150.79295871214893,151.25922762443935,149.5826455956867,150.6639862060547,45.13516504722666,46.18851905124527,44.82711151276102,45.92021179199219,201.98487391595285,204.9864590771122,201.4305128266564,202.40939331054688,339.428844237868,345.4187650185363,338.67011118976336,345.23907470703125,234.05999755859372,239.25,232.8999938964844,237.4199981689453,167.97428902234302,171.65444261540506,167.1586794575853,169.32699584960938,284.61061764914683,287.2592024857605,281.12873819357526,286.5549011230469,164.4449564806379,168.33073866055767,164.2064377607049,167.71456909179688,250.72959748460897,260.3256707352838,250.17330601926068,259.0044860839844,59.79080886088026,60.85371214538118,59.15505405027009,60.63517379760742,32.81244455013474,33.476421516669035,32.74307393513608,32.8917236328125,23.441197453031904,24.1734254124632,23.42140704910535,23.99531555175781,114.7394486968032,118.55909714130068,112.99961082645434,116.64927673339844
2025-02-04 00:00:00-05:00,58.238738022621696,59.20822906454659,58.10023984145991,58.48605728149414,125.85700669622756,128.60427528544938,125.4190330395908,128.50474548339844,345.0777868508545,346.3857292867263,338.1387082849941,343.6001281738281,241.3630104862016,244.18747815684063,241.0149181627303,242.1685791015625,203.1560274761925,206.81182081300247,202.57669285659676,206.14259338378903,268.18807554792284,268.18807554792284,265.19649261959887,266.2997131347656,129.85377822668272,130.02228894827942,128.77331912188615,129.24911499023438,542.8799090918903,546.4745321212367,539.2056094860811,543.1288452148438,223.37452920597565,224.4985034324602,221.9222947057701,222.3599548339844,88.23771197866259,90.44861528114076,86.58201740072674,89.96280670166016,19.100000381469727,19.530000686645508,19.020000457763672,19.290000915527344,26.100000381469727,26.920000076293945,25.600000381469727,25.8700008392334,411.8641667609186,413.09171636714575,408.9200578355856,411.5447998046875,379.627522484138,390.5135436015207,378.6722375540421,389.6876220703125,108.08337088517406,110.47041661460597,107.5462850269362,110.0029525756836,218.68826216453937,222.3571528900999,214.6504773252172,221.7589569091797,144.81959437218651,146.45512782066663,141.74675653709193,142.2324676513672,585.0952457522568,591.3599065881455,576.3625791921826,580.0794677734375,454.4241578391618,457.3045337609983,451.3244817093353,453.2879333496094,99.69622164304504,100.67353353730296,99.41698967325706,100.49402618408205,63.14402727613599,63.16388122108877,61.89325525138021,62.21091079711914,89.15308041520511,90.39324678246606,88.9943354868958,90.2543487548828,254.6064050147427,256.8744502756989,253.78076022130588,255.87969970703125,382.6300048828125,394.0,381.3999938964844,392.2099914550781,435.4299926757813,443.5799865722656,434.260009765625,440.2300109863281,406.9276164840489,409.9782338433231,403.52916985440993,408.8951110839844,980.469970703125,1008.0,978.510009765625,994.8699951171876,227.00041910872287,232.87396618357337,226.40107197135944,232.54432678222656,77.1594707250291,77.76639944694362,75.6570727748002,76.33364868164062,113.8000030517578,114.66000366210938,112.51000213623048,113.3000030517578,39.151162447950746,39.24958391539263,38.97400756095047,39.18069076538086,185.91189940697632,189.3996563029597,185.33720858320189,188.2106475830078,569.9759905474125,571.094212101622,556.6970638872958,558.224609375,210.17940003101293,214.82231179971103,209.72009392587827,214.6825256347656,82.26000213623047,82.69000244140625,77.37999725341797,77.7249984741211,1004.2903833457076,1023.219419813432,998.5467295123956,1020.732177734375,150.15804301895218,152.9556413815736,149.75129521712418,152.27113342285156,46.059333099532616,46.83444422095659,45.97983675856152,46.41707611083984,204.2672790849399,208.46249643839943,204.02754671792732,207.4736328125,344.0211265388908,345.4287615930734,341.9645894865905,344.5701904296875,239.00999450683597,242.5200042724609,238.02999877929688,242.05999755859372,167.59630911711798,172.85793137237138,167.59630911711798,172.11195373535156,283.2912715003769,288.1520257965866,282.23976904824224,286.7037048339844,168.24128831179027,168.24128831179027,165.24993989354346,167.08848571777344,258.2793028938387,263.49455804842586,256.4117400070317,262.70977783203125,60.43650164011008,61.18152754603383,60.327230567604296,60.93318557739258,32.38630530926039,33.3079477064411,32.31693470133622,33.24848556518555,23.955734743904703,24.1734254124632,23.81720569105243,23.99531555175781,116.94924444838958,121.1888524384042,116.68926621972048,118.63909149169922
2025-02-05 00:00:00-05:00,59.0004835733449,59.712764268006616,58.59488012750532,59.069732666015625,128.83321711959374,131.8890692600677,128.3554345554131,131.4510955810547,345.1776308836324,347.4939985481554,338.3383711647812,347.3841552734375,242.89458595335688,243.88911811649183,241.67131564180067,243.14321899414065,190.85021363044223,192.52827375908595,187.81370210065404,191.1099090576172,267.263791148507,268.9832113583836,266.687324805673,268.77447509765625,129.655536072078,130.3692374640105,129.16981800317774,129.83395385742188,528.4715006292654,538.3991056788187,519.689026155006,537.5128784179688,222.3599602203188,223.01645042854275,218.08284774220024,221.16635131835935,89.61580428197692,89.96280500072477,87.2462753630365,88.90196990966797,19.190000534057617,19.770000457763672,18.90999984741211,19.649999618530277,25.950000762939453,26.690000534057617,25.700000762939453,26.440000534057617,411.5248607564065,413.0018796658512,409.5787506797878,412.4629821777344,388.8915813008495,396.3844247520419,388.49356109717695,396.284912109375,109.58522520244657,111.81313108077546,109.26695293411385,111.64405059814452,233.2342443813465,237.2121974791135,226.81367035569812,231.3000946044922,142.1333281752771,144.51228850416803,141.44937292132917,144.38343811035156,589.1218124635642,589.5914470618899,577.4117442165187,581.887939453125,451.89256852004496,453.5570296305013,449.4108567914417,452.1915893554688,100.37436445868798,102.2990793230716,100.26466509269972,102.17940521240234,62.26054811921201,62.82637230187841,62.131499369221466,62.65761566162109,90.55197970374589,91.3456891676457,89.96662484038492,90.96868133544922,257.55088239138973,258.078098996942,253.53208145324092,257.1131896972656,387.510009765625,388.3900146484375,375.5299987792969,378.1700134277344,440.75,444.9500122070313,436.2699890136719,437.6300048828125,412.532048866318,412.532048866318,405.5662747022258,411.21044921875,987.72998046875,1011.8300170898438,986.6799926757812,1011.1099853515624,228.2790158263464,232.4144684638066,228.0193068583431,232.21469116210935,75.91576451432098,76.40329480200936,74.02533118999163,74.19447326660156,115.6999969482422,118.58999633789062,110.2300033569336,110.54000091552734,39.49563217163086,39.672787059614464,39.18069098285892,39.49563217163086,188.7754383198261,191.6092502907832,188.18092639117972,189.99417114257807,560.461009134173,565.9722870382924,558.9134759367481,565.3931884765625,216.03048397919093,216.11036396732743,210.60874595549475,211.8069305419922,78.20999908447266,79.5,77.66999816894531,79.19999694824219,1018.8742511213208,1041.9387331150344,1018.8742511213208,1041.72900390625,152.59850722916462,153.50126932336892,152.09254750220512,153.4615936279297,46.68538175169437,46.83444259816581,46.34751378503061,46.81456756591797,192.88026299205453,194.32860987902825,189.69389069585745,193.0800323486328,345.41877306132073,348.89293816287386,344.6700329463034,348.8529968261719,237.0200042724609,238.32000732421875,235.1999969482422,236.1699981689453,172.0721775600358,176.05072501807132,168.98879720927664,174.91683959960938,288.36034798699103,305.74985744983707,287.19971130758216,305.3431396484375,167.0487288996629,168.09222749540515,165.57790130463246,167.96302795410156,263.9514880251149,263.9614315448036,259.4514693694389,261.55743408203125,61.04245456175518,62.29409637355585,60.89344786990858,62.15502548217773,33.24848856079731,33.64489531072044,33.010647535175394,33.63498306274414,24.20310986365517,24.32185040349192,24.02500188487532,24.21300506591797,121.74880228526035,124.98850212428792,120.74889426826606,124.81851959228516
2025-02-06 00:00:00-05:00,56.75482385856041,58.74327286188937,56.29975731680673,56.80428695678711,131.19229445746805,131.2918242605081,127.5491664829846,127.62879943847656,336.9505649903077,336.9505649903077,328.5837068417829,330.291015625,244.0184184514576,244.3963455393165,241.4425837245462,242.17852783203125,189.28200260132084,191.8790177044823,188.50290111861952,191.3795928955078,270.7821247588098,275.2843917423059,269.5298285346734,275.2048645019531,144.6630627416089,145.4957093148456,138.79486312383662,144.04849243164062,535.6010550764191,536.8058670957495,523.0347636120893,527.784423828125,213.85546613991772,214.0941939846468,205.08241136001877,208.7030487060547,88.64419708636038,88.80282273534937,87.08763704861535,87.29584503173828,19.51000022888184,19.700000762939453,19.21999931335449,19.3799991607666,26.420000076293945,26.46999931335449,25.780000686645508,25.82999992370605,413.1715497090401,417.36315732347487,413.1715497090401,414.9879150390625,393.2499735842205,395.9167423504239,384.0157651781026,385.4287414550781,111.4451320731426,111.70372307147788,110.45053029681188,111.09701538085938,233.79255971132287,234.09165771299317,227.8704770867264,230.6620330810547,144.9781698684315,145.61256029447387,142.69833920066296,144.07615661621094,581.4483172473515,583.576522474083,567.8897753176004,572.2261352539062,448.53379045139656,459.9756340086895,448.503891408614,459.14837646484375,102.24921313376484,102.73786910376548,101.66083254252952,102.5683364868164,63.15395247602265,63.27307614596719,62.44915446923845,62.89585876464844,90.5420707807838,91.21672160612864,90.04600422007067,90.10552978515624,258.7445507926067,259.24192606722926,254.3676696260925,255.6011657714844,373.0299987792969,375.3999938964844,363.1799926757813,374.3200073242188,437.6300048828125,439.9599914550781,434.3500061035156,435.3999938964844,412.2935492508798,415.1553926012793,410.3955902188422,411.54827880859375,1007.8699951171876,1016.3499755859376,1002.6099853515624,1015.6799926757812,231.0359788855247,233.54323203112875,230.1769227714588,232.9638671875,74.86109753043888,75.02029543174777,71.26927648512483,71.37872314453125,111.87999725341795,112.68000030517578,109.1500015258789,112.08999633789062,39.59404851265141,39.65310139139719,39.04289957420916,39.308631896972656,190.1427935072219,192.70908874365855,188.81506732129296,191.2030029296875,565.2335035760008,568.847766210675,563.6459946247969,566.2618408203125,212.6755913498409,213.98359372280223,208.7815373207536,209.6901397705078,79.68000030517578,79.73999786376953,78.11000061035156,78.56999969482422,1048.841058525781,1061.8267097265762,1043.047411523503,1049.8299560546875,153.56078875666262,153.61039472863249,152.16199722786286,152.29095458984375,47.14249492230395,47.679109407026026,46.874187679942914,47.440616607666016,190.7726596724356,193.6094241064717,190.2732286703268,193.0900115966797,349.192425458319,350.0609591256751,346.017774651323,346.89630126953125,238.00999450683597,239.66000366210935,236.00999450683597,238.8300018310547,166.9398527381953,168.5810127203696,164.5129362871894,168.41192626953125,307.0096691699053,307.0096691699053,294.73880992277714,295.3935241699219,168.32080194684804,168.87733049894229,166.9891064594417,167.83384704589844,261.2395823634525,261.6369290593994,251.05740275450768,251.76271057128903,62.40336908592139,62.49277234550457,61.65834318586082,61.85701751708984,33.79354354884711,34.17012956698744,33.4466904929381,34.16022109985352,24.242690447389865,24.302059773098023,24.04479017860689,24.19321632385254,127.40827329026632,128.7581551695,125.19847756454048,128.66815185546875
2025-02-07 00:00:00-05:00,56.84385800725472,57.09117726810125,55.5874757092993,56.24039840698242,127.47949488977125,128.89294565083256,127.47949488977125,128.47488403320312,331.4791509101466,333.2963029658161,323.2121419797298,325.3188171386719,242.6559077282151,242.785186590064,239.47339266876,240.75634765625,190.83022332592188,190.9600634127379,183.02921021692137,185.1267852783203,275.57260498963785,276.8447679065448,273.0282791558239,274.1116027832031,144.22691301211933,144.37559450119562,142.5417905930472,143.14645385742188,526.9480411908772,530.1244688158175,523.1542567915346,524.7872924804688,210.87143379083716,212.26397492409225,204.28667972456512,204.42593383789065,86.77038245275303,87.84113400125315,86.37381452875887,86.53244018554688,19.350000381469727,19.36000061035156,19.030000686645508,19.100000381469727,25.86000061035156,25.959999084472656,25.530000686645508,25.739999771118164,415.6465973451397,417.8122379259866,407.2833615993766,408.9300537109375,387.0805574537787,388.6030067607037,383.458503728182,384.0754699707031,110.82847455785704,112.0120530819527,109.46586741321084,111.59431457519533,234.29104917663471,234.93908216372293,223.4339028679809,224.1916046142578,143.73913623491143,143.8779086789069,142.63886359856818,143.3129119873047,574.2943834253574,576.9920533416683,565.9714045731057,570.9871215820312,455.0221457234938,456.63675482781656,450.99556903263465,453.5370788574219,102.71792556200126,102.82762492613588,100.83310209968926,100.87299346923828,62.96534475653832,63.45175314805299,62.806516985691296,63.37234115600586,90.40317112149935,90.4527732350525,88.84552245168278,89.3019027709961,255.4718498187516,255.99906640892056,250.03056296215675,250.61746215820312,370.1900024414063,380.5499877929688,360.3399963378906,361.6199951171875,436.239990234375,441.0,432.4100036621094,433.0700073242188,410.5943389483946,411.67746167973695,403.93657756935136,404.8010864257813,1017.0,1027.760009765625,1005.6699829101562,1013.9299926757812,232.3445476829273,233.74300400322835,227.0104008794231,227.3800048828125,70.20466680031173,70.45340783357925,68.27444154401807,68.33413696289062,111.61000061035156,112.5500030517578,110.80999755859376,110.86000061035156,39.32831761812335,39.47594794315159,38.944483278324086,39.24958419799805,191.39126179334872,192.084848957542,188.6961672818552,188.85470581054688,567.1604142978172,569.1472531715759,560.8903910319628,561.8588256835938,210.04960145361213,210.46895996502468,205.4765749688516,206.44509887695312,79.0,79.48999786376953,77.2300033569336,77.30999755859375,1047.0,1056.7099609375,1035.510009765625,1043.81005859375,152.31080051321788,153.2631837103113,151.58660176042213,151.904052734375,47.53998819891327,47.66917401045868,47.0828738390138,47.10274887084961,192.52066571940503,192.79534667048463,184.88936071436743,186.92703247070312,347.415408334626,350.16078871658067,346.6267268943333,347.43536376953125,232.5,234.80999755859372,228.05999755859372,229.1499938964844,168.91918549513036,170.38130294317136,165.1694001559606,167.05921936035156,296.7624549654169,297.2088303806359,290.23517190152864,291.1875,168.0425309365361,168.072343881756,166.83008728337674,166.92947387695312,253.5905280969617,255.2296021551216,250.3521085868752,250.66998291015625,62.3239016270684,62.8305175717746,61.79741408090183,61.85701751708984,34.308872353797774,34.358422252556366,33.79354508979549,34.061119079589844,24.193215502321944,24.47027360442983,23.99531524025908,24.282270431518555,129.20811063964976,130.35799871586244,124.9884977355082,129.8280487060547
2025-02-10 00:00:00-05:00,56.19093739837015,56.260186492078,54.01452706725807,54.93455505371094,128.47488213955643,130.82398590253558,128.0070480339644,130.7045440673828,327.40557823833285,331.229556394561,326.1375510915405,326.68670654296875,242.4371134801832,243.1631177216223,240.25908558050912,242.9940490722656,187.1344857224474,187.98349876976383,185.6461942754068,186.2554931640625,274.45943999883946,274.48925512955987,267.93960188144194,269.3807373046875,142.74003155655257,145.41640412318233,142.15519755732507,145.2875518798828,525.4245245114363,531.8868970992683,521.1528021505201,531.1002807617188,205.4504589880533,208.04656557451247,203.98828314179696,207.40997314453125,86.45312419161822,87.22644980263723,85.5310893900651,85.65998077392578,19.25,20.07999992370605,19.239999771118164,19.770000457763672,25.780000686645508,26.1200008392334,25.51000022888184,25.8700008392334,412.8821197108573,414.6286177998997,410.0977246861568,411.3951110839844,386.3243019652348,388.075627334233,383.2893636931371,384.9809875488281,111.9722706559861,111.9722706559861,110.40079801620676,110.8483657836914,226.7438748334663,235.10857822598783,226.4348124851037,234.33091735839844,143.08493041992188,143.253438734065,141.75666261274696,143.08493041992188,559.6266947554178,562.8839498340287,543.5503248514032,552.392822265625,453.3078619470344,459.5869040971905,451.8925696544869,459.3277587890625,101.67080063386108,102.6481201915448,100.97272067015916,102.63814544677734,63.6304327473421,64.17640674155113,63.19365733872751,64.07714080810547,89.57969755337334,90.22458557538076,89.30190149943162,90.1253662109375,253.97972575861624,255.5116197968394,251.23420443926895,255.0938415527344,356.2099914550781,362.7000122070313,350.510009765625,350.7300109863281,439.25,453.3699951171875,439.0,451.1000061035156,408.0504831463765,412.3333014870332,406.21214334159737,411.37933349609375,1023.0499877929688,1032.8499755859375,1015.8800048828124,1027.5999755859375,229.57000732421875,230.58999633789065,227.1999969482422,227.6499938964844,69.01071093464279,70.59270021803006,68.77192167489963,70.58275604248047,111.13999938964844,111.37999725341795,108.69000244140624,109.27999877929688,39.38737078161735,39.505472789850245,39.19053159829909,39.318477630615234,189.7068309948158,189.7068309948158,187.35852251218176,188.5970764160156,564.3548722351286,566.3716928710792,560.1116025190751,564.594482421875,205.53649045122413,206.66475906760343,202.6908249913621,203.1900634765625,78.16000366210938,78.91999816894531,77.61000061035156,78.23999786376953,1052.0,1063.0,1046.0,1061.9200439453125,152.39018049380022,153.1441398689115,151.08065537439677,153.0151824951172,47.1822448758422,47.26174500262675,46.109019699673645,46.377323150634766,188.84484651111416,189.77379609286592,187.39649966530652,187.9858245849609,348.1142657622818,351.3088721209857,347.1159455627528,350.6400146484375,230.5500030517578,233.9199981689453,229.1999969482422,233.13999938964844,168.81971600776848,170.87862166619777,168.09363532366913,170.44097900390625,294.50073683694853,294.50073683694853,288.34051375289965,292.427490234375,166.65121524818304,167.43631477263403,165.36919790330947,166.49220275878906,250.8600006103516,251.9499969482422,246.8699951171875,249.2700042724609,62.70137804218989,62.731181654675744,61.96628795043154,62.393436431884766,34.41788282989809,34.46743272639726,34.080938241123015,34.16022109985352,24.35153499375861,24.67806910553289,24.34163979190887,24.59890937805176,130.0780330404282,134.98758517024453,129.94805537047182,133.55772399902344
2025-02-11 00:00:00-05:00,54.80594981879933,55.70619177906509,54.5091636861772,55.34015655517578,130.5950549907534,131.4411418536585,129.86842515539914,130.83395385742188,323.511674023643,325.9278909908407,320.75602456657055,323.8910827636719,243.45151558864632,246.63403057320824,242.52660798369925,246.3754425048828,184.81715184499052,186.72495835838524,184.0680145980673,185.10682678222656,268.6055247259195,274.5290301440595,268.0091917560016,273.3065490722656,145.2875446783496,147.23038654141197,144.22689973630693,146.68519592285156,532.7233092642732,545.2099234564748,526.0219682052145,531.6478881835938,205.47035341950695,208.22559668536024,204.6845504027372,205.83837890625,85.32289023963736,86.24492505502667,84.99572245150448,85.79878234863281,19.8700008392334,21.8799991607666,19.86000061035156,20.96999931335449,25.82999992370605,25.90999984741211,25.459999084472656,25.530000686645508,408.8202828688126,411.6645553606299,408.48093644203584,410.6166687011719,383.10028256987096,388.4238899724875,381.99577425342414,388.0855712890625,110.28144176146128,111.47496844093682,110.01290262179964,110.43063354492188,231.7786428796877,237.17232547527507,229.2762206019804,234.33091735839844,143.1047429315883,144.44291764194182,142.143242758236,144.36361694335938,550.0248524173288,553.4719495283996,541.5220332045487,544.769287109375,458.71979924461806,461.00219416041386,457.7928985308031,459.2081604003906,102.33896756268996,102.56833342383015,101.57107202426252,102.18937683105467,67.00553142402087,67.17428427811407,65.92351981112313,67.10479736328125,90.12536779190611,90.7504164936143,89.788046168881,90.48253631591795,254.65614847336715,256.5760098069463,254.25825431285324,255.6807403564453,345.79998779296875,349.3699951171875,325.1000061035156,328.5,449.0,461.5499877929688,448.2900085449219,458.8200073242188,411.38930231167217,413.9431030847307,410.1372382092897,413.7344055175781,1020.7899780273438,1022.6900024414062,1002.9500122070312,1008.0800170898438,228.1999969482422,235.22999572753903,228.1300048828125,232.6199951171875,70.21461675613298,71.62746396681844,70.15492133880011,70.9807357788086,108.37999725341795,109.0500030517578,107.69000244140624,109.0199966430664,39.34800116165083,39.87946581634687,39.19053057000701,39.84994125366211,188.0620301956413,190.1725157938964,186.5361232998566,190.0734405517578,564.0953049678287,565.5330271051757,558.3344225036976,563.8057861328125,201.941972629537,202.7906841711493,199.4457801372065,201.31292724609372,77.81500244140625,77.8499984741211,76.04000091552734,76.20999908447266,1059.9100341796875,1066.0,1049.0400390625,1058.3399658203125,152.88620393782946,155.14809711133563,152.71755573444554,154.89016723632812,46.25807780683407,46.63569583612846,45.98977055897553,46.49657440185547,186.62239876540912,188.58515904568145,185.86825303657443,186.8571319580078,348.29998779296875,352.1199951171875,346.25,350.7200012207031,231.9199981689453,233.44000244140625,230.1300048828125,232.75999450683597,168.74014973494346,171.77379541818277,168.20305246859454,171.06761169433594,288.2313819884363,295.5621713363554,286.0490011922079,294.2825012207031,166.65120543365896,168.5195641633414,165.46857475537124,168.3804168701172,251.1000061035156,256.75,250.5800018310547,254.6999969482422,62.11529215062608,62.383501932206094,61.76761490935444,62.01595687866211,33.773728314769784,35.03231162694876,33.773728314769784,34.91339111328125,24.63848796947056,24.915547955617093,24.53953783960988,24.885862350463867,132.56781502240796,134.4676342706669,131.0079608594355,132.7877960205078
2025-02-12 00:00:00-05:00,55.073052470191605,55.93372623501402,54.85541408178179,55.54790878295898,129.88833618164062,130.19690438925113,128.6440997390607,129.88833618164062,319.04866782765345,326.4869922236883,316.4727288186121,325.6083679199219,242.01940961854956,247.86724845839737,242.01940961854956,247.15118408203125,183.0092376906385,184.8970629566076,181.62083725948915,183.39878845214844,272.40212481040146,274.7576416317476,271.5772192466031,273.7637634277344,145.37675731428186,148.92543482950262,145.21815365292193,148.5784912109375,537.5526717273597,540.042033105694,523.2737288954711,525.1557006835938,204.4955543742416,205.1918249445071,203.16269140008197,203.91864013671875,85.33280136309871,85.92766078905287,84.87674221773226,84.93622589111328,21.979999542236328,22.559999465942383,20.93000030517578,22.479999542236328,25.479999542236328,25.6200008392334,25.170000076293945,25.46999931335449,406.3951110778186,409.92803560329327,403.56079794352274,408.2214660644531,384.1450955633901,389.5781760679517,384.0953544259359,386.911376953125,109.9631709166233,112.57897846751436,109.80403857689907,112.4297866821289,229.6650434887084,235.7665756167492,229.30612893924985,235.6369781494141,142.77763808277822,143.51115822584268,141.77649508858107,142.72808837890625,538.6345159798639,541.5220276906144,531.7503231356689,537.54541015625,455.79956324834006,458.61019494201264,453.03875315406833,457.0354309082031,101.84033842063596,103.6154625216582,101.76055568141004,103.32625579833984,66.38014756614976,68.31585984162854,66.38014756614976,68.2066650390625,89.88725547612466,90.91907478698384,89.20268879854119,90.63135528564452,249.43370705051063,249.6823946946288,245.21595914193855,248.9462738037109,329.94000244140625,346.3999938964844,329.1199951171875,336.510009765625,458.0,463.0,451.2999877929688,462.760009765625,406.0034621947582,407.0667220030791,399.58420774592,404.5725708007813,1005.489990234375,1027.739990234375,998.3499755859376,1027.31005859375,231.1999969482422,236.9600067138672,230.67999267578125,236.8699951171875,70.24446642657668,72.08514855849276,69.97582945010254,71.89611053466797,108.25,109.52999877929688,107.75,109.2300033569336,39.84994028358969,39.9581982622635,39.51531481519302,39.889305114746094,188.7556191874292,192.5901773217969,188.64662583667905,191.23272705078125,561.1200072475672,563.8556584165062,558.5540698027994,563.7058715820312,199.1562269192665,203.6393788488924,196.50027447213208,201.8720703125,75.41999816894531,76.8499984741211,75.30000305175781,76.2699966430664,1054.1500244140625,1067.0,1051.0,1065.1199951171875,154.0369993694992,154.42390175942873,153.04494040684727,154.02706909179688,46.27795480432964,46.28789421621398,45.651904532739096,45.92021179199219,185.0192095241481,186.61739486850084,183.4210394212204,185.21897888183597,349.1600036621094,351.8299865722656,347.489990234375,351.489990234375,230.4600067138672,231.17999267578125,228.16000366210935,228.92999267578125,168.64068740048538,170.01327598563455,167.3377155054818,169.376708984375,291.4652598593493,293.8261907842131,290.2847943969174,292.6953125,167.30711903410176,169.02639786167657,166.92946818849882,168.5294952392578,252.72000122070312,256.3999938964844,252.0200042724609,255.80999755859372,61.03252046737912,62.14509520829999,60.79411430103729,62.11529159545898,34.606174051025626,34.91338945889201,34.576444869121225,34.58635711669922,24.885862980565225,25.1134469638854,24.796808050167453,25.093658447265625,130.00805277951918,132.22784993678553,129.0681367435288,131.12794494628906
2025-02-13 00:00:00-05:00,55.64683508608116,55.65672619629442,55.03348436046093,55.36983871459961,130.3262920078378,131.43117455397663,129.94805446509952,131.1823272705078,325.6882821229557,329.83176566798056,322.7129460637138,329.3325500488281,247.80757165576875,250.4629706501656,245.9975310510363,249.5977325439453,184.1079743694657,186.06571114375504,182.9293238598035,185.9258728027344,273.81343060553405,275.27443270076105,272.13377410385283,274.62841796875,147.7755788812297,148.65779093780245,146.73476316554164,147.87469482421875,528.6407788075729,532.0561751459522,524.8569010911913,528.9195556640625,205.4106505710755,206.19645355149123,203.5207711815092,204.17726135253903,84.85691464960092,84.96597310039414,83.58787911024194,83.69693756103516,22.84000015258789,24.82999992370605,22.790000915527344,24.1299991607666,25.489999771118164,25.739999771118164,25.32999992370605,25.63999938964844,406.185550721702,410.1775463061904,405.54681680905935,409.7184753417969,386.6924668688994,388.9811361977237,382.8316374634911,387.6079406738281,112.50935433314498,112.78784161309436,110.927933581705,112.38999938964844,235.3478484574366,236.23516288448263,230.0339262504284,235.0886383056641,142.96597331478503,143.66975757544472,142.3415048793365,143.3129119873047,539.5437076747949,539.7235482593233,530.7611570539559,532.18994140625,456.03876369409767,461.0620158973009,455.85936943372695,459.5171508789063,103.71518632208289,104.95178833631212,103.24647224345952,104.76231384277344,68.49454558667519,69.10007768252483,68.25630580956408,68.99088287353516,90.5519863080618,91.75247404134464,90.15513911654268,91.47467041015624,250.3190293817535,251.98026098934224,248.8269035472941,251.33367919921875,345.0,358.69000244140625,342.8500061035156,355.94000244140625,465.2099914550781,465.7000122070313,457.0299987792969,459.2200012207031,406.1326503667856,410.3757429889416,404.92034252118856,409.8291931152344,1026.6300048828125,1045.989990234375,1025.0999755859375,1043.68994140625,236.91000366210935,242.33999633789065,235.57000732421875,241.52999877929688,72.08514897989757,73.22935926025565,71.26927868790705,72.84132385253906,108.91999816894533,109.76000213623048,108.55999755859376,109.58999633789062,39.96804387018871,40.46013994590264,39.78104495860454,40.3912467956543,192.50100575383047,192.50100575383047,189.67709673191123,191.67860412597656,564.704310402179,566.4915148187542,560.5808456568169,565.4132080078125,202.32139312691,205.3367826040381,200.9434900341571,203.2799224853516,76.37000274658203,76.92500305175781,75.7300033569336,76.58999633789062,1067.010009765625,1078.22998046875,1064.6500244140625,1076.8599853515625,154.0270637625781,156.8742831804581,153.56079485525478,156.0012664794922,46.228266344469134,46.27795202858588,45.681716237635534,46.039459228515625,185.7184056239068,187.77607416088287,184.6696127098192,187.66619873046875,353.1199951171875,356.0799865722656,350.7300109863281,355.6300048828125,228.8500061035156,230.4199981689453,227.5200042724609,230.3699951171875,169.27725058914766,171.4356107663209,168.56111083174085,171.2267303466797,295.1653347272816,295.95894145592587,291.19739190306404,294.5899963378906,168.57919778826863,170.31835706220295,168.09222773243144,169.96058654785156,255.66000366210935,259.2799987792969,254.41000366210935,259.19000244140625,65.66161274054858,66.05896139250312,62.3040321680628,63.416603088378906,34.725097653216224,35.18096274201035,34.625994081468775,35.062042236328125,25.202501317030936,25.469666102104963,25.0936578725064,25.360820770263672,131.54790450828392,136.487452862588,131.15794096754342,135.27755737304688
2025-02-14 00:00:00-05:00,55.42919423099939,55.42919423099939,53.08460858072731,53.32203674316406,131.7099041706619,132.03836923569335,129.91820060104968,130.00778198242188,327.5153932522538,327.9846571464112,322.1138766730216,326.0277404785156,250.1149073971534,251.81554895385497,247.7379760560889,247.85731506347656,184.8471041355986,186.1855589387927,184.1079651875959,185.01690673828125,275.67198279153683,277.5206119572585,274.7576318615815,274.8967590332031,147.4583715029538,149.89685360370785,146.85370828744047,149.1435089111328,526.7488542865098,530.9309934510525,520.6847433816095,521.2822265625,203.72967270419971,204.0479613304409,200.4671194254732,201.67068481445312,83.69693823225761,84.05385542607074,81.38689294009166,82.29901885986328,24.36000061035156,25.190000534057617,22.86000061035156,23.600000381469727,25.729999542236328,25.82999992370605,25.46999931335449,25.530000686645508,406.9739674594389,408.0917213200678,405.06778596420224,407.6126708984375,388.0756110751752,389.0706767445987,385.5182850166781,386.0854797363281,112.81999969482422,113.47000122070312,112.02999877929688,112.5500030517578,233.8224549373678,235.0288112320837,228.20943498315972,232.33694458007807,143.40211218546108,144.88896620495856,142.07385955805802,142.13333129882812,534.6478275499718,537.0058797479646,530.8610519730104,531.4005737304688,459.5171442183114,462.5570221946349,455.1816309082731,455.4806213378906,105.01163272209683,105.01163272209683,103.31628370824238,103.7550811767578,68.85190214626031,69.51699222642839,68.25629897635599,68.36549377441406,91.69294082141566,92.31798952928656,91.13734869830816,92.07987213134766,253.16401183687915,255.0739462264505,249.93107258945332,250.46823120117188,360.6199951171875,362.0,347.5,355.8399963378906,463.3500061035156,464.989990234375,458.0,460.1600036621094,412.38298017900064,415.3640619634272,405.9835888557545,406.9176635742188,1044.949951171875,1064.5,1041.68994140625,1058.5999755859375,241.25,245.5500030517578,240.9900054931641,244.6000061035156,72.801522778524,73.12986275968693,71.97570073777138,72.67218017578125,109.86000061035156,110.51000213623048,109.58999633789062,110.37999725341795,40.489663768304105,40.63729409007552,40.29282459074057,40.34203720092773,192.1740247633703,193.39275759720485,191.0147400991277,191.1039123535156,565.1136821339464,568.3385476388372,563.2366544075359,563.8656616210938,203.78916296070827,206.83450563969984,203.61940846245264,205.98580932617188,76.9000015258789,78.33000183105469,76.62999725341797,77.97000122070312,1076.47998046875,1077.489990234375,1068.010009765625,1071.8499755859375,156.04095029373278,156.21952878168315,154.82072198694354,154.91000366210938,46.18851885278818,46.794694088780446,46.18851885278818,46.66550827026367,186.6174008565631,187.9358908527497,185.89821895267025,186.6573486328125,354.42999267578125,355.42999267578125,353.2200012207031,353.8099975585937,229.1999969482422,229.88999938964844,227.22999572753903,228.67999267578125,171.67433089614906,171.8931522230608,170.1226846206965,171.30630493164062,294.75,295.1600036621094,290.45001220703125,291.1600036621094,168.73818579024334,168.94689156386335,161.29459421411775,161.8809356689453,259.0,261.94000244140625,257.9100036621094,261.2799987792969,63.36693448926902,64.6384440931246,63.01925347675396,64.43977355957031,35.08186506780451,35.2998853779766,34.97285302251099,35.07195281982422,25.40040257322719,25.65767216664759,25.33113804563647,25.598302841186523,136.46744211776974,139.23719160158925,135.4875365315285,138.8372344970703
2025-02-18 00:00:00-05:00,53.14396580430768,54.00463580496378,52.96589562847641,53.84635162353516,129.1616960525104,130.21682135404046,127.65866384081724,129.5797576904297,328.0744940341761,328.6436071130069,322.4932674580618,328.44390869140625,248.6330452872625,250.40331135567925,247.08157751272705,249.7966461181641,185.386490331916,185.74607679460823,181.5309302979739,183.55859375,275.0657322632962,278.2560726990323,274.3302417919727,278.2362060546875,148.4892818083558,149.44087352265942,147.34933501222264,147.49803161621094,508.7657255302445,513.8041905491866,494.88504399795687,498.5991821289063,203.33178598968945,207.28065325227337,201.70051699494252,206.93251037597656,80.43511134825194,82.8740403137995,80.34588583729135,82.57661437988281,24.600000381469727,27.549999237060547,24.489999771118164,27.38999938964844,25.61000061035156,25.739999771118164,25.420000076293945,25.559999465942383,407.18354917543536,409.7783523938356,405.6865508328786,408.8202819824219,382.73210895266993,388.5631791332675,379.6075882099242,385.6476440429688,111.8000030517578,113.36000061035156,111.62000274658205,113.02999877929688,229.40583178036107,231.49948729399415,223.6233263952089,227.84056091308597,141.6476171368959,142.88666212628462,140.35902244798032,142.8371124267578,531.2107148477733,532.5995549191409,520.6096950459765,522.6480102539062,453.3576970312527,464.4805972300464,448.5537146986334,464.28125,103.4359553239564,103.70521255863775,102.22926992316064,103.49578857421876,68.04784454064337,68.86183738196597,67.91879199999694,68.54418182373047,87.26802178076939,87.74424897317188,84.39083443471654,85.39289093017578,249.1551752984437,250.04050269438991,247.08609230123136,249.3939208984375,355.010009765625,359.1000061035156,350.0199890136719,354.1099853515625,462.6499938964844,464.3299865722656,453.0700073242188,464.1099853515625,405.7351627234916,406.2916288936058,397.6961825363472,400.7666931152344,1060.0,1062.0,1023.75,1035.8499755859375,244.1499938964844,245.17999267578125,241.83999633789065,244.47000122070312,74.12482895563328,77.28881524690867,74.12482895563328,77.19926452636719,109.77999877929688,109.91999816894533,108.70999908447266,109.55999755859376,40.27314114264954,40.568401792388215,39.96804397769909,40.5487174987793,190.24187400477703,195.21591056886535,188.9240508757686,194.4529571533203,564.0054478538366,567.7295215196954,560.6307955520311,567.7095336914062,205.1271082871167,206.95432294494088,202.47115592751103,204.21849060058597,78.19999694824219,78.76000213623047,77.5009994506836,78.62000274658203,1069.2099609375,1071.0,1045.239990234375,1056.030029296875,154.13999938964844,155.4499969482422,153.24000549316406,154.99000549316406,46.26801940107315,46.357455154578616,45.87052632087662,46.23820495605469,187.226695076443,187.56630449733623,183.3710871600107,185.58856201171875,353.69000244140625,356.739990234375,352.3999938964844,356.7300109863281,228.82000732421875,229.3000030517578,223.72000122070312,226.6499938964844,172.33078860406843,172.78832826860287,170.32163293781971,172.70875549316406,291.760009765625,293.3299865722656,289.0,292.79998779296875,162.33809554403112,164.73315469958632,161.19521039466062,164.4051971435547,261.92999267578125,263.9599914550781,259.8299865722656,263.07000732421875,64.86692659818655,65.81062306725538,64.00269380086146,64.16162872314453,34.943118677255804,36.05305602143225,34.784556739575564,36.02332305908203,25.439980090837505,25.905045128688016,25.439980090837505,25.796199798583984,141.25701494818574,143.4268135927519,137.91731045487123,139.38717651367188
2025-02-19 00:00:00-05:00,53.82656570562026,54.39045333862305,53.53967444706304,54.39045333862305,129.65939430156698,131.65017274114018,129.40059857225873,131.52078247070312,329.2226920103075,329.2226920103075,322.36347458578314,324.0208740234375,248.2849564474376,248.89162169348944,243.0636624229341,245.7091217041016,183.8582530360721,185.246653369277,183.3787942547783,185.05686950683597,276.67582761557003,278.53437506010624,275.52292522451535,277.5404968261719,147.6962851164776,148.64789199785386,146.21931682021267,148.48928833007812,499.19659410118527,509.6817828337705,496.0301337745838,508.86529541015625,206.82310115184413,210.5730362379376,206.8131598496217,209.68777465820312,82.52704186686367,84.89657075625765,82.14038284735909,84.86682891845703,25.979999542236328,26.32999992370605,25.459999084472656,25.71999931335449,25.56999969482422,25.920000076293945,25.5,25.88999938964844,407.0638056974437,414.6585628844229,406.8342549807474,413.9400024414063,384.0853864499476,390.0856311973117,382.54304681545705,388.2945251464844,112.44000244140624,113.33999633789062,112.33999633789062,112.48999786376952,227.1626278984135,228.37894861779185,223.72302369285217,228.0399627685547,142.96596504501414,144.65106323178904,142.88666434945213,144.53211975097656,520.7795686197139,532.1499580270241,519.5606287244427,530.4114379882812,459.28793878045326,464.09192123273766,458.5902538740288,460.5337829589844,103.56559633892958,103.91463631218582,102.26916106562064,103.7151870727539,68.70300098736755,69.61625970641883,68.6632930986907,69.55670166015625,85.32344160408809,86.4842354464706,85.02579866376594,86.3155746459961,245.95207063468595,247.5735188695591,243.83324713058192,245.3850555419922,354.0,367.3399963378906,353.6700134277344,360.55999755859375,463.6099853515625,463.6099853515625,455.3200073242188,456.989990234375,394.7151220739772,396.1261808619345,390.4621130727815,392.9364013671875,1035.1800537109375,1045.0,1024.510009765625,1043.3299560546875,244.66000366210935,246.00999450683597,243.16000366210935,244.8699951171875,76.43314053868279,77.28881025718688,75.70681341819498,76.39334106445312,109.13999938964844,111.76000213623048,109.13999938964844,111.3499984741211,40.69634247262279,41.38527770432564,40.627449324892,41.34590911865234,194.9880076182703,196.2959277715918,194.2151512073316,195.5428924560547,566.5913211168589,569.7962597441469,565.7526854545324,567.5997314453125,203.15012690922512,205.26689316741783,200.90355377218316,204.6678009033203,78.5,79.0,77.53500366210938,78.36000061035156,1056.06005859375,1063.1800537109375,1053.0,1062.5400390625,155.0,158.3000030517578,154.75,157.88999938964844,45.592280229943874,45.771151724363975,45.13516208266212,45.72146224975586,185.9731213052312,187.1467872178663,185.2889032654933,186.91705322265625,356.0199890136719,357.1499938964844,354.17999267578125,355.2300109863281,225.5200042724609,226.8300018310547,223.7100067138672,226.6300048828125,173.0568743379163,175.55340741593514,172.4203073486987,174.2802734375,292.0,295.9700012207031,291.79998779296875,294.2699890136719,165.07106522396248,165.8362843812595,164.21639206545868,165.45864868164062,262.0,264.3599853515625,260.0899963378906,264.32000732421875,64.09208811734857,64.5291723813554,63.86361776392316,64.40996551513672,36.11251539919726,36.41973081600956,35.95395345706524,36.152156829833984,25.944624193279164,26.073259927272368,25.796199943324243,25.964414596557617,139.49716663707372,141.34700263351252,137.2073839146051,139.21719360351562
2025-02-20 00:00:00-05:00,54.43002484941295,55.22144575072944,54.21238268637871,55.19176864624024,131.12260645424084,132.66546265062968,130.74436891120945,132.55596923828125,321.7344710023348,323.9410259670334,317.71079434924746,317.9304504394531,245.23174165945304,246.37544757249717,243.99851631880168,246.2958831787109,184.58741616756504,185.0968239961468,182.5098070913863,184.34768676757807,276.9739646751005,277.033594939602,264.11317856451853,265.16668701171875,147.2303957560591,151.19539668425088,147.04205579192546,150.24380493164062,503.0401838430171,506.2663864109086,498.1112362418836,500.281982421875,208.47425881389245,210.37409470657568,207.75809046877168,210.2248992919922,85.16426312481684,86.94884148396191,85.16426312481684,86.92901611328125,25.559999465942383,26.1200008392334,24.479999542236328,26.09000015258789,25.86000061035156,26.07999992370605,25.75,25.899999618530277,415.2900085449219,419.30999755859375,412.5400085449219,416.1300048828125,385.95611833590135,388.0756130814499,382.3539854526849,382.9410705566406,112.16999816894533,113.5,111.95999908447266,113.33999633789062,227.9601955295674,228.28920180090105,222.07800091698093,226.05596923828125,143.83826706950128,147.88251205985955,143.7292304965359,147.79330444335938,533.3289837737326,542.9208473551502,533.1391418848872,537.3755493164062,458.1716514189371,460.5935651183808,456.8759552684008,460.36431884765625,98.50947907261184,99.84581329415224,96.41523167136256,96.94377899169922,69.19933972479598,69.55670315707295,68.91146320582254,69.52692413330078,86.0873827647175,87.57558236299874,85.67068869384866,87.24818420410156,244.8876887243735,245.38506401076992,242.82856293161063,245.12643432617188,361.510009765625,362.2999877929688,348.0,354.3999938964844,457.4400024414063,461.0,451.5700073242188,454.6900024414063,390.5217250597066,392.27063612788425,388.63371260663286,392.1513977050781,1042.0,1045.0,1015.5900268554688,1024.5400390625,244.94000244140625,246.77999877929688,244.2899932861328,245.8300018310547,76.52269150799113,76.88087159530257,75.95555469156193,76.84107971191406,111.23999786376952,111.5199966430664,109.37999725341795,110.5500030517578,41.3360692495461,41.85768987438397,41.217967245778,41.81832504272461,196.18694006291895,199.51617358996145,195.0276554131988,199.0405731201172,567.2503448836385,567.5997662746322,558.1547244793243,562.3880615234375,206.2553976463952,210.73854954833573,205.3467799355314,207.6332855224609,78.12000274658203,78.16999816894531,76.8499984741211,77.62999725341797,1053.6400146484375,1053.6400146484375,1033.8499755859375,1034.8299560546875,156.9499969482422,159.9499969482422,156.9499969482422,159.67999267578125,45.61215835039077,45.90033685244938,44.75755088379468,45.01591873168945,186.28777222741772,186.90706182083724,184.38994042998203,186.4276123046875,355.2300109863281,356.1300048828125,349.0599975585937,350.489990234375,224.77999877929688,225.1300048828125,221.80999755859372,222.8800048828125,175.05610060364896,175.44400840131746,171.97272003359808,172.7684326171875,294.6700134277344,298.1300048828125,293.92999267578125,297.92999267578125,162.13933199616932,166.7406554832822,161.79150923250592,166.1741943359375,263.6499938964844,265.0899963378906,262.1499938964844,264.739990234375,64.52917408009796,64.797387641452,63.84374784418782,64.24109649658203,36.06296584455146,36.39000197979664,35.765662672774454,36.082786560058594,25.924836498655207,26.00399622696018,25.667566909834846,25.8753604888916,140.01712771481476,140.6470746897965,136.7774200315485,140.0971221923828
2025-02-21 00:00:00-05:00,54.83562617870979,55.45887176545262,54.2618436888022,55.23133850097656,131.7994761324121,134.78564347220188,131.7994761324121,134.2978973388672,318.4695920960611,318.4695920960611,306.37857476100606,309.31396484375,245.42071268754265,246.38541012552585,240.48782634975151,244.20738220214844,184.93699793129608,185.1267817944969,178.87398876546823,179.4533233642578,266.67741567813727,267.55203337911627,261.2309520234313,262.62237548828125,149.84729254362213,153.28693198493718,149.63913846952084,153.0490264892578,437.679499409266,467.70122153234666,436.63397979972194,464.4351806640625,210.03590581760733,211.3687687639042,208.2852653603245,210.81175231933597,87.24627651449022,88.76317079364213,86.26475802163577,88.73342895507812,25.959999084472656,26.290000915527344,24.84000015258789,24.8700008392334,25.88999938964844,26.56999969482422,25.850000381469727,26.299999237060547,417.3399963378906,418.0499877929688,407.8900146484375,408.2099914550781,378.1249710960189,380.8812921900477,362.1342577934319,362.462646484375,113.33000183105467,114.68000030517578,111.62999725341795,111.75,224.96925380920945,227.06292462189035,214.97949306223447,218.00035095214844,148.67549124907958,153.19552493325347,147.5950325273754,152.15472412109375,537.905125316163,542.1615358020392,531.5505135124882,532.1000366210938,462.03872980442566,463.6234703237215,455.99887982018976,456.477294921875,96.26563891766683,96.58476225202163,93.8622429701669,94.52043151855467,69.80487039245318,71.07549253806012,69.61625981432218,70.82732391357422,86.95054326151634,90.43293252121288,86.89101769841248,89.23245239257812,246.08139852685963,246.4395093358064,237.49669633210405,237.91448974609372,353.44000244140625,354.9800109863281,334.4200134277344,337.79998779296875,453.2799987792969,453.75,440.6900024414063,444.3200073242188,393.9002787709919,395.3113375339978,381.479104299624,382.8702697753906,1029.4200439453125,1032.3800048828125,999.3900146484376,1003.1500244140624,245.9499969482422,248.69000244140625,245.22000122070312,245.5500030517578,77.01022293219978,77.59724810809655,75.4779773058105,76.11475372314453,111.0,111.76000213623048,107.91999816894533,108.66000366210938,41.75927159501226,42.546624533403325,41.50337954353832,42.08405303955078,198.4857052550022,202.11217966043884,198.18844928889976,200.2295837402344,560.5409114508813,563.9055698396685,555.6986162922293,556.6271362304688,210.2892314148876,213.31461535980876,209.0810675996434,209.9098052978516,77.44000244140625,77.4800033569336,74.75,74.94999694824219,1034.6099853515625,1036.2099609375,1024.6800537109375,1035.030029296875,159.8800048828125,163.50999450683594,159.27999877929688,162.3000030517578,44.96623103409791,45.224598870441326,44.26068445141514,44.52899169921875,187.07686090508184,187.25666399411276,180.9238824491304,181.3733673095703,350.489990234375,353.32000732421875,347.4800109863281,348.5299987792969,223.27999877929688,223.30999755859372,214.7400054931641,216.5800018310547,174.04155554502225,174.48913910185655,164.32396423678554,164.5427703857422,299.2300109863281,305.3299865722656,297.19000244140625,303.010009765625,166.4027658922785,169.49350105677584,164.89217755366394,169.17547607421875,263.8500061035156,264.8299865722656,261.1000061035156,261.4800109863281,64.2510337695186,64.52917555893023,63.45634023591555,63.5556755065918,36.231438140713394,36.32062946562196,35.864760593636646,35.91431427001953,25.80609591085696,26.43937373602846,25.697250576911813,26.340425491333008,140.02711787829398,141.4470007486669,134.01767593596887,134.41763305664062
2025-02-24 00:00:00-05:00,55.36983841336768,57.37806964326847,55.35005241925628,57.25935745239258,133.8698882991027,135.96019633933082,133.680761936037,134.3277587890625,311.021301560781,312.2393887993077,303.04381584325995,307.8363037109375,243.899081965431,244.65492097360303,240.8955904751104,241.00498962402344,181.7806461448736,182.90933584096624,178.68420625509464,179.04379272460938,263.86470056458387,265.3654662782158,257.02681403378256,259.7401123046875,153.04902715308438,155.25952602283843,152.8309508957519,154.91258239746094,464.6940451236285,466.0084351825788,455.05524546674894,459.5559997558594,210.6327146537928,214.0444633376041,208.60358103611225,208.7925720214844,88.94162986521526,91.06330008668829,88.16831180221742,90.48826599121094,24.549999237060547,24.799999237060547,23.6200008392334,24.270000457763672,26.399999618530277,26.739999771118164,25.8799991607666,26.649999618530277,408.510009765625,409.3699951171875,399.3200073242188,404.0,362.611882197145,365.1194367378567,359.27840614994494,362.1143493652344,112.33999633789062,113.91000366210938,111.88999938964844,113.19000244140624,217.94052770043675,218.8178625479928,206.9138810284665,207.30270385742188,151.00488718212188,154.95001731486167,150.78681405417905,152.5016632080078,531.3606430266807,543.1606616906519,531.3606430266807,535.0974731445312,457.4839387750126,462.65668601065306,454.5038589477317,457.0055236816406,93.92208048930256,94.38081982776986,91.8677244064923,93.4134750366211,70.32105986713593,71.20454716391345,69.81480131121985,70.07289123535156,88.83559882458728,90.35356125891818,88.41890473856994,89.46063995361328,237.58621999800403,238.20297566642827,234.69149222685297,235.83546447753903,338.1400146484375,342.3999938964844,324.70001220703125,330.5299987792969,445.1099853515625,446.2799987792969,440.9100036621094,444.4200134277344,383.65529318037136,384.1123839059337,375.815063690809,380.0084533691406,1008.0,1015.1699829101562,984.47998046875,988.469970703125,244.92999267578125,248.8600006103516,244.4199981689453,247.1000061035156,78.48276589739869,80.68163565930931,78.35342329645349,79.87571716308594,108.83999633789062,111.55999755859376,108.6500015258789,111.1999969482422,42.0742150811222,42.940305238116295,41.89706019095534,42.63520431518555,199.98186100066872,203.6182532963448,199.43689428190189,202.2112579345703,557.5457024279789,560.5709335847235,555.9082847907672,558.1148071289062,209.2907670596852,212.3760573697164,207.6332915635108,210.8184356689453,75.24500274658203,75.87999725341797,73.97000122070312,75.25,1028.5400390625,1038.18994140625,1025.219970703125,1035.5999755859375,162.67999267578125,164.8699951171875,162.0500030517578,163.74000549316406,44.74761185463277,45.10535487075848,44.16131164282119,44.18118667602539,183.59084088624112,184.87936617572132,180.67416563965807,180.9838104248047,348.760009765625,350.79998779296875,347.3599853515625,349.8599853515625,217.4499969482422,217.72000122070312,212.4199981689453,212.7100067138672,165.0202086624305,165.6965544569546,160.12659702637967,160.2360076904297,305.2799987792969,313.75,304.3999938964844,309.7200012207031,169.1655412113643,171.9084384099369,168.73819704231775,169.48355102539062,261.5,263.8500061035156,259.5799865722656,261.8699951171875,64.00268969903564,64.15169638954838,62.731180087077725,62.82058334350586,36.06296528448827,36.459372027644655,35.89449487591648,35.97377395629883,26.340425019337903,26.84506709765575,26.320634615826723,26.459163665771484,136.5474420161462,138.57725415414035,130.06804206967678,130.2680206298828
2025-02-25 00:00:00-05:00,57.67485051398717,59.29726425118799,57.546243442489335,57.5858154296875,134.7557824653135,135.82084091418463,133.74048132115695,135.19375610351562,305.76956116066566,307.9361703149876,300.1483885162575,305.400146484375,241.5619204297916,245.51021439574947,241.44258142438645,244.54551696777344,177.8351818432405,178.53438877889693,174.48904471950055,175.21820068359375,260.6246825385414,261.3899578077281,251.7990395664852,255.82423400878903,155.76505369687314,156.84551277005875,154.5458202025928,156.0426025390625,458.8092054863519,468.75671420715054,448.1547570311361,468.3783264160156,210.0259483014541,212.6817480568282,209.8966506701776,210.87142944335935,90.96415523877718,92.26293258245391,89.66537789510045,90.64689636230467,24.209999084472656,24.280000686645508,22.770000457763672,22.989999771118164,26.71999931335449,27.030000686645508,26.540000915527344,26.739999771118164,401.1000061035156,401.9200134277344,396.7000122070313,397.8999938964844,359.2983202299869,363.7761160125326,357.72612973892694,361.15911865234375,113.08000183105467,115.23999786376952,112.66999816894533,114.58999633789062,206.3755220959764,208.01057393305743,200.3138624233754,201.9289703369141,153.4334137808056,157.07126321076052,152.65034399585377,155.04913330078125,534.3381282287088,540.7926920593887,531.8602431221036,539.0941162109375,457.7630107049473,467.430742942394,457.7630107049473,465.9357299804688,94.09161300934004,97.6418688214937,93.98191364497993,97.42247009277344,70.34091872867583,71.24424862465753,70.21187376453723,70.96630096435547,89.64914504167002,90.13528812779737,88.51811394450667,89.76820373535156,236.7506299388912,243.1568258834749,236.7506299388912,241.1175842285156,327.0199890136719,328.8900146484375,297.25,302.79998779296875,443.4700012207031,447.489990234375,439.1700134277344,443.4100036621094,382.57217458670834,398.48122458979816,381.7672849051469,390.8099060058594,989.4000244140624,994.4000244140624,955.0,977.239990234375,248.0,250.0,244.91000366210935,247.0399932861328,79.90556858232642,81.54726095058814,79.64688336842326,81.3084716796875,111.43000030517578,111.9000015258789,109.06999969482422,110.52999877929688,42.891093070859895,43.27492738513636,42.812355901575046,43.01903533935547,203.30117632976123,204.12357790219872,200.4971037121734,202.2707061767578,561.5493319046536,565.1436066297464,551.8147718408169,563.1368408203125,210.57878252866035,211.8168994306812,209.1309939991785,210.08953857421875,77.13500213623047,77.56800079345703,72.69999694824219,74.06999969482422,1040.72998046875,1057.02001953125,1037.4599609375,1055.6600341796875,164.10000610351562,166.42999267578125,163.94000244140625,166.08999633789062,44.250744138364816,44.55880144418312,43.07814380108831,43.66444396972656,179.94998624296272,180.55429349830052,176.56884378749382,177.16815185546875,351.3699951171875,352.5899963378906,346.0,352.0899963378906,211.6300048828125,213.33999633789065,204.16000366210935,212.8000030517578,160.7930046019878,162.45404640071115,158.5849094738754,160.35536193847656,311.79998779296875,318.29998779296875,310.29998779296875,315.6300048828125,170.21896647781904,172.87242474530285,169.74194419128372,171.58047485351562,261.0799865722656,263.4800109863281,256.7699890136719,257.75,64.17156321770413,64.21129884216482,62.90005355014372,63.84375,36.12242687810944,36.647662591413024,35.428716978393595,35.52781677246094,26.58780022887097,26.87475353944803,25.984206114209258,26.37010955810547,129.96804527013506,130.18802626376245,124.42856133510212,126.61835479736328
2025-02-26 00:00:00-05:00,57.536355845259656,57.79356623016599,56.60643673208432,56.76472091674805,134.52683665955922,135.6814917111651,133.65090454147287,135.33311462402344,312.16949457690515,313.2078715295735,305.9692455167355,306.84783935546875,244.5852927955104,246.60420709092452,243.44158685373247,244.13775634765625,174.8686155406987,175.87744820035027,171.38262477536554,172.5312957763672,255.58572318246124,259.3127664562417,255.35712027593055,257.20574951171875,156.0227766799853,157.00411983094807,152.93008087129468,153.3860626220703,462.67267423530535,471.0369219286186,456.2501404653106,461.6171875,209.7076635449388,211.57766035755375,208.63341102562123,210.2050018310547,90.51800930207251,90.58740944243888,88.0989057280772,88.61444854736328,23.25,23.81999969482422,23.209999084472656,23.520000457763672,26.68000030517578,26.780000686645508,26.350000381469727,26.420000076293945,398.010009765625,403.6000061035156,394.25,399.7300109863281,360.9103288253202,361.2187967520962,355.09911861903873,356.581787109375,114.61000061035156,114.79000091552734,112.26000213623048,113.0,206.2857850488105,212.89577291914367,205.37852674078744,212.29759216308597,154.20659024892106,154.24623303350057,149.81540694748912,150.18215942382812,541.2722262263605,543.3904299773809,530.5013668867664,532.83935546875,464.8094781703981,465.9556790979513,459.7364045448368,460.0154724121094,97.43243846761318,98.45962412954556,95.80690507911002,95.9365463256836,70.74790745934956,70.75783632481553,70.0133304584795,70.28135681152344,89.7483576870242,90.47261816738992,89.29197737764122,89.86741638183594,250.60749861097577,251.6221484213416,239.8045222166191,245.7730255126953,303.7099914550781,309.0,288.0400085449219,290.79998779296875,443.7999877929688,447.6499938964844,438.3999938964844,441.5,392.7475710300257,396.3546847730109,386.1097029935557,388.0176086425781,977.5999755859376,1000.8900146484376,976.9000244140624,990.0599975585938,244.3300018310547,244.97999572753903,239.1300048828125,240.3600006103516,81.68655505973076,82.0248468174696,80.43289810736174,80.76123809814453,110.05999755859376,113.25,110.05999755859376,111.83000183105467,42.85172722559316,42.95998896308322,42.09389881755783,42.49741744995117,201.72575285178704,201.96356065014632,199.5855280237534,201.15106201171875,561.6991426247736,565.7826318175609,558.7138262232596,560.3812255859375,209.7500628177825,211.6771160422735,207.94280671786203,209.1210174560547,74.33000183105469,74.4800033569336,71.7699966430664,72.05000305175781,1050.1400146484375,1058.8900146484375,1030.1800537109375,1031.969970703125,165.0800018310547,165.1300048828125,162.55999755859375,163.0800018310547,43.7638191284299,44.27061917010548,43.58494763353859,43.66444396972656,176.7436457632815,177.87734865828276,173.3924527442382,174.50119018554688,350.0,351.8299865722656,348.989990234375,350.6300048828125,214.94000244140625,218.16000366210935,213.08999633789065,214.3500061035156,160.96209563576795,163.2597045076564,160.06691329575025,161.23065185546875,311.95001220703125,313.6300048828125,305.54998779296875,306.3800048828125,171.2127707440376,171.58047384146212,169.59286330097945,170.2388458251953,258.1000061035156,258.3299865722656,254.41000366210935,255.83999633789065,63.62521421501005,64.35036850584096,63.51593935513729,63.65501403808594,35.45844653445516,35.50800021242621,34.6854575474169,34.7845573425293,26.281053666095996,26.548218450095952,26.15241981860532,26.29094886779785,129.97805439122038,133.71770077604796,128.478192299153,131.26792907714844
2025-02-27 00:00:00-05:00,56.72514720137,58.18927680841408,56.3492208590583,58.16949081420898,135.0942127218663,136.35836115834118,134.5965181613491,135.24351501464844,295.87509074167843,304.441647286169,292.21086539247926,294.4373474121094,243.65044659011832,245.94781352000783,242.4371161047933,243.73001098632807,173.78985771928288,174.3591940996765,167.746814231894,168.30616760253906,258.5872290919657,262.0260695858289,256.28142433244926,257.4641418457031,153.5248390763644,154.53590341163556,152.2064744673341,152.67236328125,464.1862264879669,473.3769287659693,463.0410960039027,466.5660400390625,210.6625437090509,213.74604714161345,210.4934505137576,211.13999938964844,88.58470805809633,90.1908353419244,88.48556607950034,89.8041763305664,23.700000762939453,24.399999618530277,23.06999969482422,23.09000015258789,26.290000915527344,26.5,26.01000022888184,26.100000381469727,401.2699890136719,405.739990234375,392.1700134277344,392.5299987792969,356.28327060895253,359.83566253447896,353.61650175463416,355.1091003417969,113.0,115.6999969482422,112.8000030517578,114.48999786376952,216.6245058265151,218.58856392348665,196.80447518511997,197.20327758789065,149.57750377830376,151.35182465783222,148.61600366482986,150.6876983642578,529.6520934821219,532.5696702788102,518.6913913203733,522.7879028320312,461.9988966908851,466.6733064796084,458.3510612880964,458.7497253417969,95.637370814424,97.77150962478906,95.5476133310344,96.52493286132812,70.20194264552934,71.01593544179289,69.90413726275992,70.35084533691406,89.58962015640523,90.56190633600592,89.3911889987701,90.02615356445312,245.7829656115593,247.14576899621332,243.64424284015328,244.2112579345703,291.1600036621094,297.2300109863281,280.8800048828125,281.95001220703125,441.7900085449219,444.5700073242188,436.8200073242188,437.1900024414063,387.45121417512274,392.97615014664166,385.88116074195176,387.8089294433594,995.0,1000.72998046875,961.8300170898438,963.0700073242188,239.41000366210935,242.4600067138672,237.05999755859372,237.3000030517578,81.0796257856415,81.0796257856415,79.05984979244717,79.61702728271484,112.31999969482422,113.12000274658205,111.05999755859376,111.30999755859376,42.39899956380717,42.73362129011196,42.212000652760274,42.58599472045898,201.20059531136283,204.90635390852444,200.3980148280119,203.1426544189453,564.6744104973586,573.7899577475237,563.1068893261527,563.9255981445312,207.6233127321372,209.67019365797964,203.83907631710915,205.39671325683597,72.1500015258789,72.55000305175781,70.58000183105469,70.7300033569336,1034.0,1042.530029296875,1018.8300170898438,1021.7100219726562,162.30999755859375,163.9499969482422,161.72999572753906,163.72999572753906,43.81350447251931,44.49917600376724,43.66444363100797,43.84331512451172,175.73978676984865,176.38904098824568,169.55882503535227,170.0163116455078,351.8999938964844,360.30999755859375,351.67999267578125,355.739990234375,218.3500061035156,219.97000122070312,208.3699951171875,208.7400054931641,161.46935027172046,162.37447349076905,153.2735519508891,153.61172485351562,305.29998779296875,311.0,303.1000061035156,305.82000732421875,169.79163655297396,172.0177506540573,169.57299818029398,170.90469360351562,255.22000122070312,257.6300048828125,253.0500030517578,253.22999572753903,64.34043109244317,64.85698660879474,63.32719923928445,63.38680267333984,34.774649647469595,35.1611441495721,34.68545831772171,35.07195281982422,26.36021355515151,26.68674766406202,26.290949030127575,26.61748313903809,134.9875872324259,134.99758082030266,119.9989676453928,120.13895416259766
2025-02-28 00:00:00-05:00,58.33766980306341,59.09941359691388,57.29892586449027,58.98069763183594,135.77108001632982,137.7319979440193,134.12869392123918,137.3736572265625,295.4957017923792,301.506277368641,291.6916811986876,297.3827514648437,244.9199981689453,247.1100006103516,242.4900054931641,246.69000244140625,168.48594100971005,170.41372863795183,166.5781498819881,170.0841064453125,259.1338608307014,263.1888703350121,256.3112505258936,263.02984619140625,154.00062751248257,154.67467037012162,151.98839087092026,153.92132568359375,465.0126943258031,474.332848516767,462.50342905616935,472.9388122558594,212.9900054931641,213.7700042724609,210.58999633789065,212.88999938964844,89.9330587334209,91.559011361804,89.9330587334209,91.45986938476562,23.020000457763672,24.440000534057617,22.63999938964844,23.729999542236328,26.059999465942383,26.489999771118164,25.90999984741211,26.43000030517578,392.6600036621094,397.6300048828125,386.5700073242188,396.989990234375,355.38770771602776,357.3679091032044,340.7204490553166,346.7803955078125,115.05999755859376,116.08999633789062,114.2699966430664,115.80999755859376,195.16942733377635,200.58305406419052,192.56730055222224,198.82835388183597,152.35298005977444,153.74071962484877,151.01482044799016,152.125,527.8136408124693,529.602106344823,520.1401375741385,528.5130615234375,463.5237947310295,466.7829120520252,459.0985539117029,465.4971923828125,97.52219649043164,98.5892659198868,96.9038916626302,98.33995056152344,70.92659426594994,71.0457179395841,70.04311451363778,70.6883544921875,90.82978535950748,91.67309695302735,89.58961902510335,91.29608154296876,246.86724385604688,248.39916821356252,243.01756405846697,247.33477783203125,279.5,293.8800048828125,273.6000061035156,292.9800109863281,438.1600036621094,440.3699951171875,432.1000061035156,438.55999755859375,391.9327839920741,394.3673159924461,387.81887645267545,394.0990295410156,969.5599975585938,982.27001953125,958.1699829101562,980.5599975585938,236.9499969482422,242.08999633789065,230.1999969482422,241.83999633789065,78.85090493762924,79.61702395472354,77.78629365409768,79.02999877929688,111.45999908447266,113.98999786376952,111.0,113.8000030517578,42.74346348090999,43.06824492373363,41.936426254021015,42.418678283691406,203.24173604936573,207.68072411516283,202.5382459004514,207.11593627929688,566.4015975747055,575.5171439571551,563.1068357235972,575.3973388671875,206.7346628703339,207.78306675209436,204.6278758217571,207.44357299804688,70.5,71.12000274658203,69.68199920654297,71.05000305175781,1030.6099853515625,1049.3800048828125,1023.989990234375,1048.6099853515625,164.30999755859375,165.94000244140625,162.6999969482422,165.02000427246094,44.04206171196736,45.91027298522161,43.92281531305422,45.81089782714844,170.1062040953664,172.30369747869378,168.19837398997922,172.02401733398438,354.7099914550781,364.0,353.7099914550781,362.7099914550781,208.6499938964844,212.6199951171875,206.9900054931641,212.27999877929688,154.2681817527743,156.4663206956995,152.57728696350398,156.3270721435547,308.510009765625,308.6199951171875,303.5199890136719,308.0599975585937,172.50472338454878,173.56808715528004,170.7854444855542,172.7631072998047,250.8600006103516,252.80999755859372,246.5399932861328,252.44000244140625,63.50600793421234,63.734485877910046,62.41330479809957,63.684814453125,35.3296159800321,35.765660351645536,35.21069169470733,35.55754852294922,26.716433690860885,27.20128726099479,26.716433690860885,27.122127532958984,118.00914142194866,125.07849083366686,116.38929530836823,124.90850830078124
2025-03-03 00:00:00-05:00,59.10930371037457,59.27747899737702,58.37723703324183,59.2280158996582,137.5329202267624,140.19060749636887,137.3736543138399,139.57347106933594,300.5277965508659,302.5945564843929,290.6033878085867,292.6002502441406,248.33999633789065,249.6999969482422,243.7700042724609,245.80999755859372,171.7322094406985,173.17055534541237,165.73911166521458,166.81787109375,262.3838493601168,264.689654103572,256.2416892567501,259.0245361328125,153.4653699554822,157.46010722667847,152.65253749569618,157.40061950683594,472.3513267178483,475.2389797704821,463.23030319807685,465.0624694824219,213.72000122070312,216.05999755859372,211.02999877929688,212.0200042724609,90.99389664530683,92.41164889745956,90.99389664530683,92.35216522216795,25.0,25.040000915527344,22.520000457763672,22.739999771118164,26.3700008392334,26.899999618530277,25.96999931335449,26.25,398.8200073242188,398.8200073242188,386.1600036621094,388.489990234375,347.69585312167465,350.2531487657395,341.31747865494964,343.2876892089844,116.04000091552734,117.45999908447266,114.0999984741211,115.41000366210938,203.3845684019193,203.4443849585848,183.97330470065685,186.8047332763672,150.0235750971919,154.78149581132473,149.1810184446561,154.62290954589844,530.4713879337122,532.0300673895964,519.190949248624,523.1975708007812,467.5403972878758,470.6599958966642,459.4473985804153,460.7131652832031,97.7116776023675,99.21753687342516,96.56482544387592,97.32273864746094,69.72545731465965,71.82993005824459,69.2191987540306,71.79022216796875,91.94096950152012,94.18319235234743,91.57388511113273,93.5581512451172,247.3745582968336,248.3693088420427,242.52018595772145,244.8677978515625,300.3399963378906,303.94000244140625,277.29998779296875,284.6499938964844,440.6499938964844,448.0899963378906,438.2099914550781,440.7200012207031,394.4468328952568,394.5660713194461,384.0329091891438,387.2326049804688,983.0,994.9299926757812,964.8099975585938,973.7000122070312,241.7899932861328,244.02999877929688,236.1100006103516,238.02999877929688,79.98999786376953,80.95999908447266,77.88999938964844,78.41000366210938,114.06999969482422,115.5500030517578,112.0,112.79000091552734,42.280891388569714,43.17650604248047,42.251366827204,43.17650604248047,208.05723809908005,210.35600143876937,206.9970438022381,209.5435028076172,576.4158003489025,581.3080045113842,569.0973905272356,574.0095825195312,209.141002111688,209.170955203272,204.5480017518468,205.37673950195312,71.0999984741211,71.56999969482422,69.5,69.75,1051.739990234375,1066.0,1041.1400146484375,1046.8499755859375,164.9600067138672,167.3300018310547,164.83999633789062,167.27999877929688,45.92020966132932,46.665506305526165,44.93642021382334,45.27428817749024,173.5323013294071,174.80086041257175,167.4492350449917,168.46807861328125,363.0,366.5400085449219,359.5400085449219,361.8200073242188,213.3500061035156,214.00999450683597,202.5500030517578,205.0200042724609,158.13732240590647,159.2214729584623,151.7020206029329,152.79611206054688,307.3399963378906,312.4800109863281,307.3399963378906,310.7799987792969,172.50473031336983,175.19793425494368,172.43515666169958,174.5022735595703,254.7400054931641,255.9900054931641,248.25,250.19000244140625,63.96295506779119,64.44970319080241,62.77091289340424,63.058990478515625,35.547638498389446,35.91431606378011,35.42871798604338,35.65665054321289,26.983598393762577,27.567402093888948,26.90443866598189,27.42887115478516,123.49864257535764,123.68861991301428,112.26967207329028,114.04950714111328
2025-03-04 00:00:00-05:00,59.31705209169273,60.03922389847912,58.65423826755177,58.80262756347656,140.34987744058273,140.57881270421368,136.89587569558728,136.94564819335938,289.5450518753166,291.19245728342526,281.7972159093136,286.88922119140625,243.6699981689453,244.0200042724609,240.8500061035156,241.5200042724609,166.04876455679425,173.09064211021553,165.60926829005186,170.72337341308594,253.7172236712603,255.6552982781972,244.44433831893184,248.718017578125,157.09332853528105,158.11431503824136,152.4641918846558,152.60296630859375,467.7509976356769,477.1707324749271,464.474989590723,472.5903015136719,211.6999969482422,212.52999877929688,207.8300018310547,208.0,92.7685632808929,94.54323265939608,91.52926965602042,91.7672119140625,22.540000915527344,22.6299991607666,20.76000022888184,21.32999992370605,26.25,26.309999465942383,25.670000076293945,25.75,383.3999938964844,392.5799865722656,381.0,388.6099853515625,340.49157937092576,347.5167408956621,340.31247483014675,344.0738220214844,114.98999786376952,115.2699966430664,112.0,112.05999755859376,188.6491543647888,193.3648804423324,179.935516087692,186.91439819335935,155.96107148965876,158.74644228107823,152.6107040328389,152.83868408203125,522.5781073587239,524.4065172396024,512.0270321956192,516.133544921875,467.0420581344961,467.7197900480187,458.3510481814299,459.816162109375,95.49775257005244,96.78422067257937,94.2013097232732,94.7099151611328,71.54205239868492,72.1178054382902,69.36809277498888,69.67582702636719,94.00461162994311,94.81816047267264,92.21876901450032,92.2981414794922,243.3259343101441,243.38561691496287,237.82496494524148,238.59092712402344,270.92999267578125,284.3500061035156,261.8399963378906,272.0400085449219,439.25,448.8200073242188,434.7000122070313,446.0299987792969,383.714915002481,385.513498636634,376.5106338222675,379.2731018066406,971.6099853515624,986.3099975585938,948.2100219726562,972.5800170898438,237.7100067138672,240.07000732421875,234.67999267578125,235.92999267578125,77.69999694824219,78.6500015258789,76.77999877929688,77.31999969482422,111.6999969482422,112.25,108.2699966430664,109.01000213623048,43.30445226881061,43.77686402485206,42.14310529397728,42.19231414794922,212.50612312825197,213.68522884885184,205.7683869527283,205.8575592041016,569.5566842131174,572.2923356042007,551.1358880633884,554.1910400390625,205.36674434712864,207.9428168642477,202.08176168397745,205.59640502929688,69.0,69.08000183105469,66.33999633789062,67.4800033569336,1045.72998046875,1047.9300537109375,1028.72998046875,1036.8699951171875,168.0800018310547,169.99000549316406,165.32000732421875,165.4199981689453,44.44949141435704,44.55880219538621,41.76642273652905,42.40240859985352,167.74889040520628,174.9656593689528,167.34933645157065,172.41357421875,360.1099853515625,360.2699890136719,350.3999938964844,352.2300109863281,200.1100006103516,206.8000030517578,197.42999267578125,203.8000030517578,154.43727577546863,156.3569177083125,150.53830094711466,153.63162231445312,316.5299987792969,319.82000732421875,312.1000061035156,312.19000244140625,175.6550851603997,178.875019761938,171.83887648290153,172.10719299316406,248.75,255.47999572753903,248.1000061035156,253.2100067138672,63.31727020291392,63.48614092324131,62.19476343988689,62.840450286865234,35.884579933764954,35.99359196896868,34.953029071831004,35.18096160888672,27.508029932291336,27.676244583928863,25.845675706323483,25.944623947143555,110.6398266732206,119.29902637351395,110.09987541363247,115.97933197021484
2025-03-05 00:00:00-05:00,58.79273707809776,59.613835090893744,58.74327397893048,59.17855453491211,136.2687647772055,137.861393448372,135.4127295244292,137.07504272460938,286.76941462216854,292.22084052134073,285.171918585169,291.511962890625,241.82000732421875,245.0500030517578,241.19000244140625,243.6100006103516,170.32384453302183,173.58008886593674,168.86551735545183,172.8209686279297,249.7118886671961,251.50087239520067,246.3128271666759,249.99017333984372,151.99831111369576,153.59422463599827,151.31434601481203,151.80006408691406,469.0653889406884,477.04128206267615,469.0056466991538,473.9544982910156,208.0,210.42999267578125,206.7899932861328,209.6199951171875,90.29989452409718,92.64959044858372,89.72486045388305,92.3918228149414,21.32999992370605,21.36000061035156,20.18000030517578,20.809999465942383,25.700000762939453,26.18000030517578,25.65999984741211,25.940000534057617,389.3399963378906,401.6700134277344,388.80999755859375,401.0199890136719,343.51658718406026,347.0789090805926,341.7652618090522,346.5415954589844,111.56999969482422,112.5199966430664,110.20999908447266,111.69000244140624,191.28119875875444,193.494502695954,186.53556416865663,191.0020446777344,151.58971627507535,153.97859869747612,151.39147209739994,152.53140258789062,512.446629520104,524.46643265195,511.7272061970715,523.7470703125,460.3942116241458,468.8560055599026,459.0187948507521,466.6932067871094,94.70991928125866,96.12602868666772,94.49052054916694,95.71715545654295,69.38795340771198,70.22179640461985,69.32838778400009,69.56663513183594,92.85373406930972,93.98477277777587,92.53625177709768,93.32003784179688,236.7506314127688,241.7243841735412,236.55168433807563,241.68460083007807,272.9200134277344,279.54998779296875,267.7099914550781,279.1000061035156,443.6499938964844,453.260009765625,443.1099853515625,451.239990234375,376.6100091335512,384.6787992001696,375.6262618216512,383.9136657714844,973.6199951171876,995.5999755859376,969.47998046875,990.9199829101562,235.4199981689453,236.5500030517578,229.22999572753903,235.7400054931641,77.33000183105469,78.30999755859375,76.45999908447266,77.80999755859375,109.33999633789062,110.94000244140624,108.22000122070312,109.30999755859376,42.10373932473861,42.664728554539,41.71006471411113,42.16279220581055,205.1738961263648,210.2370900542384,204.1136867100877,209.6029510498047,551.7049806936767,560.1016362509542,550.4469662126627,557.4158935546875,205.12710649399236,211.50737357791044,204.62786802033503,210.2393035888672,67.9800033569336,69.69000244140625,67.69999694824219,69.5,1033.0799560546875,1050.97998046875,1028.5,1047.75,164.50999450683594,166.4600067138672,163.52999877929688,165.1199951171875,42.38253853799572,42.462034877736166,41.44843095831517,42.02479553222656,172.12391841048589,175.55000797862252,170.73548550793336,174.79087829589844,350.8299865722656,354.1099853515625,348.94000244140625,352.67999267578125,204.8000030517578,209.97999572753903,203.25999450683597,208.3600006103516,154.20849012495765,158.29644817437057,152.20927552562142,157.63999938964844,310.6300048828125,318.94000244140625,310.1400146484375,316.57000732421875,172.30595935793605,174.78052472904596,171.94818886082484,173.52833557128906,251.5800018310547,252.7400054931641,247.00999450683597,251.3500061035156,62.810650467068,63.75435070898528,62.38350197640436,63.53580856323242,35.00258031656686,35.36925408333472,34.655727264274944,35.24042510986328,25.79620112730223,26.112840045023415,25.55872193901134,25.90504646301269,117.56918811598004,118.26912068620358,114.49947076595478,117.28921508789062
2025-03-06 00:00:00-05:00,59.29726651317719,60.049119203453365,58.397024525935926,59.53469467163086,136.42803484882955,137.08499533488325,132.84464301190894,134.45716857910156,287.7778299356748,297.612352681382,284.3831395484423,285.6012268066406,243.3000030517578,245.47999572753903,241.8500061035156,245.2700042724609,170.33381982392953,174.60889486138916,170.30385555544734,172.1517333984375,246.59111193964247,247.83345964495985,242.3571964194568,245.0307159423828,151.63153976099673,152.761564350129,150.31317521946286,152.2064666748047,473.9744039539448,486.0428229909063,469.99142576945786,485.64453125,208.94000244140625,211.7400054931641,207.8999938964844,211.25999450683597,92.33233412477544,93.24446002700108,90.9938984557471,93.19488525390624,20.26000022888184,21.1299991607666,20.0,20.75,25.93000030517578,26.459999084472656,25.899999618530277,26.239999771118164,394.2799987792969,402.1499938964844,392.6799926757813,396.8900146484375,342.82002809688623,345.3873146388453,338.14323747162814,340.1532592773437,110.01000213623048,110.43000030517578,104.91000366210938,105.47000122070312,180.49382999185,186.26637118006568,177.07418495288186,178.90863037109375,152.81885860482296,153.6118504625256,151.1932321028103,153.2550048828125,522.997689683107,533.5587652308604,520.8994886004353,527.1941528320312,465.1384051572987,468.5868932304388,461.8095132553713,464.6101684570313,94.5403867090794,95.92657948959018,93.92208188275409,94.38082122802734,69.8942184730152,70.01333457158333,68.94124424343562,69.94384765625,93.00255593070062,93.2406733278666,91.36553477971546,92.39735412597656,240.55058236352457,244.0222520264749,238.7799124416486,242.2217559814453,272.0599975585937,272.6499938964844,260.0199890136719,263.45001220703125,444.7300109863281,452.1900024414063,441.1900024414063,444.7799987792969,381.0816423737755,385.3147884442128,378.3291209586845,379.3228149414063,972.989990234375,973.6900024414062,899.0,906.3599853515624,234.44000244140625,237.8600006103516,233.16000366210935,235.3300018310547,76.73999786376953,78.33000183105469,76.73999786376953,77.70999908447266,108.37999725341795,108.83000183105467,105.0199966430664,105.43000030517578,42.32026302868337,43.61939638409599,42.18247672650251,43.53081893920898,209.51377759947223,210.038923250814,206.59079337883676,208.8201904296875,547.6314237913664,554.8000466023958,543.8274595476939,548.9493408203125,210.3990667424901,215.8207893354316,209.34068360000023,214.4828338623047,68.81999969482422,69.86000061035156,67.65899658203125,68.08000183105469,1032.949951171875,1045.8900146484375,1019.0499877929688,1026.6199951171875,165.0,165.8699951171875,163.50999450683594,165.8300018310547,41.32918275933454,41.627300654276766,40.70313252641358,41.19999694824219,172.35364986457097,176.52888591983762,172.31169022063378,174.0117645263672,345.9599914550781,348.8699951171875,340.3900146484375,344.1600036621094,204.3999938964844,205.7700042724609,198.3000030517578,200.6999969482422,154.11000061035156,157.8800048828125,154.08999633789062,156.0399932861328,316.4200134277344,318.67999267578125,312.5,317.82000732421875,173.80660441514866,174.75071639613654,171.76930056295478,173.57803344726562,249.75,252.1000061035156,246.8000030517578,248.69000244140625,63.3768690378576,63.5954073913973,62.34376554865973,62.98945617675781,35.210690917487426,36.01341281384474,35.032308273852465,35.94404220581055,25.944624377775728,26.50863955132201,25.786304925055745,26.449268341064453,113.5195565422474,115.3393888375433,110.209863429875,110.55982971191406
2025-03-07 00:00:00-05:00,59.801799800703286,62.4332766631877,59.62372962571022,60.4349365234375,133.88979669752325,136.8461038558819,133.34234478469932,136.50767517089844,282.7357511486736,287.85770828354424,274.7383376379856,282.4462280273437,246.08999633789065,250.3300018310547,244.9600067138672,249.30999755859372,171.06298843219486,174.7687274017958,170.07413701655315,173.66000366210938,243.7287362366324,245.20962015035235,237.95430656993176,240.7967987060547,151.78022249818298,152.56331860938607,149.11375709786202,149.62921142578125,481.77104618512647,497.79260186881527,481.3130122254721,491.3800048828125,211.25,215.3600006103516,210.7899932861328,214.5200042724609,93.45265830550132,96.53602153255746,93.046166354825,93.83931732177734,20.270000457763672,21.200000762939453,20.11000061035156,20.63999938964844,26.399999618530277,26.88999938964844,26.18000030517578,26.729999542236328,392.3200073242188,394.7999877929688,385.5400085449219,393.30999755859375,337.32727548068,341.1980956663359,334.2525260827274,340.4915771484375,104.7300033569336,106.86000061035156,103.44000244140624,106.4800033569336,187.16364230991292,194.89026171498145,181.01225810586007,194.3718414306641,153.25,157.58999633789062,152.77000427246094,154.44000244140625,524.2765973116849,532.5296276049293,518.8611941323157,531.2607421875,464.6201552728744,468.43740843082537,461.87929809588553,467.2114868164063,93.68274023442687,93.6927073705068,90.51144861432074,91.46881866455078,69.13977892180279,71.29388072187022,69.13977892180279,70.90673828125,91.87152216259868,94.28240586206732,91.71278480506408,93.75657653808594,240.7893130387258,241.7741215366513,237.10873908020972,241.38616943359372,259.32000732421875,266.25,250.72999572753903,262.6700134277344,442.0,452.510009765625,440.989990234375,449.3999938964844,377.1068443689316,378.2495863171444,366.5736827036136,374.4238586425781,897.6400146484375,904.8900146484376,858.0700073242188,891.1099853515625,235.1100006103516,241.3699951171875,234.75999450683597,239.07000732421875,77.4800033569336,79.0,76.97000122070312,78.58999633789062,105.0,105.7699966430664,103.30999755859376,105.51000213623048,43.59970988371981,45.46967640140867,43.59970988371981,45.33189010620117,209.1768850246833,213.0213610462872,207.0862055031189,212.3277587890625,546.203687548112,549.5084435173196,535.4307961298379,545.9041748046875,213.0150793555372,214.80236171603613,209.46050367602743,211.7470245361328,67.97000122070312,70.9800033569336,67.82499694824219,70.4800033569336,995.1500244140624,1002.4199829101562,942.780029296875,964.3099975585938,165.1300048828125,168.4600067138672,164.6999969482422,166.69000244140625,41.310001373291016,41.72999954223633,40.61000061035156,41.400001525878906,173.0448614517929,176.69868829805844,172.05398592128185,175.5500030517578,340.8699951171875,346.3900146484375,339.1400146484375,345.32000732421875,199.4900054931641,202.2700042724609,192.52999877929688,199.25,155.22000122070312,161.82000732421875,155.22000122070312,161.22000122070312,318.95001220703125,328.19000244140625,317.7799987792969,324.8599853515625,173.0115527518845,177.7818209962848,172.97180721406474,174.8600311279297,245.9499969482422,261.9599914550781,245.17999267578125,261.5400085449219,62.48283813997977,63.7444119517767,61.77754409941447,63.51593780517578,35.75575391225134,37.28191118964556,35.74584166437153,37.25218200683594,26.38989990523087,26.924227604293264,26.320635378252117,26.835174560546875,111.2397716760376,113.46957000648337,107.5501084934214,112.6796417236328
2025-03-10 00:00:00-04:00,60.29643878802127,62.48274022937439,60.06890551244897,62.43327713012695,135.8009342465952,138.50839394573313,135.8009342465952,136.72665405273438,276.5354850062824,277.9133249091515,270.2952901343763,272.47186279296875,247.6199951171875,251.25999450683597,246.1199951171875,248.2899932861328,168.25999450683594,168.4600067138672,163.69000244140625,165.8699951171875,234.76398042623,236.05600997666537,227.2999453070333,230.79840087890625,150.03563630143873,150.33301439724576,148.34059174303346,149.27236938476562,492.2799987792969,497.8500061035156,477.7099914550781,480.2200012207031,214.2899932861328,218.47000122070312,213.5800018310547,213.82000732421875,93.8789766431092,96.16918892801282,93.8789766431092,94.4143524169922,20.239999771118164,20.51000022888184,19.649999618530277,19.93000030517578,26.63999938964844,27.239999771118164,26.540000915527344,26.63999938964844,385.8399963378906,386.3999938964844,377.2200012207031,380.1600036621094,337.21782029940937,338.222815978988,330.8891868320404,333.6455078125,105.7300033569336,106.0,99.8000030517578,101.12999725341795,189.0280117915337,191.4008213497149,179.88566289624984,183.8935394287109,155.8800048828125,160.0800018310547,155.3699951171875,156.25,525.8353392508933,535.7569413956762,524.9060714060432,526.3548583984375,464.440730484884,469.61347791641725,456.4972268335566,460.5238037109375,89.51418789579957,89.9829019842576,86.37281287631562,87.57949829101562,71.43285608118927,72.68362807124566,70.79754500733644,70.92658996582031,93.83595062129956,95.4928110852984,92.81405473714908,93.06208801269533,241.22701596941343,245.3253835072596,239.80452992390076,241.10765075683597,252.5399932861328,253.3699951171875,220.0,222.1499938964844,443.1099853515625,444.5400085449219,433.2300109863281,435.0799865722656,375.0598597749637,380.7040343264729,370.2603008498106,372.2874450683594,875.0700073242188,881.27001953125,854.5,866.6799926757812,235.5399932861328,236.16000366210935,224.22000122070312,227.47999572753903,77.51000213623047,80.19000244140625,76.05999755859375,76.4000015258789,104.43000030517578,104.8000030517578,102.11000061035156,103.08000183105467,45.33188971527896,46.61133870110874,45.33188971527896,45.75509262084961,208.0671494583352,216.6577573807688,207.2843749372165,214.6760711669922,537.2978073169648,547.691295175439,531.1775099408501,536.2694091796875,208.871394844784,210.89830182703196,204.4281754806333,204.91741943359372,69.0199966430664,69.97000122070312,66.98999786376953,68.16000366210938,955.469970703125,959.6599731445312,924.030029296875,934.4099731445312,167.47999572753906,169.89999389648438,167.0500030517578,167.6999969482422,40.400001525878906,40.619998931884766,39.18000030517578,39.83000183105469,170.16000366210938,170.4499969482422,165.56500244140625,167.80999755859375,339.94000244140625,345.010009765625,337.6400146484375,341.4800109863281,195.6000061035156,196.72999572753903,190.8500061035156,194.5399932861328,157.35000610351562,159.25999450683594,152.61000061035156,154.97999572753906,324.1300048828125,335.8800048828125,322.7699890136719,327.3599853515625,175.6650240009935,178.87502612290947,174.74079232646974,175.16812133789062,261.5599975585937,266.45001220703125,254.75,256.8999938964844,63.05899134035408,63.26759768163851,61.270929949034695,61.64841079711914,37.07379665990361,37.638673774801056,35.7061976436397,35.78548049926758,26.825279373634423,27.17160200872352,26.39979512216288,26.99349403381348,109.88989097369002,111.83970852661248,105.45029700249104,106.97016143798828
2025-03-11 00:00:00-04:00,62.12659783197397,62.65091723335933,60.57343316920905,60.85042953491211,136.42803064689258,136.42803064689258,131.69993231684774,132.04832458496094,273.2905938998123,280.0100469584248,271.57329098801176,276.6153564453125,247.4499969482422,248.08999633789065,237.42999267578125,237.77999877929688,164.91000366210938,166.75,161.3699951171875,164.0399932861328,230.331266287046,231.8916622959661,225.30224516480104,227.73724365234372,149.53010225973188,152.28577667094095,148.8263079459497,150.7691650390625,482.5,486.7699890136719,477.1400146484375,486.0400085449219,213.4900054931641,213.75,206.9199981689453,208.58999633789065,94.16649123523284,94.56305914864822,92.77848084613484,93.91863250732422,19.96999931335449,20.059999465942383,19.290000915527344,19.780000686645508,26.56999969482422,26.6200008392334,25.8700008392334,25.989999771118164,379.0,386.0,376.9100036621094,380.4500122070313,331.4364523122301,332.779797008961,323.94360920565657,326.1725769042969,101.88999938964844,103.0,99.0,99.58000183105467,187.4826863153893,195.02984092735872,184.79083482544024,189.5165252685547,155.7899932861328,156.0500030517578,151.80999755859375,152.3300018310547,524.7362674341759,526.3149495655774,508.979602504214,513.7655639648438,460.115149210498,460.364318037149,449.6201594486029,452.5603637695313,87.05094790460959,89.10530393938961,86.90135717396527,87.2005386352539,71.3534428891331,71.51227445010441,70.09274956132249,70.51959991455078,92.66523179105556,93.20098456607944,91.94097130740067,92.54617309570312,240.55058502837355,240.75947414358345,230.37427598414888,231.4486083984375,225.30999755859372,237.05999755859372,217.0200042724609,230.5800018310547,432.8800048828125,441.3299865722656,431.0,433.6600036621094,371.8601619922978,372.5656762262705,363.42370981558537,365.83837890625,867.4099731445312,910.6799926757812,866.0,895.0999755859375,223.80999755859372,225.83999633789065,217.4499969482422,220.83999633789065,75.91000366210938,76.08000183105469,73.62000274658203,74.16999816894531,99.79000091552734,101.04000091552734,97.4499969482422,97.9000015258789,42.55647026645303,43.21587720559517,41.96595272314271,42.743465423583984,214.6760660550912,214.6760660550912,210.4649829510909,211.63417053222656,536.3493178576438,537.1979474469103,521.4229800560831,524.9673461914062,204.8575274167568,207.55341231116623,202.3413610720512,205.2968597412109,68.41000366210938,68.94999694824219,67.16500091552734,67.9800033569336,931.0,938.0,921.2000122070312,930.489990234375,167.1999969482422,167.3000030517578,165.0500030517578,165.86000061035156,39.70000076293945,40.65999984741211,39.27000045776367,39.61000061035156,166.67999267578125,168.65499877929688,163.24000549316406,165.97999572753906,338.4100036621094,339.6099853515625,329.5799865722656,332.1400146484375,193.8999938964844,200.17999267578125,193.3999938964844,196.58999633789065,154.85000610351562,156.22999572753906,150.86000061035156,153.10000610351562,328.79998779296875,329.1000061035156,318.4200134277344,318.8900146484375,174.74078057061345,174.89979305153244,171.25252956944243,172.0475616455078,255.9900054931641,256.70001220703125,245.8600006103516,248.9499969482422,61.866946700017046,61.96628575578886,60.12855301268416,60.26762390136719,35.74583929650049,35.99359255127547,35.16114146401496,35.62691879272461,26.19199963501081,26.54821935920909,25.32124261591334,25.736831665039062,106.98015850635034,112.22967568900776,104.76036144852146,108.75
2025-03-12 00:00:00-04:00,60.06890500931875,60.16783120698504,58.88177176836054,59.16866302490234,131.68003288944936,131.9985647294718,128.84318273286567,129.67930603027344,281.40784717518386,285.48143317107434,278.6521672407944,284.133544921875,236.69000244140625,238.3999938964844,234.0200042724609,237.4900054931641,166.5800018310547,167.63999938964844,163.52999877929688,167.11000061035156,232.5675001576764,232.88554846291444,225.86875559103464,226.5048370361328,150.5114261502641,151.21522044463833,148.99481456020789,149.99598693847656,483.1400146484375,487.6000061035156,478.8200073242188,481.1099853515625,207.08999633789065,207.7899932861328,204.72999572753903,206.3500061035156,93.26427988836664,93.59145521774906,92.0646445780124,92.55044555664062,20.790000915527344,21.170000076293945,20.209999084472656,20.68000030517578,25.940000534057617,25.96999931335449,25.5,25.709999084472656,382.9500122070313,385.2200012207031,378.9500122070313,383.2699890136719,326.87908210144394,328.37168064985235,321.29677810655414,322.7296447753906,100.3000030517578,100.3000030517578,96.97000122070312,98.69000244140624,195.62804501633727,199.37669637740396,191.8694140870916,193.64404296875,147.5399932861328,149.52999877929688,146.50999450683594,148.1699981689453,516.2534223354818,520.2500425131213,511.37754084007486,512.2168579101562,451.8028827768025,453.4374448865086,447.3278203637612,449.6700134277344,87.63932799824916,88.85598810841213,84.64754383561912,84.96666717529297,69.85450842592712,70.21187185761129,69.22911863372708,69.42765808105469,92.15924102047896,92.26837626462152,89.63922209374392,90.79010009765624,231.78681869070985,233.5176901008331,225.21151699062725,227.1313934326172,247.22000122070312,251.83999633789065,241.1000061035156,248.08999633789065,436.6900024414063,443.8999938964844,435.5,438.6000061035156,369.62432691913375,369.65413652359,359.4687738908836,362.4299926757813,914.5999755859376,927.1799926757812,901.0,919.6799926757812,220.13999938964844,221.75,214.91000366210935,216.97999572753903,74.36000061035156,74.5,73.2300033569336,73.58000183105469,98.68000030517578,99.48999786376952,96.37999725341795,98.76000213623048,41.43448842198652,42.21200112921138,40.51918941310563,41.91674423217773,210.058746410522,211.91161825066447,207.393375935602,210.11819458007807,529.6699035994352,531.8664319064707,518.4377188982904,523.8092041015625,205.206987061625,208.43206334466896,203.57946475749807,204.64784240722656,68.87000274658203,69.37999725341797,67.90499877929688,68.62000274658203,938.0,944.3800048828124,923.25,927.0800170898438,163.72999572753906,164.2100067138672,162.22999572753906,162.85000610351562,40.310001373291016,40.5,39.20000076293945,39.90999984741211,168.47000122070312,169.52999877929688,165.47999572753906,169.0,335.9700012207031,336.1600036621094,329.1099853515625,332.8399963378906,200.72000122070312,201.5200042724609,195.2899932861328,198.88999938964844,154.2100067138672,155.86000061035156,151.9199981689453,152.8000030517578,311.3900146484375,316.0199890136719,308.6400146484375,312.5,168.6487587368148,170.76556890799736,166.7307217598258,167.32699584960938,250.3500061035156,253.1300048828125,245.52999877929688,249.6300048828125,60.55570493510756,60.7742470808809,59.850414651163405,60.05902099609375,35.438625930115755,35.55755022112016,34.586357860406736,34.873748779296875,25.36082185311785,25.58840772825951,24.628593878822656,25.44987678527832,114.12000274658205,116.76000213623048,112.87999725341795,115.73999786376952
2025-03-13 00:00:00-04:00,59.346733730505264,60.108473761691954,59.14887755961061,59.63362121582031,129.67929306739637,130.24667215505775,128.4051962115348,129.2910919189453,281.607513634254,282.11672330715874,269.3268218064916,271.3136901855469,237.1499938964844,238.08999633789065,233.5200042724609,234.2899932861328,166.0399932861328,166.1300048828125,162.11000061035156,162.75999450683594,227.8962718495833,228.0950444543765,222.85730215022951,223.8114318847656,150.39248180396413,151.42337535855523,148.83621172724443,149.17324829101562,479.4500122070313,484.05999755859375,475.0,481.5199890136719,205.66000366210935,207.8999938964844,205.1100006103516,206.69000244140625,92.60002633996012,95.51483996505624,92.60002633996012,93.8988037109375,23.5,24.530000686645508,23.1299991607666,23.700000762939453,25.76000022888184,26.06999969482422,25.530000686645508,25.600000381469727,383.1600036621094,385.3200073242188,377.4500122070313,378.7699890136719,322.0928233307288,322.0928233307288,313.0576096438666,315.5054931640625,98.70999908447266,98.87000274658205,95.93000030517578,96.04000091552734,192.56729276158168,195.72774279050492,188.89840200646503,190.7826995849609,148.3699951171875,150.47999572753906,148.05999755859375,148.33999633789062,511.56738798852336,516.0435831186758,507.9204781373543,508.4700012207031,449.4400024414063,455.3500061035156,447.5,453.260009765625,84.70738263968268,85.21598045688299,83.64031328521283,84.26858520507812,69.73538281159506,69.73538281159506,68.77248734606556,69.11000061035156,91.04805325870848,92.01042359797192,90.83970621145173,91.60365295410156,226.53454264905304,227.1612403642076,219.01423078195504,221.4911651611328,248.1300048828125,248.2899932861328,232.6000061035156,240.67999267578125,405.2699890136719,405.7699890136719,374.5,377.8399963378906,361.9100036621094,362.0,345.260009765625,347.25,913.0,921.8900146484376,887.510009765625,890.1699829101562,215.9499969482422,216.83999633789065,208.4199981689453,209.67999267578125,73.18000030517578,73.94000244140625,71.66999816894531,72.63999938964844,97.7699966430664,98.6500015258789,95.93000030517578,96.87000274658205,42.093896126627726,43.1272970699247,42.093896126627726,43.01903533935547,210.05874565182225,211.84226632739623,208.75082545004577,209.6128692626953,523.6694236573305,527.6930711677531,516.8901979562341,519.0068359375,203.7492064558783,206.5050126221265,202.91048946421552,203.77915954589844,68.33000183105469,68.91000366210938,66.69999694824219,66.91000366210938,922.0,923.5,887.469970703125,890.6199951171875,163.42999267578125,164.5399932861328,162.66000366210938,162.99000549316406,39.970001220703125,40.18999862670898,39.33000183105469,39.66999816894531,167.97999572753906,168.1199951171875,164.07000732421875,164.72999572753906,330.989990234375,336.20001220703125,327.70001220703125,328.54998779296875,198.1699981689453,198.8800048828125,191.82000732421875,193.88999938964844,152.60000610351562,155.6300048828125,150.4199981689453,151.94000244140625,313.6600036621094,316.75,311.989990234375,312.6400146484375,166.66113771167173,168.24128442277768,166.24374132558324,167.54562377929688,248.8000030517578,249.2700042724609,243.0399932861328,245.8000030517578,60.00935153462646,60.08882278136212,58.83717717105885,59.27425765991211,34.85392663201557,35.597186408386364,34.3485116474659,34.388153076171875,25.519141946922296,26.182103473503687,25.489456341888022,25.815990447998047,117.02999877929688,117.76000213623048,113.79000091552734,115.58000183105467
2025-03-14 00:00:00-04:00,59.19834102069883,59.34673409322493,58.090351740226446,58.37723922729492,124.42364834144811,127.89756207097749,123.92595374808234,126.12576293945312,274.5685787557238,279.4509219270553,272.2522110694925,278.961669921875,235.63999938964844,237.7400054931641,234.91000366210935,237.52999877929688,163.27000427246094,166.49000549316406,162.4499969482422,165.49000549316406,226.723483097205,231.71275575272347,226.18679555862144,231.0170440673828,149.23272183415477,150.6898608498852,148.48928417818115,150.55108642578125,481.0,489.4500122070313,478.239990234375,488.6499938964844,208.47000122070312,211.1499938964844,207.88999938964844,209.47000122070312,93.47248509544484,94.0673445476693,92.64959227844274,93.76000213623048,23.68000030517578,24.3700008392334,23.520000457763672,24.049999237060547,25.6200008392334,25.76000022888184,25.5,25.71999931335449,379.7799987792969,390.2300109863281,379.510009765625,388.55999755859375,314.8487446862853,317.3264485847096,312.7392102415389,317.2468566894531,96.5199966430664,98.25,96.16000366210938,98.11000061035156,195.6081010649379,196.90418226926155,192.61715146084785,194.95008850097656,147.1300048828125,149.16000366210938,147.0800018310547,148.58999633789062,510.0,523.9000244140625,508.7099914550781,522.0499877929688,454.55999755859375,458.0,452.8500061035156,455.5,84.72732538684868,85.13620620209916,83.82978862892115,85.11625671386719,68.51000213623047,69.26000213623047,68.37999725341797,69.16000366210938,91.58379872874276,92.5660158907434,91.39529859784696,92.33782196044922,223.16234443072983,223.580137858422,219.85978035429648,223.26182556152344,247.30999755859372,251.5800018310547,240.72999572753903,249.97999572753903,379.75,396.3599853515625,377.7999877929688,394.739990234375,350.6499938964844,351.3900146484375,345.4200134277344,351.3099975585937,901.4600219726562,919.6300048828124,901.0,918.0,211.25,213.9499969482422,209.5800018310547,213.4900054931641,73.27999877929688,73.54000091552734,71.31999969482422,71.66000366210938,97.44000244140624,99.0999984741211,97.41999816894533,98.63999938964844,42.47773365171944,43.07809147251433,42.330103325348674,42.88125228881836,207.85907302865743,210.8712446457021,206.38271130485688,209.8308563232422,521.7723857081013,527.5731825483745,520.1250352129589,526.804443359375,205.8160724645548,211.5972476914485,204.79762164088976,210.41905212402344,67.80999755859375,69.13999938964844,67.5199966430664,68.94999694824219,891.8099975585938,906.9500122070312,881.5599975585938,903.9199829101562,162.1199951171875,163.14999389648438,161.10000610351562,162.80999755859375,40.2599983215332,41.02000045776367,40.16999816894531,40.88999938964844,165.31500244140625,168.25,164.50999450683594,167.6199951171875,327.2099914550781,332.7699890136719,326.3800048828125,331.79998779296875,197.41000366210935,198.6499938964844,195.32000732421875,197.9499969482422,153.55999755859375,156.9499969482422,153.5399932861328,156.5800018310547,312.2300109863281,314.510009765625,310.29998779296875,313.7099914550781,166.75058104136866,167.5456282971844,165.58783068499747,166.92947387695312,242.75,248.9499969482422,241.67999267578125,248.3500061035156,59.91994836678621,60.217957963697486,59.522599711306086,60.0987548828125,34.76473829686461,35.27015326991192,34.338602399010284,35.11159133911133,25.529035442000943,26.370108717425094,25.47956132057701,26.300844192504883,118.61000061035156,121.87999725341795,118.1500015258789,121.66999816894533
2025-03-17 00:00:00-04:00,58.525631313692976,59.48523127926306,57.7342104124049,59.34673309326172,126.13571929328496,127.2804183799151,125.61811266204602,127.05147552490234,276.9348678499699,282.286475134554,275.6468830203118,280.3095703125,237.4600067138672,239.50999450683597,235.97000122070312,237.8600006103516,165.02999877929688,166.3000030517578,163.6699981689453,164.2899932861328,229.7647446193413,234.22726299532852,229.0491662998078,232.49790954589844,151.51260369347074,154.36739407045283,150.79890231790566,154.3475799560547,487.510009765625,500.6099853515625,485.9500122070313,499.0199890136719,208.44000244140625,211.1100006103516,207.72999572753903,210.4199981689453,93.6500015258789,95.3000030517578,93.08000183105467,94.79000091552734,24.420000076293945,26.149999618530277,24.3700008392334,25.690000534057617,25.739999771118164,26.149999618530277,25.59000015258789,26.049999237060547,386.7000122070313,392.7099914550781,385.5700073242188,388.7000122070313,318.42102753103313,325.1178306984136,318.02300732001845,324.10284423828125,97.70999908447266,99.4499969482422,97.0,99.08000183105467,187.48268497203404,196.1265270833745,186.93434119531,193.9132232666016,149.22999572753906,151.6699981689453,149.1300048828125,151.33999633789062,522.72998046875,525.719970703125,514.6699829101562,519.5700073242188,452.3399963378906,462.2799987792969,452.3399963378906,460.30999755859375,84.89686096476221,87.74902920169238,84.74727784029093,87.2204818725586,69.23999786376953,70.16999816894531,69.08000183105469,70.12000274658203,92.33782741691212,92.94302921413517,92.0897941416363,92.6156234741211,223.81886942949492,225.4403176518756,222.22726250874317,224.66441345214844,245.05999755859372,245.3999938964844,232.8000030517578,238.00999450683597,394.1199951171875,399.9400024414063,387.1300048828125,399.3399963378906,351.760009765625,355.54998779296875,350.9599914550781,354.1300048828125,939.9500122070312,967.6300048828124,934.4199829101562,950.02001953125,213.30999755859372,215.22000122070312,209.97000122070312,214.0,72.13999938964844,73.94999694824219,72.02999877929688,73.69999694824219,98.73999786376952,100.12000274658205,98.66000366210938,99.36000061035156,42.90093476146035,43.12729849906314,42.40883870030773,42.95998764038086,210.27672182136237,213.52668594784137,207.60144850151343,212.5061187744141,522.4213725332498,532.6351526335321,520.6541560345852,531.1475219726562,211.0480769298177,213.4544101371398,210.5288798635584,212.27621459960935,68.66999816894531,70.22000122070312,67.9800033569336,69.6500015258789,901.6300048828124,923.3900146484376,898.0,916.6099853515624,162.41000366210938,163.5,161.72999572753906,162.83999633789062,40.91999816894531,41.77000045776367,40.59000015258789,41.43999862670898,167.3249969482422,168.4600067138672,165.80999755859375,166.57000732421875,330.0299987792969,336.1099853515625,329.760009765625,334.54998779296875,198.7700042724609,199.0,194.32000732421875,195.7400054931641,155.60000610351562,158.72000122070312,155.44000244140625,157.9499969482422,314.6400146484375,318.6600036621094,311.7900085449219,317.1700134277344,167.3269853305219,170.0301368275497,167.08848177530837,168.7083740234375,249.25,254.6300048828125,249.0,252.97000122070312,59.99941978225134,60.8040453172332,59.939816346942536,60.48616790771485,35.1710530355637,35.59718514760871,35.02239957338865,35.428714752197266,26.29095008656184,26.64716981507499,25.974311166690967,26.548219680786133,122.73999786376952,122.88999938964844,118.02999877929688,119.52999877929688
2025-03-18 00:00:00-04:00,59.23791206480804,59.613834634636255,58.90155770973527,59.25769805908203,127.36003737212847,128.02694627303802,124.32410505292614,125.7176513671875,279.5807095098069,280.0599674820782,275.5071233894646,278.2927551269531,238.47999572753903,240.0,235.52999877929688,237.08999633789065,163.67999267578125,164.25,156.72000122070312,160.6699981689453,232.8855404304428,234.7242059485323,232.09043486014968,233.53155517578125,154.13940596255247,155.6262812612266,152.24611445217408,152.49392700195312,502.239990234375,505.9700012207031,497.8200073242188,503.7999877929688,210.41000366210935,211.50999450683597,208.8300018310547,209.7400054931641,95.2300033569336,95.41000366210938,93.83999633789062,94.72000122070312,25.549999237060547,26.40999984741211,25.38999938964844,25.920000076293945,26.209999084472656,26.399999618530277,26.100000381469727,26.309999465942383,387.0700073242188,387.3699951171875,381.1000061035156,383.5199890136719,322.04307630459,323.4460922124496,317.9135293741968,322.470947265625,99.2300033569336,99.37000274658205,97.68000030517578,98.27999877929688,189.8654793082044,192.30808505761755,186.33615033046752,188.10081481933597,150.0,151.3000030517578,148.75,148.99000549316406,518.6500244140625,522.1400146484375,513.1400146484375,521.5,464.1099853515625,464.7999877929688,457.7300109863281,460.7099914550781,87.200538102208,87.43987870467546,85.26584857696945,85.35559844970703,70.11000061035156,70.19000244140625,69.30000305175781,69.37999725341797,92.93310198341082,92.98271166419794,91.0182848733964,91.48458862304688,223.6895518070641,224.3958313777209,221.40163768004692,221.77963256835935,228.16000366210935,230.1000061035156,222.27999877929688,225.30999755859372,395.3599853515625,395.9500122070313,384.5700073242188,391.3699951171875,353.5299987792969,353.8900146484375,347.5899963378906,349.57000732421875,940.0,948.25,916.2999877929688,929.97998046875,214.16000366210935,215.1499938964844,211.4900054931641,212.69000244140625,73.88999938964844,74.16000366210938,72.72000122070312,73.30999755859375,99.2699966430664,99.7300033569336,98.4800033569336,99.3499984741211,43.0288825877794,43.727658122779566,42.83204340420882,43.53081893920898,212.5061178017972,213.20960792597464,210.3262660370478,211.8917999267578,531.4970225050578,531.7466266094328,524.67782131075,529.3504028320312,213.2746910616808,213.2746910616808,210.2093593907044,212.4559326171875,69.06999969482422,69.45999908447266,68.29000091552734,68.87999725341797,913.0,917.5599975585938,896.8400268554688,898.0499877929688,163.44000244140625,164.86000061035156,162.97000122070312,164.25,41.720001220703125,41.83000183105469,41.290000915527344,41.650001525878906,165.9600067138672,166.44000244140625,158.8000030517578,162.6699981689453,335.2900085449219,335.79998779296875,332.29998779296875,334.7699890136719,192.5200042724609,194.0,189.3800048828125,192.82000732421875,157.9499969482422,159.72999572753906,155.9199981689453,156.2899932861328,317.5599975585937,319.3099975585937,315.17999267578125,318.6499938964844,169.01647796229406,169.2052882350115,166.5418972576608,166.6710968017578,252.50999450683597,252.57000732421875,245.1199951171875,246.9499969482422,60.26762668435561,60.396765568123485,59.27425881715161,59.90008163452149,35.49808735933525,35.80530276760865,35.25033409536423,35.686378479003906,26.51853334052415,26.69664319985234,26.281054157192155,26.330530166625977,118.0,119.0199966430664,114.54000091552734,115.43000030517578
2025-03-19 00:00:00-04:00,59.21812596460935,59.90072578377464,58.82241362742242,59.435768127441406,125.74751843968744,127.19082973030562,125.20005134643678,126.83248901367188,277.064671505962,281.7772682184731,276.85500947525827,278.95172119140625,237.00999450683597,238.1300048828125,234.8999938964844,236.38999938964844,161.75999450683594,165.8699951171875,161.0,163.88999938964844,234.296845138488,240.84649863583104,233.4520426282584,237.64620971679688,152.5831365044867,153.15806343732345,150.8881071273253,152.9399871826172,505.0400085449219,506.3500061035156,500.05999755859375,503.2000122070313,210.2899932861328,212.1199951171875,208.30999755859372,208.6499938964844,95.25,95.43000030517578,93.63999938964844,94.0199966430664,24.899999618530277,25.229999542236328,24.030000686645508,24.1200008392334,26.32999992370605,26.5,26.07999992370605,26.209999084472656,385.5299987792969,389.6799926757813,384.0,387.8200073242188,323.58540601297176,325.11781563974614,319.48574033211554,322.86895751953125,98.2699966430664,99.52999877929688,97.9499969482422,99.19000244140624,188.7687947207102,197.6718625735634,186.33615328789912,194.98001098632807,148.16000366210938,148.8800048828125,146.7899932861328,148.11000061035156,520.4500122070312,522.5,513.4199829101562,518.4099731445312,459.0,461.5700073242188,454.8999938964844,459.75,85.71461793574616,86.55232150383024,85.38552744219623,86.09358215332031,68.55000305175781,69.37999725341797,68.54000091552734,69.27999877929688,91.5342015043066,92.08979361555056,90.42300971244389,91.14727020263672,222.6251722231732,224.70419719334308,221.25241163105693,224.32618713378903,231.6100006103516,241.41000366210935,229.1999969482422,235.8600006103516,394.1000061035156,395.260009765625,387.0,387.8900146484375,352.0,354.42999267578125,348.989990234375,353.4200134277344,935.77001953125,968.0,924.0,959.489990234375,214.22000122070312,218.75999450683597,213.75,215.2400054931641,72.63999938964844,73.43000030517578,72.29000091552734,72.98999786376953,99.66000366210938,100.95999908447266,99.47000122070312,100.29000091552734,43.59970923141315,43.619393523919,43.02887976632312,43.245399475097656,212.0701571080496,212.53585459571,208.8499168869025,210.30645751953125,530.728227119324,536.7686343116309,528.7413881808538,535.2410888671875,211.65713987590405,212.07649836719463,208.33220979972612,209.93975830078125,69.0999984741211,70.4800033569336,68.81999969482422,70.0,902.8599853515624,910.1599731445312,896.0,904.0499877929688,163.97000122070312,164.36000061035156,162.2100067138672,162.99000549316406,41.720001220703125,42.70000076293945,41.29999923706055,42.209999084472656,163.9149932861328,168.13299560546875,163.0500030517578,166.27999877929688,336.79998779296875,341.0299987792969,334.5,339.8699951171875,193.3800048828125,195.97000122070312,191.9600067138672,195.5399932861328,156.42999267578125,160.50999450683594,155.05999755859375,158.25999450683594,317.510009765625,318.9200134277344,313.3999938964844,315.75,166.83009623091115,167.70464977563958,166.074809637724,167.52577209472656,248.3300018310547,253.66000366210935,246.63999938964844,252.2899932861328,60.22789344949309,61.17159365927824,60.09875456872731,60.71464157104492,35.72601790496363,35.894492080831306,35.60709740344294,35.76565933227539,26.37010993820851,26.657065140238604,26.17221155603448,26.558115005493164,117.2699966430664,120.4499969482422,115.68000030517578,117.5199966430664
2025-03-20 00:00:00-04:00,59.21812488136928,60.41514920746414,59.13898090586261,59.772117614746094,126.74290163767226,127.17091927373085,125.79727739352508,126.1954345703125,276.6253439691466,282.43622082669253,276.6253439691466,278.5922546386719,234.27999877929688,235.94000244140625,233.25999450683597,234.7899932861328,161.57000732421875,164.88999938964844,160.9600067138672,162.8000030517578,235.1118155017905,240.27997890947805,234.7540187569687,237.54681396484372,152.7100067138672,153.0399932861328,151.4600067138672,152.47000122070312,505.25,514.3900146484375,503.510009765625,511.2999877929688,207.58999633789065,211.6699981689453,207.3000030517578,210.88999938964844,94.0,95.16000366210938,93.68000030517578,94.7300033569336,23.770000457763672,24.309999465942383,23.729999542236328,23.959999084472656,26.25,26.299999237060547,26.020000457763672,26.190000534057617,385.739990234375,391.7900085449219,383.2799987792969,386.8399963378906,294.6887093496558,305.3359247887949,290.0716201613853,299.4252319335937,98.8499984741211,99.69000244140624,98.66999816894533,99.27999877929688,191.5200042724609,193.83999633789065,188.94000244140625,190.5399932861328,147.55999755859375,148.07000732421875,146.63999938964844,147.14999389648438,518.5,520.6400146484375,513.0599975585938,518.6400146484375,456.1099853515625,460.010009765625,455.2300109863281,457.75,85.57499694824219,86.84152316700695,85.28579023378803,85.57499694824219,69.30999755859375,69.80999755859375,69.08999633789062,69.70999908447266,91.27624295899396,91.27624295899396,89.57969630797241,90.50238037109376,224.35602876741132,228.3549301642609,222.8340616646344,225.0722503662109,233.3500061035156,238.0,230.0500030517578,236.25999450683597,386.8999938964844,397.8200073242188,385.7999877929688,389.6099853515625,354.69000244140625,361.7699890136719,352.20001220703125,355.5199890136719,950.010009765625,967.0,945.5,950.8400268554688,213.9900054931641,217.4900054931641,212.22000122070312,214.1000061035156,72.91999816894531,73.6500015258789,71.5199966430664,71.86000061035156,99.56999969482422,100.0500030517578,98.63999938964844,98.86000061035156,43.265086281562354,43.265086281562354,42.694256783303736,43.058406829833984,211.0594924676913,211.465741784936,209.1768965434384,210.0191192626953,532.7549518479946,539.634055277918,531.70662684485,535.5305786132812,209.91979976801707,211.32764069061372,207.1839674361112,209.9297790527344,69.43499755859375,70.80999755859375,69.25,69.66999816894531,901.5,907.47998046875,894.0999755859375,895.4000244140625,163.0,163.1999969482422,161.92999267578125,163.02000427246094,41.7599983215332,42.720001220703125,41.650001525878906,42.47999954223633,163.8249969482422,167.02999877929688,163.13999938964844,165.0500030517578,339.0,342.239990234375,337.6600036621094,339.5,193.07000732421875,199.32000732421875,192.3000030517578,194.9499969482422,158.0,159.1199951171875,156.52000427246094,157.9499969482422,314.17999267578125,315.989990234375,312.239990234375,315.0400085449219,167.84378045480906,168.16180543713014,165.0014966234439,166.5120849609375,244.2400054931641,246.8000030517578,237.22000122070312,243.32000732421875,60.07888565365111,60.615305189074185,59.93981476433346,60.21795654296875,35.57737165151008,36.36026912407944,35.53773022037835,36.17197799682617,26.6174837365088,26.647169342464004,26.399794954787684,26.50864028930664,116.5500030517578,120.1999969482422,116.47000122070312,118.52999877929688
2025-03-21 00:00:00-04:00,59.58415680824347,60.68225494749472,59.19833935905627,60.4151496887207,125.74751312418888,126.22529566335952,124.91138228931544,125.75746154785156,275.7766634429021,281.4078298367078,273.620048471,280.17974853515625,233.0800018310547,234.25,231.33999633789065,233.8800048828125,161.2100067138672,164.24000549316406,160.88999938964844,163.99000549316406,236.35416546025263,240.8166839083564,235.05218748247609,240.1507873535156,152.3800048828125,152.67999267578125,150.35000610351562,151.47999572753906,511.6799926757813,519.0,505.0899963378906,516.8499755859375,209.1300048828125,211.4499969482422,208.77999877929688,210.1199951171875,94.58000183105467,94.68000030517578,93.06999969482422,93.11000061035156,23.600000381469727,24.700000762939453,23.489999771118164,24.26000022888184,26.1299991607666,26.520000457763672,26.01000022888184,26.280000686645508,383.2200012207031,391.739990234375,382.7999877929688,391.260009765625,296.57932925645434,304.092093752762,294.1215156838948,303.8134765625,97.94000244140624,98.01000213623048,96.29000091552734,97.06999969482422,188.2100067138672,192.07000732421875,187.3699951171875,191.66000366210935,147.0,147.6999969482422,144.75,145.4499969482422,516.260009765625,518.6099853515625,510.0,517.719970703125,453.739990234375,458.6300048828125,449.3800048828125,458.3299865722656,85.27999877929688,86.2300033569336,84.77999877929688,85.9800033569336,69.70999908447266,69.97000122070312,68.18000030517578,68.66999816894531,89.84757113984122,90.12536719682176,88.9248870537988,89.619384765625,223.16234123113736,225.99738645252376,219.8398779404432,225.8780212402344,234.9900054931641,249.5200042724609,234.5500030517578,248.7100067138672,384.1300048828125,389.8500061035156,382.4500122070313,387.260009765625,352.0899963378906,353.3900146484375,346.2799987792969,351.1499938964844,941.6400146484376,963.6500244140624,940.9500122070312,960.2899780273438,211.55999755859372,218.83999633789065,211.27999877929688,218.2700042724609,66.58999633789062,68.7300033569336,65.16999816894531,67.94000244140625,98.37999725341795,99.88999938964844,97.75,99.45999908447266,43.09777371021631,43.5406609138042,42.83204138806357,43.29461288452149,209.7912112283105,210.93068989678844,206.8285999522136,208.0869598388672,534.5920707088638,537.1979228440231,529.9194893476646,534.8416748046875,210.4090558053485,212.2362705597782,208.0726232612121,211.03810119628903,68.62000274658203,70.41000366210938,68.55000305175781,70.19000244140625,888.75,909.77001953125,883.9600219726562,909.260009765625,163.0,164.1300048828125,162.47999572753906,163.6300048828125,42.15999984741211,42.65999984741211,41.88999938964844,42.470001220703125,163.3800048828125,166.47000122070312,163.02999877929688,166.25,337.3699951171875,339.42999267578125,335.5199890136719,335.6600036621094,192.8999938964844,196.9900054931641,192.5200042724609,196.2100067138672,154.97999572753906,157.4199981689453,153.55999755859375,156.82000732421875,311.82000732421875,316.489990234375,311.1600036621094,316.0400085449219,166.1046190249336,167.09842433564023,163.10332274060525,165.65740966796875,241.69000244140625,245.2100067138672,238.5,243.8699951171875,59.77094275075361,59.9994206948805,59.03585265108536,59.90008163452149,35.91431612647249,36.54856390064522,35.75575418292932,36.41973114013672,26.528427761950013,26.92422638919236,26.360213109457423,26.736223220825195,116.94000244140624,117.98999786376952,115.41999816894533,117.6999969482422
2025-03-24 00:00:00-04:00,60.13815248272355,60.59321901780011,59.32694560757231,60.39536285400391,126.62345123291016,127.2505436554332,126.01626325167602,126.62345123291016,283.2948645300972,286.31014631422994,282.7756912649412,285.5113830566406,236.9600067138672,237.8300018310547,233.8800048828125,235.1999969482422,167.07000732421875,168.32000732421875,165.13999938964844,167.67999267578125,243.97721999749032,247.16757574074137,242.91377819332533,246.5414276123047,152.0,152.97999572753906,150.74000549316406,151.5500030517578,515.0800170898438,518.25,511.1199951171875,516.5,211.63999938964844,212.67999267578125,210.5,211.8500061035156,92.9000015258789,93.11000061035156,91.55999755859376,92.30999755859376,24.71999931335449,24.989999771118164,24.1299991607666,24.21999931335449,26.100000381469727,26.21999931335449,25.88999938964844,26.13999938964844,395.3999938964844,395.3999938964844,389.80999755859375,393.0799865722656,306.5797499335718,308.92809042236047,303.6741447120753,305.6642761230469,98.02999877929688,98.1999969482422,95.62999725341795,95.72000122070312,194.3000030517578,196.69000244140625,190.6699981689453,191.25,145.49000549316406,146.72000122070312,144.8300018310547,146.4499969482422,520.7899780273438,526.7999877929688,517.1300048828125,519.9000244140625,457.1199951171875,461.8999938964844,455.0199890136719,459.0899963378906,86.47000122070312,87.6500015258789,86.3499984741211,87.48999786376953,68.80000305175781,69.08000183105469,68.33000183105469,68.94999694824219,89.976551515658,90.12536542227112,88.99433431576308,89.42095184326172,227.1811305324304,231.90619554231492,227.1811305324304,231.66744995117188,258.0799865722656,278.6400146484375,256.3299865722656,278.3900146484375,392.4700012207031,396.8599853515625,391.3800048828125,394.4700012207031,354.6199951171875,364.4299926757813,354.2799987792969,363.7699890136719,969.6699829101562,977.0,951.5499877929688,971.989990234375,221.0,221.47999572753903,218.5800018310547,220.72999572753903,68.55999755859375,68.88999938964844,66.69000244140625,67.38999938964844,100.22000122070312,100.44000244140624,98.86000061035156,100.18000030517578,42.94030351835709,43.44223985079721,42.84188205309773,42.87141036987305,207.47264062694123,209.08771975324947,205.59994773188097,207.2546539306641,538.4958548841757,544.5962253325541,537.3876273179295,542.8090209960938,212.67559872282217,215.06195811784875,210.93824327662657,212.4759063720703,71.55000305175781,71.66000366210938,70.50499725341797,70.97000122070312,920.0,928.6500244140624,920.0,926.0399780273438,162.83999633789062,164.38999938964844,162.5,163.2899932861328,42.93000030517578,43.150001525878906,42.75,43.06999969482422,169.26499938964844,170.5,167.44000244140625,169.92999267578125,338.6499938964844,345.2200012207031,337.6499938964844,343.8699951171875,200.0,203.63999938964844,199.9499969482422,203.25999450683597,160.0,161.0,158.8000030517578,160.0800018310547,315.0,317.5799865722656,313.42999267578125,314.3800048828125,165.3990072456044,165.836283999777,164.33564347001675,164.62384033203125,247.30999755859372,248.82000732421875,245.97000122070312,248.4499969482422,60.635174942735965,60.97292016592581,60.47623623708177,60.56563949584961,36.45937110179701,36.54856242772153,36.15215569463148,36.27107620239258,26.5779049342738,26.93412277073901,26.558114530215505,26.67685317993164,119.87999725341795,122.22000122070312,119.33999633789062,121.41000366210938
2025-03-25 00:00:00-04:00,60.55364945997289,60.83064960991906,58.54541818527421,58.5553092956543,127.09128524993436,128.1961602047515,123.92594749214936,125.0208740234375,285.1619328319852,289.99436686388816,285.1619328319852,288.1572265625,235.1999969482422,236.5399932861328,234.33999633789065,235.7899932861328,168.97999572753906,170.6300048828125,168.32000732421875,170.55999755859375,247.78377051306532,250.27841448980763,246.10411393607825,249.59263610839844,152.0,152.3800048828125,150.10000610351562,152.2100067138672,518.280029296875,519.0,511.5299987792969,513.4299926757812,211.08999633789065,213.00999450683597,210.2700042724609,212.1199951171875,92.30999755859376,92.30999755859376,87.08000183105469,87.87000274658203,24.18000030517578,24.75,24.11000061035156,24.200000762939453,26.15999984741211,26.200000762939453,25.51000022888184,25.549999237060547,393.9200134277344,396.3599853515625,392.6400146484375,395.1600036621094,306.03244866765255,310.92818534958946,303.9129842018279,307.37579345703125,96.19000244140624,96.97000122070312,94.7699966430664,95.87999725341795,190.88999938964844,191.6000061035156,187.67999267578125,188.25999450683597,146.14999389648438,146.3000030517578,144.8300018310547,145.5399932861328,521.47998046875,523.239990234375,510.9200134277344,514.3400268554688,458.9400024414063,458.989990234375,454.9800109863281,457.4500122070313,86.76000213623047,87.30999755859375,84.62000274658203,84.76000213623047,68.94999694824219,69.08000183105469,68.5999984741211,68.80999755859375,89.56977374285152,89.78804423274933,86.83148430759911,87.89306640625,231.0904949196917,231.92608172824012,226.87276235538724,229.47900390625,283.6000061035156,288.20001220703125,271.2799987792969,288.1400146484375,393.5700073242188,404.3200073242188,392.989990234375,403.6400146484375,361.5299987792969,363.6499938964844,358.5400085449219,360.989990234375,978.1799926757812,998.7000122070312,977.1099853515624,997.280029296875,220.7700042724609,224.1000061035156,220.0800018310547,223.75,67.55999755859375,68.05000305175781,66.23999786376953,66.54000091552734,100.6500015258789,101.76000213623048,100.41000366210938,101.61000061035156,42.81235720651896,43.13714240812629,42.467891466385424,42.80251693725586,207.30420189041865,207.3438289634249,197.55430907171427,199.4963531494141,545.0854799005652,546.3135126491435,541.1417226859097,544.2966918945312,212.52583440438943,213.86378992068168,210.0496004880742,212.07650756835935,71.0,71.70999908447266,70.5479965209961,70.86000061035156,926.6300048828124,932.2899780273438,922.489990234375,930.260009765625,163.52000427246094,164.19000244140625,160.55999755859375,161.02000427246094,43.34999847412109,43.52999877929688,43.040000915527344,43.27999877929688,171.17999267578125,172.91000366210938,170.5500030517578,172.7899932861328,344.5599975585937,345.5299987792969,340.6700134277344,344.6199951171875,203.6000061035156,206.2100067138672,203.22000122070312,205.7100067138672,159.8800048828125,161.47000122070312,159.4199981689453,160.14999389648438,313.9800109863281,314.2200012207031,303.510009765625,306.8599853515625,164.2760217736625,164.3455802603669,161.19521922824353,161.84120178222656,248.3600006103516,250.8999938964844,248.1999969482422,249.8999938964844,60.43649974693279,60.80404478797711,60.29742885515373,60.58550643920898,36.14224721868044,36.617933030023664,35.597187015710794,36.6080207824707,26.68674877589602,27.270552493015767,26.68674877589602,27.023178100585938,120.5500030517578,121.29000091552734,118.91999816894533,120.69000244140624
2025-03-26 00:00:00-04:00,58.68391339329166,59.04994483944877,57.90238363021122,58.57509231567383,125.16023092537836,126.7528520634685,124.55304292988514,126.0262222290039,287.8876389885289,288.58655299319315,279.1413722167594,280.5491638183594,235.8600006103516,238.75,235.69000244140625,238.02999877929688,169.0,169.61000061035156,164.83999633789062,165.05999755859375,251.05363639121197,253.11095635467277,248.25089262126588,249.4932403564453,152.0,154.77000427246094,151.9600067138672,154.3300018310547,515.2000122070312,522.9500122070312,512.8499755859375,518.2000122070312,212.72999572753903,217.16000366210935,212.6100006103516,213.1199951171875,88.23999786376953,89.31999969482422,87.30999755859375,88.11000061035156,24.25,24.420000076293945,23.25,23.420000076293945,25.520000457763672,25.649999618530277,25.1299991607666,25.209999084472656,395.0,395.30999755859375,388.5700073242188,389.9700012207031,307.5051390787915,311.20678454125215,307.4951787047734,309.6246337890625,96.0,98.38999938964844,96.0,97.97000122070312,186.66000366210935,188.05999755859372,177.5800018310547,179.27000427246094,146.0,149.3300018310547,145.75,148.63999938964844,514.3499755859375,518.0,511.3500061035156,513.6699829101562,457.4500122070313,463.1000061035156,456.9800109863281,461.4299926757813,85.19000244140625,85.55999755859375,84.56999969482422,85.20999908447266,68.91999816894531,70.3499984741211,68.9000015258789,70.0199966430664,87.93275110241198,88.45858798678971,87.32754932530942,87.53590393066406,229.5884252414609,232.34388845817412,229.4491607744802,230.8318634033203,282.6600036621094,284.8999938964844,266.510009765625,272.0599975585937,403.0,404.5,397.010009765625,397.80999755859375,360.3900146484375,364.7300109863281,360.1199951171875,362.1300048828125,993.8099975585938,996.7899780273438,966.3200073242188,970.6500244140624,223.50999450683597,225.0200042724609,220.47000122070312,221.52999877929688,66.37999725341797,66.58999633789062,64.94999694824219,65.73999786376953,101.6999969482422,102.2699966430664,100.26000213623048,100.77999877929688,43.01903783409588,43.62923966825539,42.881251534251824,43.48160934448242,201.2600527177773,201.2600527177773,194.690773014519,199.45672607421875,546.2735641473981,550.1574185716682,544.2567435175044,548.2005004882812,210.73854249709188,213.44442173353585,208.2723032132953,210.08953857421875,70.93000030517578,71.62000274658203,69.54499816894531,69.97000122070312,934.3300170898438,939.4199829101562,923.4500122070312,929.75,161.2100067138672,162.49000549316406,160.63999938964844,161.72000122070312,43.459999084472656,43.720001220703125,42.72999954223633,42.81999969482422,171.3000030517578,171.94000244140625,166.86099243164062,167.13999938964844,345.989990234375,347.3800048828125,343.0,344.17999267578125,205.83999633789065,206.00999450683597,199.92999267578125,201.1300048828125,159.4499969482422,160.80999755859375,156.85000610351562,158.38999938964844,306.44000244140625,309.0899963378906,304.3500061035156,305.7099914550781,162.33809373128614,165.78659916358595,161.98032323454348,165.54808044433594,251.25,254.32000732421875,249.52999877929688,250.33999633789065,60.62523919819738,61.42986852785246,60.60537138629752,61.390132904052734,36.667483027556976,37.38101363674488,36.52874180475151,37.034156799316406,27.12212661313109,27.547610844637344,27.07265249253039,27.35960578918457,118.7300033569336,118.83999633789062,112.70999908447266,113.76000213623048
2025-03-27 00:00:00-04:00,58.54541754622575,58.92134389103979,58.1398140968028,58.2684211730957,126.58363500707304,131.32168184174014,126.0759920139264,130.74436950683594,280.0999042372176,280.45932485256026,275.5770120092714,277.3741760253906,238.3300018310547,238.3300018310547,234.66000366210935,235.97000122070312,164.6300048828125,165.4199981689453,162.0,162.24000549316406,248.002415543592,249.10562090554745,245.6667958062251,246.60104370117188,154.36000061035156,155.75999450683594,154.00999450683594,155.00999450683594,516.2899780273438,521.0800170898438,512.9500122070312,515.719970703125,213.1000061035156,215.2100067138672,212.2700042724609,214.1699981689453,88.5,88.55999755859375,87.37999725341797,87.5999984741211,23.290000915527344,23.76000022888184,22.86000061035156,23.6200008392334,25.200000762939453,25.229999542236328,24.82999992370605,25.01000022888184,390.1300048828125,392.239990234375,387.3999938964844,390.5799865722656,307.694227179676,311.45557443581845,305.96282252165685,307.00762939453125,97.9000015258789,99.91999816894533,97.54000091552734,98.8499984741211,177.66000366210938,178.3800048828125,170.4600067138672,171.99000549316406,149.58999633789062,150.41000366210938,149.08999633789062,149.6699981689453,513.989990234375,515.3300170898438,508.05999755859375,511.6799926757813,461.989990234375,466.6499938964844,459.4299926757813,464.7300109863281,84.77999877929688,86.11000061035156,84.77999877929688,85.62999725341797,70.18000030517578,70.98999786376953,70.06999969482422,70.73999786376953,87.96252412004121,88.74630260657229,87.30771264192684,88.2800064086914,231.51824800829283,232.6522630258773,229.6481121208527,230.95123291015625,272.4800109863281,291.8500061035156,271.82000732421875,273.1300048828125,397.4400024414063,401.4800109863281,392.510009765625,396.1499938964844,361.8999938964844,365.2099914550781,361.1499938964844,362.7300109863281,974.219970703125,989.0,966.3699951171876,976.719970703125,221.38999938964844,224.9900054931641,220.55999755859372,223.8500061035156,65.5,67.0999984741211,65.29000091552734,65.80000305175781,100.70999908447266,101.02999877929688,99.58000183105467,100.4499969482422,43.7768672315705,44.53469565231409,43.6193966346884,44.2492790222168,200.17013657653675,201.81492470830983,199.4567283019332,200.8637237548828,548.2005328463594,560.9403366224376,546.9325244422043,556.6870727539062,209.82992566062677,211.89678026720705,207.4136132616896,209.7899932861328,69.05999755859375,69.95500183105469,68.69999694824219,68.86000061035156,929.5599975585938,942.9000244140624,928.0,938.75,162.35000610351562,164.07000732421875,161.32000732421875,163.1300048828125,42.81999969482422,43.09000015258789,42.52000045776367,42.560001373291016,166.7100067138672,167.44000244140625,163.85000610351562,164.0800018310547,344.0,350.8399963378906,343.32000732421875,349.8599853515625,200.88999938964844,203.7899932861328,199.27999877929688,201.3600006103516,158.2100067138672,159.25,155.75,157.97000122070312,306.2200012207031,307.57000732421875,304.2900085449219,305.7699890136719,166.83009374212688,167.98291154947728,165.58783709565424,167.66490173339844,249.7100067138672,250.3000030517578,245.72999572753903,246.2100067138672,61.47953452314323,61.568937779609264,60.923250962374624,60.9927864074707,36.94496547316792,37.30173077776187,36.70712445704848,37.034156799316406,27.478347236253228,28.121520262071947,27.349711498699413,27.903831481933597,111.3499984741211,114.4499969482422,110.66000366210938,111.43000030517578
2025-03-28 00:00:00-04:00,58.76306069840258,59.465446527104966,57.60560453988571,59.37641143798828,130.6547705888604,132.84463880638037,130.14712760485313,130.21681213378906,276.2758949586917,276.7751105697831,268.7677031369699,269.5464782714844,235.6100006103516,236.6999969482422,232.00999450683597,232.1499938964844,160.49000549316406,161.82000732421875,153.6300048828125,154.3300018310547,245.42828522619592,247.98254431515417,239.6339734981848,241.3633270263672,155.08999633789062,156.11000061035156,153.5399932861328,155.16000366210938,516.8699951171875,520.97998046875,515.0499877929688,516.0399780273438,214.2700042724609,214.8999938964844,209.97000122070312,210.33999633789065,88.19999694824219,90.13999938964844,87.66999816894531,89.2300033569336,23.350000381469727,23.57999992370605,22.559999465942383,22.709999084472656,25.030000686645508,25.21999931335449,24.809999465942383,25.209999084472656,388.0799865722656,389.1300048828125,376.9299926757813,378.7999877929688,306.8583730281008,308.54003653212897,302.34076613540424,302.8283386230469,98.0,98.48999786376952,97.05999755859376,97.7300033569336,171.92999267578125,173.3000030517578,166.47000122070312,169.1199951171875,150.44000244140625,151.3800048828125,147.11000061035156,149.27000427246094,512.6099853515625,513.3699951171875,499.3999938964844,500.1600036621094,466.5299987792969,466.6000061035156,458.7900085449219,459.1099853515625,85.43000030517578,85.83000183105469,84.69999694824219,85.1500015258789,70.80999755859375,71.31999969482422,69.52999877929688,70.37000274658203,87.8499984741211,88.37999725341797,87.2300033569336,87.62999725341797,231.26955873558532,231.4088232041743,226.2460654679243,227.22091674804688,275.5799865722656,276.1000061035156,260.57000732421875,263.54998779296875,393.8900146484375,396.9200134277344,384.760009765625,385.7099914550781,363.1600036621094,363.2000122070313,356.1700134277344,358.1499938964844,972.0,974.97998046875,929.22998046875,933.8499755859376,221.6699981689453,223.80999755859372,217.67999267578125,217.8999938964844,65.86000061035156,65.86000061035156,63.13999938964844,63.290000915527344,100.0500030517578,100.38999938964844,97.73999786376952,98.06999969482422,44.41659244477102,44.623271893652905,44.17054440913208,44.21975326538086,200.8736156147575,204.1334978509812,199.7440550957258,203.41017150878903,553.3523335206824,557.7054755869211,539.2347711304888,539.75390625,210.07000732421875,210.3000030517578,205.3500061035156,205.8500061035156,68.05999755859375,68.23999786376953,64.94999694824219,65.1500015258789,937.5,938.75,926.0,929.6599731445312,163.58999633789062,164.52000427246094,162.91000366210938,163.7100067138672,42.43999862670898,42.619998931884766,40.9900016784668,41.25,162.36000061035156,163.80999755859375,155.33900451660156,156.05999755859375,349.19000244140625,351.6199951171875,341.6099853515625,342.8500061035156,198.4199981689453,199.25999450683597,191.8800048828125,192.72000122070312,156.9199981689453,157.63999938964844,151.55999755859375,152.72000122070312,307.44000244140625,308.1700134277344,304.7099914550781,306.95001220703125,168.33074846041,168.65870603281164,166.58164140760138,166.98910522460938,246.2700042724609,247.57000732421875,242.07000732421875,244.0,61.251061008688765,61.37026408874132,60.10868647420926,60.45636749267578,36.96478655578771,37.14316920985996,36.26116818717767,36.290897369384766,28.052255488927507,28.210574943509517,27.765300297924643,27.88404083251953,111.48999786376952,112.87000274658205,109.06999969482422,109.66999816894533
2025-03-31 00:00:00-04:00,59.15876785424304,60.97903780854863,58.73337841351237,60.33600997924805,130.2068482614714,132.5858276489878,130.0376339338075,132.03836059570312,264.13497474014133,268.02888098707905,258.78339787085633,267.9389953613281,230.55999755859372,238.1000061035156,230.27999877929688,236.2400054931641,153.11000061035156,155.5399932861328,150.66000366210938,154.63999938964844,237.9443826153812,244.35489394842733,235.90692927989485,243.7983245849609,156.08999633789062,159.35000610351562,156.0,158.72999572753906,519.1799926757812,528.1199951171875,518.5900268554688,523.75,210.8300018310547,212.44000244140625,209.75999450683597,211.75,89.25,90.2699966430664,88.37000274658203,89.76000213623047,22.3799991607666,22.75,21.75,22.709999084472656,24.799999237060547,25.43000030517578,24.61000061035156,25.34000015258789,372.5400085449219,377.0700073242188,367.239990234375,375.3900146484375,300.9576288906632,311.5650023809318,298.91772601407706,310.50030517578125,96.62000274658205,98.81999969482422,94.58000183105467,98.08999633789062,164.49000549316406,167.94000244140625,160.6199951171875,167.42999267578125,150.1999969482422,152.58999633789062,149.75,149.94000244140625,496.5,500.6199951171875,484.2699890136719,497.6000061035156,458.8699951171875,468.0400085449219,458.4100036621094,465.6400146484375,84.76000213623047,88.19999694824219,84.37000274658203,87.79000091552734,70.7300033569336,71.94000244140625,70.48999786376953,71.62000274658203,87.0,90.30999755859376,86.93000030517578,89.86000061035156,225.5497546432761,233.7464898051366,225.5497546432761,232.00567626953125,249.30999755859372,260.5599975585937,243.3600006103516,259.1600036621094,380.0,384.7999877929688,374.6700134277344,383.5299987792969,353.5,368.739990234375,352.6499938964844,366.489990234375,920.530029296875,934.47998046875,900.5900268554688,932.530029296875,217.00999450683597,225.6199951171875,216.22999572753903,222.1300048828125,62.84000015258789,63.9900016784668,62.650001525878906,63.47999954223633,96.83000183105467,98.8499984741211,95.6999969482422,98.6999969482422,44.5839029004321,45.07599896722361,44.41659203983261,44.6429557800293,202.5580526940408,208.87963666675336,202.5580526940408,207.60145568847656,531.3172658415712,550.5567701386685,530.1791174133534,547.2520141601562,204.4600067138672,206.1300048828125,199.1499938964844,205.0,64.27999877929688,65.43000030517578,63.400001525878906,65.25,922.3599853515624,995.0,922.0399780273438,945.780029296875,164.3699951171875,166.6300048828125,164.22999572753906,165.83999633789062,40.77999877929688,41.900001525878906,40.59999847412109,41.72999954223633,154.80999755859375,157.1300048828125,152.2100067138672,156.22999572753906,339.3500061035156,351.8599853515625,334.489990234375,350.4599914550781,188.19000244140625,191.3300018310547,184.3999938964844,190.25999450683597,150.80999755859375,153.85000610351562,147.8800048828125,153.61000061035156,307.5799865722656,315.0,305.54998779296875,311.54998779296875,167.05866804305404,170.0798293208736,167.05866804305404,169.36428833007812,242.7400054931641,250.88999938964844,242.4900054931641,248.66000366210935,60.22789255894816,61.48947015704308,59.84047971177679,61.30072784423828,36.49901165362297,36.69721123498779,36.023322073186264,36.5683822631836,27.963199861734687,28.2600483598362,27.91372385383995,27.982990264892575,105.12999725341795,110.95999908447266,103.6500015258789,108.37999725341795
2025-04-01 00:00:00-04:00,60.11836867908492,60.44482815351804,58.6047759524196,58.91144943237305,131.86914490262342,132.0184623820273,130.47560622544856,131.08279418945312,268.4381984224673,270.395145517143,265.40298950568865,269.776123046875,234.66000366210935,237.6699981689453,233.83999633789065,237.1699981689453,153.6199951171875,158.10000610351562,153.6199951171875,157.07000732421875,241.13472365949687,244.18593700817635,239.40538530000356,242.1683654785156,158.5,158.67999267578125,156.74000549316406,158.08999633789062,525.739990234375,528.1699829101562,520.9500122070312,523.1199951171875,211.1100006103516,213.6300048828125,209.67999267578125,213.4499969482422,89.75,89.75,86.61000061035156,87.12000274658203,22.559999465942383,22.6200008392334,21.65999984741211,22.049999237060547,25.290000915527344,25.350000381469727,24.520000457763672,24.540000915527344,374.6499938964844,382.8500061035156,373.2300109863281,382.1900024414063,310.06247370357823,314.46064702837367,309.4455378372309,312.0326843261719,97.8499984741211,98.9000015258789,97.12999725341795,98.2300033569336,166.3699951171875,168.7100067138672,163.4199981689453,168.52000427246094,150.49000549316406,150.7899932861328,148.6699981689453,149.6699981689453,495.55999755859375,496.510009765625,481.2099914550781,482.9700012207031,462.0,467.510009765625,460.7799987792969,467.0899963378906,87.54000091552734,89.11000061035156,87.37000274658203,88.83000183105469,71.68000030517578,71.91000366210938,71.19000244140625,71.87000274658203,88.79000091552734,89.58999633789062,88.20999908447266,88.48999786376953,231.18002144403215,233.2789457089152,229.27010221199043,232.7815704345703,263.79998779296875,277.45001220703125,259.25,268.4599914550781,381.1300048828125,384.0,375.5299987792969,383.2000122070313,364.1400146484375,367.2900085449219,361.9200134277344,365.5199890136719,927.5,932.2899780273438,911.5,928.3800048828124,219.80999755859372,223.67999267578125,218.8999938964844,223.19000244140625,63.83000183105469,65.16000366210938,63.29999923706055,64.76000213623047,98.31999969482422,98.58999633789062,96.83999633789062,97.68000030517578,44.7709013522136,44.87915933211227,44.40674756333578,44.66263961791992,208.59229349919812,210.20735747010184,203.71734726490143,204.38121032714844,545.9341043843158,550.277252518538,543.1385505032499,547.6414184570312,205.0,205.0500030517578,199.77999877929688,200.38999938964844,64.62000274658203,66.36000061035156,64.5999984741211,66.0999984741211,942.4199829101562,957.719970703125,938.75,954.4000244140624,160.72999572753906,161.80999755859375,153.1300048828125,153.25,41.31999969482422,41.70000076293945,40.970001220703125,41.4900016784668,155.3000030517578,160.0800018310547,155.2550048828125,158.8800048828125,350.44000244140625,350.45001220703125,342.57000732421875,346.3500061035156,187.8600006103516,193.92999267578125,187.1999969482422,192.1699981689453,152.38999938964844,153.32000732421875,150.25999450683594,153.0500030517578,310.5799865722656,312.6199951171875,305.0,306.9200134277344,169.51338098588525,169.9904032942637,168.01272524512387,169.50343322753906,248.02999877929688,250.6199951171875,243.4900054931641,250.33999633789065,60.97292022234853,61.62854285745346,60.65504281074601,61.390132904052734,36.608019683878815,36.80622304442752,36.19179602909973,36.38999938964844,28.10172940293304,28.30952486510829,27.923619546016187,28.180889129638672,108.5199966430664,110.1999969482422,106.47000122070312,110.1500015258789
2025-04-02 00:00:00-04:00,59.168661846147614,59.59405128046466,58.52563025274953,58.96091079711914,130.03764044576675,131.5207757755855,129.16169311664606,131.32168579101562,265.54275057259247,273.20073120113113,265.33308855435763,271.114013671875,235.13999938964844,238.50999450683597,234.6100006103516,238.4600067138672,155.14999389648438,158.41000366210938,154.6999969482422,157.0399932861328,240.1209726671444,245.73637827854148,239.98183032953705,244.3151397705078,158.08999633789062,158.3699951171875,154.72000122070312,156.1699981689453,522.9500122070312,525.0,516.7999877929688,523.2000122070312,212.4900054931641,216.41000366210935,212.3300018310547,215.9900054931641,86.87999725341797,87.06999969482422,85.31999969482422,86.5999984741211,21.88999938964844,22.3799991607666,21.700000762939453,21.979999542236328,24.5,24.739999771118164,24.309999465942383,24.700000762939453,377.9700012207031,385.0799865722656,376.6199951171875,382.1400146484375,308.2215853821248,316.430877002472,308.2215853821248,314.76910400390625,97.41000366210938,99.75,97.41000366210938,99.41000366210938,166.0800018310547,173.42999267578125,165.5,172.08999633789062,150.22999572753906,150.5,148.07000732421875,149.1199951171875,480.5,491.3599853515625,479.6000061035156,489.05999755859375,462.8999938964844,470.30999755859375,462.3999938964844,469.739990234375,88.19999694824219,90.1500015258789,88.12000274658203,89.76000213623047,71.95999908447266,72.36000061035156,71.05000305175781,71.33000183105469,88.43000030517578,88.98999786376953,87.45999908447266,88.86000061035156,230.92139051735805,234.8705513886028,230.92139051735805,234.0449066162109,254.6000061035156,284.989990234375,251.2700042724609,282.760009765625,378.2799987792969,388.0,376.5400085449219,385.7799987792969,362.55999755859375,372.30999755859375,362.260009765625,370.8900146484375,923.0,949.5499877929688,916.1099853515624,935.52001953125,221.32000732421875,225.19000244140625,221.0200042724609,223.88999938964844,64.30000305175781,65.4000015258789,64.16000366210938,64.95999908447266,96.62000274658205,98.30999755859376,96.4499969482422,97.87999725341795,44.652795133697126,44.8201097452604,43.894966755852245,44.03275680541992,205.3225064559191,205.3225064559191,198.50550115408296,203.31109619140625,542.0003218854415,548.6598032671982,540.7922770206701,546.51318359375,199.2400054931641,205.47999572753903,199.2400054931641,205.16000366210935,65.25,67.56999969482422,65.0999984741211,67.1500015258789,950.8400268554688,970.8900146484376,950.0,965.0800170898438,154.00999450683594,155.7899932861328,153.4499969482422,155.36000061035156,40.880001068115234,41.970001220703125,40.81999969482422,41.84999847412109,156.9600067138672,160.27499389648438,156.52999877929688,158.86000061035156,343.44000244140625,348.20001220703125,343.04998779296875,346.3299865722656,187.66000366210935,198.33999633789065,187.66000366210935,196.00999450683597,150.7899932861328,155.4600067138672,150.3699951171875,154.0800018310547,305.4100036621094,306.760009765625,300.1000061035156,305.70001220703125,169.01647324337566,169.82145310339453,167.26736622480098,168.4499969482422,248.22000122070312,252.7899932861328,247.22999572753903,249.97999572753903,60.7941128448176,61.45966748176048,60.69477378672325,61.40999984741211,36.310001373291016,36.650001525878906,36.11000061035156,36.61000061035156,28.111624316326203,28.289734171416068,27.715825686858025,27.844459533691406,107.29000091552734,111.9800033569336,106.79000091552734,110.41999816894533
2025-04-03 00:00:00-04:00,59.950189852113496,60.1480460239071,57.04171658026309,57.20000076293945,131.30179431152422,133.02381339173743,130.87376905331936,131.02308654785156,259.73190590644856,262.15808639956623,254.05081472979737,254.82958984375,231.3500061035156,232.97999572753903,223.0800018310547,223.97000122070312,151.11000061035156,152.77999877929688,150.38999938964844,150.72000122070312,232.8358507344424,233.7005199176536,225.9085184501305,227.29000854492188,159.44000244140625,163.0800018310547,158.25,162.07000732421875,529.989990234375,548.5,529.2899780273438,540.4400024414062,213.58999633789065,216.2899932861328,206.3300018310547,206.67999267578125,88.7300033569336,88.9000015258789,86.26000213623047,86.38999938964844,21.399999618530277,23.899999618530277,20.86000061035156,22.43000030517578,24.739999771118164,24.8700008392334,24.280000686645508,24.290000915527344,374.7900085449219,377.4800109863281,369.3500061035156,373.1099853515625,306.48024197830364,310.25154956254875,299.4849311764007,299.9725036621094,93.3499984741211,93.38999938964844,87.6500015258789,88.26000213623047,160.5399932861328,163.42999267578125,153.6999969482422,154.00999450683594,151.69000244140625,154.0500030517578,150.86000061035156,151.3699951171875,481.8900146484375,485.9100036621094,468.1700134277344,470.0299987792969,466.55999755859375,472.010009765625,464.989990234375,467.2200012207031,86.27999877929688,89.87999725341797,86.27999877929688,87.26000213623047,72.4800033569336,73.94999694824219,72.31999969482422,73.18000030517578,88.5999984741211,89.54000091552734,87.69000244140625,87.88999938964844,221.62046991509297,224.98273165492867,219.45192098660672,221.35189819335935,265.2900085449219,276.29998779296875,261.510009765625,267.2799987792969,371.8800048828125,376.010009765625,366.2900085449219,367.25,355.7799987792969,360.0400085449219,351.7099914550781,355.9100036621094,901.7999877929688,946.5900268554688,900.469970703125,917.0499877929688,205.5399932861328,207.4900054931641,201.25,203.19000244140625,56.369998931884766,58.68000030517578,55.400001525878906,55.58000183105469,94.51000213623048,94.77999877929688,88.61000061035156,88.83999633789062,44.77090339387588,45.45983490826168,44.48548676397594,44.89884567260742,208.37431481753904,208.7607430363596,199.39727841181,199.79360961914065,527.583206939526,539.1348926551342,526.1654726339199,529.7098388671875,202.3000030517578,204.5800018310547,197.5,197.8999938964844,63.09999847412109,63.93999862670898,60.95000076293945,61.709999084472656,931.0800170898438,981.3499755859376,928.0,967.0800170898438,158.75,160.64999389648438,157.47999572753906,159.82000732421875,38.630001068115234,38.84000015258789,37.02000045776367,37.220001220703125,152.8350067138672,154.68699645996094,152.17999267578125,152.6300048828125,333.8999938964844,344.739990234375,331.0,339.3900146484375,183.0,184.1300048828125,176.9199981689453,178.41000366210938,147.0,147.39999389648438,138.55999755859375,139.4199981689453,311.17999267578125,314.8999938964844,306.70001220703125,309.8500061035156,173.15069591990587,173.71717222874,169.67237731472508,171.3220977783203,242.7100067138672,250.6100006103516,242.52999877929688,243.4900054931641,59.380001068115234,59.91999816894531,57.2599983215332,57.310001373291016,36.61000061035156,36.65999984741211,35.599998474121094,35.720001220703125,28.24025988917385,28.725113443417573,28.151204962137577,28.29962921142578,103.51000213623048,105.62999725341795,101.5999984741211,101.8000030517578
2025-04-04 00:00:00-04:00,56.81999969482422,57.16999816894531,54.720001220703125,55.29999923706055,130.6249117294835,131.7895151930045,123.42825254742316,123.86622619628906,247.31140876687937,249.89734195588392,239.1542275731836,240.38229370117188,220.0,221.75,212.5500030517578,213.25999450683597,148.00999450683594,151.07000732421875,145.3800048828125,145.60000610351562,215.30999755859372,217.6999969482422,208.92999267578125,210.27999877929688,161.27000427246094,162.0,150.08999633789062,150.6199951171875,540.6400146484375,551.739990234375,524.8400268554688,525.0499877929688,203.25,204.6300048828125,190.7100067138672,190.9900054931641,86.12000274658203,86.2699966430664,81.08000183105469,81.47000122070312,21.700000762939453,22.200000762939453,19.700000762939453,19.850000381469727,23.940000534057617,24.100000381469727,22.950000762939453,22.96999931335449,364.1300048828125,374.5899963378906,359.4800109863281,359.8399963378906,295.3354728831452,297.5743705964787,283.19569016882224,283.6534118652344,84.66000366210938,85.43000030517578,81.30000305175781,82.0999984741211,148.1699981689453,152.8000030517578,139.1699981689453,146.2899932861328,152.99000549316406,154.9199981689453,146.44000244140625,146.61000061035156,461.489990234375,464.1099853515625,437.2200012207031,437.9100036621094,464.3599853515625,470.0,437.1199951171875,437.9599914550781,85.63999938964844,87.38999938964844,82.6500015258789,83.19000244140625,72.41999816894531,73.01000213623047,69.79000091552734,69.93000030517578,87.98999786376953,88.0999984741211,82.68000030517578,82.87999725341797,219.4917027831121,228.6235207249091,217.89015379048575,222.1178436279297,255.3800048828125,261.0,236.0,239.42999267578125,359.0,361.7300109863281,348.79998779296875,349.07000732421875,350.7099914550781,365.4400024414063,349.0400085449219,353.8999938964844,896.5,906.6300048828124,853.8699951171875,855.8599853515625,193.88999938964844,199.8800048828125,187.33999633789065,188.3800048828125,53.220001220703125,59.220001220703125,52.5,57.25,86.0,87.54000091552734,83.08000183105469,83.52999877929688,44.05243673312391,45.075997417924434,42.12342111865784,42.34978485107422,198.16861891722507,198.16861891722507,184.4652571048111,185.2480316162109,518.7971525031458,520.0551669842571,487.51677843288405,488.9944152832031,195.4600067138672,195.4600067138672,181.1999969482422,181.7700042724609,60.0,60.18999862670898,57.31999969482422,58.369998931884766,955.0,964.52001953125,914.1400146484376,916.47998046875,159.16000366210938,159.82000732421875,152.92999267578125,153.24000549316406,35.290000915527344,35.790000915527344,33.66999816894531,34.38999938964844,149.89999389648438,153.08999633789062,147.5399932861328,147.74000549316406,330.0,334.6499938964844,312.1199951171875,313.1300048828125,167.14999389648438,178.13999938964844,166.0,171.0,134.33999633789062,135.86000061035156,126.68000030517578,127.45999908447266,312.1099853515625,312.1099853515625,293.7200012207031,294.3900146484375,170.70593337532532,172.5245988167794,162.4573467028761,162.73561096191406,238.0,240.16000366210935,226.8800048828125,227.47999572753903,56.65999984741211,57.470001220703125,54.43999862670898,54.540000915527344,34.93000030517578,35.349998474121094,33.34000015258789,33.380001068115234,27.705931510717523,28.131415760888515,26.251370785838905,26.36021423339844,98.91000366210938,100.12999725341795,92.11000061035156,94.30999755859376
2025-04-07 00:00:00-04:00,53.900001525878906,55.29999923706055,52.68999862670898,55.18999862670898,121.72614422916996,125.91673178272784,119.91453621796182,124.28429412841795,229.6391750419428,252.5531679393751,229.6391750419428,243.82688903808597,211.1100006103516,216.2400054931641,204.7899932861328,209.97000122070312,141.5500030517578,152.85000610351562,140.52999877929688,146.75,205.7700042724609,222.0500030517578,202.16000366210935,214.44000244140625,147.1699981689453,152.8300018310547,145.0800018310547,151.22999572753906,513.4000244140625,529.2000122070312,503.5899963378906,524.7000122070312,190.80999755859372,196.22999572753903,183.38999938964844,187.4600067138672,81.01000213623047,83.20999908447266,79.30000305175781,81.18000030517578,19.13999938964844,20.670000076293945,18.559999465942383,19.56999969482422,22.13999938964844,23.15999984741211,21.75,22.6299991607666,350.8800048828125,371.0,344.7900085449219,357.8599853515625,277.56361573331714,291.59404751685355,273.65301500431474,283.3150939941406,78.62999725341797,83.2699966430664,76.1500015258789,80.0,144.49000549316406,160.42999267578125,138.10000610351562,154.13999938964844,141.32000732421875,146.10000610351562,140.6699981689453,143.19000244140625,417.7699890136719,453.3399963378906,411.2099914550781,437.8699951171875,429.0899963378906,441.55999755859375,417.8299865722656,425.8599853515625,80.23999786376953,86.26000213623047,79.80999755859375,83.83000183105469,66.2300033569336,69.37999725341797,66.05000305175781,68.37000274658203,81.22000122070312,85.37000274658203,80.58000183105469,83.1500015258789,216.9053669881679,224.4654622883768,210.58869473417477,215.8011932373047,223.77999877929688,252.0,214.25,233.2899932861328,335.5400085449219,358.3599853515625,332.010009765625,340.70001220703125,344.29998779296875,354.2200012207031,333.5,341.510009765625,827.8499755859375,906.739990234375,821.0999755859375,867.8300170898438,177.1999969482422,194.1499938964844,174.6199951171875,181.4600067138672,55.400001525878906,57.18000030517578,53.400001525878906,55.61000061035156,80.98999786376953,86.62999725341797,80.0999984741211,83.30000305175781,40.8734975826925,42.6450464039638,40.59792499022585,41.90690231323242,179.37232352154828,186.476666668437,174.66581884015517,184.8417816162109,477.7422568526428,501.4047381885305,464.85269721729895,484.7511291503906,176.4199981689453,187.3500061035156,171.9199981689453,180.6199951171875,56.7400016784668,61.47999954223633,55.84999847412109,58.52999877929688,887.75,937.8200073242188,871.7100219726562,908.1300048828124,151.27999877929688,152.7100067138672,147.39999389648438,150.6199951171875,34.970001220703125,36.630001068115234,33.540000915527344,35.58000183105469,143.38999938964844,154.92999267578125,142.66000366210938,149.24000549316406,302.07000732421875,322.17999267578125,299.0,312.32000732421875,162.0,183.41000366210935,161.3800048828125,175.25999450683594,124.58999633789062,137.1999969482422,120.8000030517578,129.72000122070312,287.69000244140625,296.94000244140625,281.70001220703125,289.69000244140625,162.6461714034476,163.67972219465994,158.20386070781106,159.23741149902344,219.2400054931641,232.2899932861328,214.5,225.77999877929688,53.380001068115234,56.119998931884766,52.11000061035156,54.40999984741211,32.970001220703125,34.439998626708984,32.380001068115234,33.470001220703125,24.915549070628924,26.94401833062472,24.836389340661206,26.548219680786133,87.45999908447266,101.75,86.62000274658203,97.63999938964844
2025-04-08 00:00:00-04:00,55.16999816894531,55.77000045776367,52.15999984741211,53.06999969482422,126.4841036292074,127.36999939768602,121.49720167828735,123.37848663330078,253.55160518583384,256.98622625389385,239.89307341360575,243.60723876953125,217.52999877929688,217.72999572753903,204.66000366210935,208.2700042724609,151.22000122070312,152.24000549316406,143.02999877929688,144.6999969482422,223.5200042724609,227.83999633789065,213.25,216.8699951171875,152.75,153.2899932861328,146.8000030517578,149.22999572753906,582.1699829101562,585.010009765625,547.4600219726562,553.0800170898438,188.2400054931641,191.1699981689453,180.8300018310547,182.8600006103516,83.20999908447266,83.2699966430664,77.54000091552734,78.94999694824219,20.059999465942383,20.38999938964844,17.670000076293945,18.1299991607666,22.899999618530277,22.989999771118164,21.440000534057617,21.84000015258789,368.260009765625,373.6499938964844,350.25,354.5599975585937,288.8576351953298,291.5841055396834,275.3147750099697,280.0015563964844,83.06999969482422,83.4800033569336,78.69000244140625,79.69000244140625,167.6199951171875,169.77999877929688,153.08999633789062,156.02999877929688,143.9499969482422,145.39999389648438,139.14999389648438,140.3000030517578,451.1600036621094,454.1300048828125,413.3299865722656,419.30999755859375,430.760009765625,433.05999755859375,408.6499938964844,413.3299865722656,85.8499984741211,86.97000122070312,81.02999877929688,81.79000091552734,68.95999908447266,69.9800033569336,67.76000213623047,68.41999816894531,84.5,85.30999755859375,80.61000061035156,81.87999725341797,218.8650246806207,222.7047624883049,206.4903251601456,210.5787506103516,245.0,250.44000244140625,217.8000030517578,221.8600006103516,350.1000061035156,350.739990234375,333.8299865722656,340.0,350.3800048828125,354.0,329.739990234375,335.239990234375,912.4400024414062,922.4199829101562,857.7000122070312,870.4000244140625,186.6999969482422,190.33999633789065,169.2100067138672,172.4199981689453,58.77000045776367,58.77000045776367,52.369998931884766,53.27000045776367,85.94999694824219,86.94999694824219,80.8499984741211,81.72000122070312,42.32026108198099,42.536784549388216,41.02112778632759,41.503379821777344,185.8821671271775,186.6649265049211,170.7420861336348,174.0614013671875,500.2066394552875,504.76940992621263,470.9131045854138,479.1600341796875,185.0399932861328,186.5,171.8699951171875,174.63999938964844,59.7599983215332,61.2599983215332,56.459999084472656,57.40999984741211,932.0499877929688,942.989990234375,899.5700073242188,908.75,153.58999633789062,153.58999633789062,148.0,150.0,36.86000061035156,37.33000183105469,34.33000183105469,35.029998779296875,153.5749969482422,154.44000244140625,145.2100067138672,146.5800018310547,322.239990234375,326.2799987792969,303.92999267578125,308.2699890136719,185.22999572753903,185.8999938964844,168.57000732421875,170.66000366210938,131.1300048828125,135.2899932861328,121.73999786376952,124.66000366210938,289.25,294.010009765625,277.510009765625,280.260009765625,161.30452825010713,162.2685205590286,155.73922792972826,157.4088134765625,232.55999755859372,233.0500030517578,217.27999877929688,221.02999877929688,54.7400016784668,55.869998931884766,52.720001220703125,53.18999862670898,33.470001220703125,34.29999923706055,32.5,32.84000015258789,26.7362232347507,26.9044378873309,25.756620924071907,26.112838745117188,103.80999755859376,105.8499984741211,94.45999908447266,96.3000030517578
2025-04-09 00:00:00-04:00,51.20000076293945,54.04999923706055,49.91999816894531,53.7400016784668,121.06917992936408,127.17092029674086,120.29277760520203,126.45423889160156,240.52208235006336,267.74932207428515,240.52208235006336,264.7540283203125,206.6199951171875,224.6999969482422,206.3800048828125,223.52999877929688,144.4199981689453,159.5500030517578,143.91000366210938,158.7100067138672,212.5,237.47999572753903,211.0,234.33999633789065,148.6300048828125,152.94000244140625,146.14999389648438,151.8000030517578,560.1400146484375,589.4000244140625,554.4600219726562,578.5,180.5,199.77999877929688,179.36000061035156,199.1000061035156,76.76000213623047,81.98999786376953,76.0,81.91000366210938,18.06999969482422,21.729999542236328,17.979999542236328,21.530000686645508,21.11000061035156,22.540000915527344,20.920000076293945,22.489999771118164,353.5400085449219,393.2300109863281,353.1000061035156,390.489990234375,278.61838010002407,298.9674846505554,277.54372256682973,298.4599914550781,79.22000122070312,89.12999725341797,77.93000030517578,88.68000030517578,160.5,187.3300018310547,157.50999450683594,185.1499938964844,140.25,145.9499969482422,138.3300018310547,145.58999633789062,414.6300048828125,455.0299987792969,409.8500061035156,453.5499877929688,414.1600036621094,448.3299865722656,412.9700012207031,445.9700012207031,83.33000183105469,90.8000030517578,83.0199966430664,89.5999984741211,67.91999816894531,70.47000122070312,67.27999877929688,69.94999694824219,80.5,85.5,79.55000305175781,85.27999877929688,207.7039184260247,223.13249403307293,205.3065659512879,222.0283203125,224.69000244140625,274.69000244140625,223.8800048828125,272.20001220703125,338.739990234375,365.7200012207031,333.42999267578125,364.6400146484375,328.6000061035156,356.0400085449219,326.3099975585937,355.3900146484375,855.9299926757812,951.4299926757812,854.4000244140625,945.469970703125,171.9499969482422,200.6100006103516,171.88999938964844,198.8500061035156,53.27999877929688,59.54999923706055,52.47999954223633,59.31999969482422,81.29000091552734,92.25,81.19000244140625,91.44000244140624,41.02113016940495,42.8320439222453,40.23377717999506,42.21200180053711,166.75889915934494,178.9462724889635,162.88469895388295,178.19322204589844,470.1099853515625,518.510009765625,470.0,515.4299926757812,172.05999755859375,192.8600006103516,171.0,191.88999938964844,56.66999816894531,64.16999816894531,56.5099983215332,63.95000076293945,908.0,967.4600219726562,897.6699829101562,965.1900024414062,142.1999969482422,153.19000244140625,141.5,150.97000122070312,34.04999923706055,37.84999847412109,33.06999969482422,37.150001525878906,146.3300018310547,161.8699951171875,145.80999755859375,161.05999755859375,305.6400146484375,334.0299987792969,305.6400146484375,332.42999267578125,172.1199951171875,192.6499938964844,169.92999267578125,191.1000061035156,125.16000366210938,144.86000061035156,124.19000244140624,143.58999633789062,268.9100036621094,291.5,267.3999938964844,291.0899963378906,156.38520268023169,163.65984959386805,155.71935494866398,161.31448364257812,217.1199951171875,236.3000030517578,215.16000366210935,235.30999755859372,53.08000183105469,58.43000030517578,52.66999816894531,58.130001068115234,32.5,35.25,32.20000076293945,35.18000030517578,25.815991197327143,26.577904762804568,24.935338982899637,26.191999435424805,98.88999938964844,115.0999984741211,97.52999877929688,114.33000183105467
2025-04-10 00:00:00-04:00,53.33000183105469,53.41999816894531,48.81999969482422,50.459999084472656,125.41903282073606,126.23525161945156,121.45738066478452,123.92594909667967,260.0,261.239990234375,248.1300048828125,255.1199951171875,221.3800048828125,221.69000244140625,214.1999969482422,219.32000732421875,156.5399932861328,157.72000122070312,149.92999267578125,152.82000732421875,230.0,230.3500061035156,220.1000061035156,227.1100006103516,152.8000030517578,153.72999572753906,149.0800018310547,151.1699981689453,580.239990234375,601.8800048828125,580.0,594.4000244140625,196.9900054931641,199.5500030517578,188.8000030517578,193.38999938964844,80.61000061035156,81.12000274658203,75.95999908447266,77.55000305175781,20.68000030517578,20.81999969482422,19.15999984741211,19.8799991607666,22.26000022888184,22.270000457763672,21.09000015258789,21.59000015258789,382.05999755859375,383.8999938964844,367.7999877929688,381.3500061035156,292.4700012207031,296.1000061035156,278.3399963378906,285.2200012207031,86.11000061035156,86.58000183105469,81.66999816894531,84.5999984741211,175.3000030517578,176.9499969482422,166.39999389648438,172.3000030517578,145.4199981689453,147.13999938964844,142.9199981689453,144.13999938964844,446.3999938964844,448.6000061035156,415.30999755859375,427.4400024414063,440.3699951171875,444.5299987792969,427.1000061035156,431.8800048828125,88.7300033569336,91.87000274658205,88.16000366210938,90.61000061035156,70.19000244140625,71.20999908447266,68.9800033569336,70.76000213623047,84.83000183105469,85.30000305175781,80.98999786376953,82.54000091552734,219.80008794202325,222.22726653100275,212.23997769964876,220.038818359375,260.0,262.489990234375,239.3300018310547,252.3999938964844,360.9700012207031,362.5,341.5199890136719,350.04998779296875,352.8500061035156,355.2900085449219,339.6600036621094,353.6199951171875,931.9400024414062,941.239990234375,894.0,921.1699829101562,189.07000732421875,194.77999877929688,183.0,190.4199981689453,57.22999954223633,57.25,52.27999877929688,54.400001525878906,88.91999816894531,89.01000213623047,83.06999969482422,85.2300033569336,42.4900016784668,43.2400016784668,41.84999847412109,42.91999816894531,176.12236986254212,176.37008064997187,163.45939561865936,172.60487365722656,506.8299865722656,508.6300048828125,484.1300048828125,499.3399963378906,192.4499969482422,192.4499969482422,175.50999450683594,180.75999450683597,62.29999923706055,62.45000076293945,58.93999862670898,60.560001373291016,966.5,993.4099731445312,942.8900146484376,964.3099975585938,150.3699951171875,151.1999969482422,145.1300048828125,148.69000244140625,36.31999969482422,36.400001525878906,34.630001068115234,35.849998474121094,158.75999450683594,160.02999877929688,152.1999969482422,155.3699951171875,328.0199890136719,330.1600036621094,313.2699890136719,324.6099853515625,185.44000244140625,186.8699951171875,175.85000610351562,181.22000122070312,137.00999450683594,139.05999755859375,129.2899932861328,134.39999389648438,287.9800109863281,288.5199890136719,269.6700134277344,281.4100036621094,161.89086834613667,164.0474390723574,159.7541931350748,162.54678344726562,231.0,232.57000732421875,222.0200042724609,229.5500030517578,57.81999969482422,57.93999862670898,55.0,56.59000015258789,34.779998779296875,34.900001525878906,33.09000015258789,33.68000030517578,26.239999771118164,26.76000022888184,25.899999618530277,26.38999938964844,109.37000274658205,110.86000061035156,99.1500015258789,107.56999969482422
2025-04-11 00:00:00-04:00,50.470001220703125,51.0099983215332,49.290000915527344,50.709999084472656,125.47875646432202,127.92742050785782,123.46807368038604,126.29497528076172,254.2700042724609,256.4100036621094,247.67999267578125,255.0,218.75999450683597,220.2700042724609,215.1000061035156,218.58999633789065,152.89999389648438,157.6699981689453,152.82000732421875,157.13999938964844,226.30999755859372,238.5800018310547,225.0,236.1999969482422,151.8800048828125,155.27999877929688,151.3000030517578,153.88999938964844,588.9199829101562,606.3599853515625,586.530029296875,599.469970703125,192.77999877929688,199.41000366210935,191.6000061035156,198.5500030517578,77.87000274658203,79.44000244140625,76.3499984741211,79.18000030517578,19.25,19.799999237060547,18.18000030517578,19.739999771118164,21.59000015258789,22.0,21.280000686645508,21.90999984741211,380.6400146484375,390.0499877929688,378.8900146484375,388.4500122070313,282.5799865722656,286.29998779296875,276.7300109863281,284.3399963378906,84.43000030517578,85.81999969482422,82.08000183105469,85.43000030517578,173.6199951171875,182.66000366210935,173.30999755859375,181.94000244140625,145.14999389648438,145.2899932861328,142.1199951171875,144.42999267578125,429.989990234375,440.7300109863281,420.0,438.1499938964844,437.3200073242188,449.6300048828125,432.7099914550781,441.8299865722656,90.68000030517578,93.3499984741211,90.01000213623047,92.8000030517578,70.91000366210938,71.8499984741211,70.54000091552734,71.43000030517578,83.16000366210938,83.44000244140625,81.18000030517578,82.9000015258789,218.19854775092443,220.00898592983907,212.7075202500569,219.19329833984372,251.83999633789065,257.739990234375,241.3600006103516,252.30999755859372,351.44000244140625,353.1000061035156,342.3500061035156,352.4700012207031,350.3099975585937,354.4700012207031,344.20001220703125,353.8599853515625,920.0,944.8599853515624,906.6799926757812,918.2899780273438,186.1000061035156,199.5399932861328,186.05999755859372,198.1499938964844,54.400001525878906,55.02999877929688,52.86000061035156,54.38999938964844,85.11000061035156,85.66999816894531,83.3499984741211,84.88999938964844,43.84999847412109,43.900001525878906,43.09999847412109,43.72999954223633,172.2184468199145,175.34951482680668,167.77947370677967,173.4470977783203,498.260009765625,515.9099731445312,495.9100036621094,509.75,181.13999938964844,190.1000061035156,178.77999877929688,188.72999572753903,60.52999877929688,62.810001373291016,60.44599914550781,62.59000015258789,963.9600219726562,970.2100219726562,943.1599731445312,963.4099731445312,149.3300018310547,152.35000610351562,148.19000244140625,151.72999572753906,35.20000076293945,36.22999954223633,34.810001373291016,35.95000076293945,155.5850067138672,159.86000061035156,155.5850067138672,159.39999389648438,324.42999267578125,336.9800109863281,322.5400085449219,333.3999938964844,179.92999267578125,185.8600006103516,178.0,184.8699951171875,134.0,140.64999389648438,131.11000061035156,139.25,282.5,287.8999938964844,277.1000061035156,285.9800109863281,162.3579585274394,166.9791620296036,161.612604591374,165.87603759765625,229.72000122070312,237.5800018310547,227.50999450683597,235.47999572753903,56.66999816894531,57.79999923706055,56.27999877929688,57.33000183105469,33.959999084472656,34.0,33.220001220703125,33.720001220703125,26.57999992370605,26.899999618530277,26.36000061035156,26.790000915527344,108.5,111.5500030517578,107.4800033569336,110.93000030517578
2025-04-14 00:00:00-04:00,51.52999877929688,51.59999847412109,50.54999923706055,51.34000015258789,126.41442244153389,127.90750617115827,126.25515653181664,127.3699951171875,260.0,260.0,253.13999938964844,254.5500030517578,221.1499938964844,223.2700042724609,219.2899932861328,222.2700042724609,160.0,161.72000122070312,157.55999755859375,159.07000732421875,237.1000061035156,239.77999877929688,233.6300048828125,234.72000122070312,155.44000244140625,158.22999572753906,154.35000610351562,157.58999633789062,595.0,595.6300048828125,579.2899780273438,587.0599975585938,199.0200042724609,201.3600006103516,198.1999969482422,200.25,80.0199966430664,80.0199966430664,78.36000061035156,79.16999816894531,20.59000015258789,21.049999237060547,19.979999542236328,20.309999465942383,22.07999992370605,22.229999542236328,21.8700008392334,22.1200008392334,393.2200012207031,394.6499938964844,384.2099914550781,387.80999755859375,289.9200134277344,293.260009765625,286.6400146484375,289.7900085449219,86.31999969482422,86.7699966430664,83.4000015258789,85.48999786376953,185.0800018310547,186.0,175.82000732421875,178.36000061035156,144.16000366210938,147.17999267578125,143.5,146.75,448.0,450.8399963378906,442.0,449.3299865722656,443.0899963378906,448.1300048828125,441.75,446.0299987792969,93.2699966430664,95.44000244140624,92.9000015258789,94.7300033569336,71.30000305175781,72.66000366210938,70.93000030517578,72.44999694824219,83.97000122070312,84.26000213623047,83.12000274658203,84.22000122070312,221.74979724439044,224.41573668897055,219.34250266470576,222.96339416503903,258.3599853515625,261.79998779296875,245.92999267578125,252.3500061035156,359.510009765625,362.0499877929688,348.5,350.9100036621094,357.79998779296875,359.0199890136719,353.6000061035156,357.20001220703125,932.7000122070312,948.97998046875,919.5,931.280029296875,211.44000244140625,212.94000244140625,201.16000366210935,202.5200042724609,55.63999938964844,56.68999862670898,54.66999816894531,55.40999984741211,85.83000183105469,86.44999694824219,84.02999877929688,84.66000366210938,43.900001525878906,44.650001525878906,43.61000061035156,44.29999923706055,175.8152035257941,178.540022073154,174.58655262884804,177.4600067138672,515.8699951171875,523.4199829101562,508.5,512.4600219726562,192.88999938964844,193.9499969482422,190.38999938964844,192.97000122070312,63.70000076293945,63.900001525878906,61.68999862670898,62.27000045776367,970.0,987.1300048828124,965.0,979.3200073242188,151.58999633789062,154.6699981689453,151.1699981689453,154.36000061035156,36.4900016784668,36.9900016784668,36.27000045776367,36.66999816894531,162.30999755859375,164.02999877929688,159.9199981689453,161.47000122070312,336.4100036621094,339.6099853515625,333.1400146484375,335.17999267578125,186.83999633789065,187.44000244140625,179.22999572753906,182.1199951171875,142.75,143.11000061035156,136.8300018310547,139.19000244140625,286.7699890136719,295.17999267578125,285.2099914550781,293.9200134277344,166.0052261043195,169.05621557081128,164.75303691966593,168.08229064941406,239.7700042724609,241.7700042724609,236.72999572753903,239.05999755859372,57.88999938964844,58.209999084472656,57.09999847412109,57.40999984741211,33.380001068115234,34.45000076293945,33.25,34.150001525878906,26.6299991607666,27.350000381469727,26.57999992370605,27.200000762939453,114.11000061035156,114.29000091552734,109.06999969482422,110.70999908447266
2025-04-15 00:00:00-04:00,51.220001220703125,51.5,49.66999816894531,50.0,127.62000274658205,128.49000549316406,125.5999984741211,126.22000122070312,254.3699951171875,256.7200012207031,253.8000030517578,254.92999267578125,222.7899932861328,224.30999755859372,219.58999633789065,220.0800018310547,159.1300048828125,159.64999389648438,155.2100067138672,156.30999755859375,236.1000061035156,238.6499938964844,232.82000732421875,233.1300048828125,158.5399932861328,161.0399932861328,156.85000610351562,160.08999633789062,592.239990234375,592.8599853515625,582.010009765625,583.5900268554688,200.8300018310547,202.3600006103516,198.38999938964844,198.80999755859372,79.55000305175781,79.95999908447266,77.72000122070312,78.38999938964844,20.200000762939453,20.46999931335449,19.809999465942383,19.850000381469727,22.170000076293945,22.93000030517578,22.1299991607666,22.440000534057617,388.510009765625,391.8900146484375,384.1600036621094,385.7300109863281,288.9100036621094,292.0799865722656,287.3399963378906,288.6600036621094,85.5,86.05999755859375,83.45999908447266,83.70999908447266,179.72999572753906,182.25999450683597,178.0800018310547,178.9499969482422,145.83999633789062,145.97999572753906,142.6300048828125,142.83999633789062,447.5899963378906,450.2699890136719,438.4100036621094,441.0,449.3699951171875,454.510009765625,447.9400024414063,450.9700012207031,94.81999969482422,96.02999877929688,93.87000274658205,93.97000122070312,72.62000274658203,72.62999725341797,71.72000122070312,71.86000061035156,84.62999725341797,84.7300033569336,82.22000122070312,82.37000274658203,222.82413253910036,223.8487244342484,217.65143249803768,219.3524475097656,249.91000366210935,258.75,247.5399932861328,254.1100006103516,351.04998779296875,356.489990234375,349.19000244140625,350.3800048828125,356.5599975585937,361.4400024414063,353.32000732421875,354.1099853515625,950.0,993.4500122070312,948.0,976.280029296875,201.8600006103516,203.50999450683597,199.8000030517578,202.13999938964844,54.68000030517578,55.38999938964844,54.16999816894531,54.83000183105469,84.75,85.9800033569336,84.5199966430664,85.01000213623047,44.5,44.68999862670898,44.220001220703125,44.47999954223633,177.6999969482422,180.5,176.30999755859375,176.8000030517578,513.4000244140625,521.2899780273438,513.3800048828125,517.3800048828125,192.1999969482422,194.9900054931641,188.55999755859372,189.9199981689453,62.36000061035156,62.790000915527344,61.64500045776367,62.0,985.3499755859376,994.0,974.25,976.9199829101562,155.6999969482422,156.3000030517578,152.10000610351562,153.6199951171875,37.79999923706055,38.75,37.79999923706055,37.9900016784668,161.57000732421875,162.0500030517578,157.64500427246094,158.67999267578125,336.7200012207031,339.3900146484375,335.0,335.8099975585937,181.41000366210935,182.3500061035156,177.92999267578125,179.58999633789062,139.4600067138672,140.83999633789062,138.02999877929688,138.60000610351562,294.3099975585937,296.1700134277344,292.1400146484375,295.29998779296875,168.0922240591028,169.10590968832386,167.2375509137331,167.42637634277344,239.5500030517578,241.52999877929688,238.2700042724609,240.6999969482422,57.869998931884766,57.90999984741211,57.060001373291016,57.20000076293945,34.439998626708984,34.7599983215332,34.2599983215332,34.400001525878906,27.5,27.6299991607666,27.26000022888184,27.5,110.97000122070312,113.62000274658205,110.5,112.1999969482422
2025-04-16 00:00:00-04:00,50.09999847412109,50.400001525878906,48.84000015258789,49.36000061035156,129.6999969482422,134.16000366210938,129.00999450683594,129.6999969482422,251.92999267578125,256.6099853515625,246.69000244140625,249.83999633789065,219.6999969482422,220.5399932861328,215.41000366210935,216.6000061035156,153.10000610351562,155.88999938964844,151.50999450683594,153.3300018310547,232.0,233.5800018310547,227.92999267578125,229.6100006103516,161.64999389648438,162.16000366210938,159.07000732421875,160.47999572753906,585.3200073242188,594.8099975585938,582.9600219726562,585.0399780273438,197.5,198.58999633789065,192.50999450683597,193.27999877929688,78.47000122070312,78.69000244140625,75.93000030517578,76.45999908447266,19.34000015258789,19.43000030517578,18.71999931335449,19.229999542236328,22.489999771118164,22.68000030517578,21.950000762939453,22.040000915527344,380.6700134277344,381.6099853515625,368.0,371.6099853515625,289.45001220703125,292.5,283.739990234375,285.239990234375,83.30000305175781,83.5199966430664,79.88999938964844,80.76000213623047,170.42999267578125,176.0800018310547,166.9199981689453,174.61000061035156,144.11000061035156,144.39999389648438,139.77000427246094,140.08999633789062,441.3299865722656,445.9400024414063,435.3599853515625,436.7900085449219,450.510009765625,454.8299865722656,445.25,447.989990234375,94.0,94.3000030517578,90.61000061035156,91.19000244140624,72.36000061035156,72.66999816894531,71.38999938964844,71.68000030517578,83.19999694824219,84.48999786376953,82.19999694824219,82.69999694824219,218.19853976243428,220.18804086743503,212.1802958840692,213.2844696044922,247.6100006103516,251.97000122070312,233.88999938964844,241.5500030517578,345.0,350.3800048828125,341.3099975585937,344.19000244140625,351.8399963378906,353.79998779296875,344.32000732421875,345.989990234375,976.280029296875,981.2100219726562,949.1699829101562,961.6300048828124,198.3600006103516,200.6999969482422,192.3699951171875,194.2700042724609,54.720001220703125,55.150001525878906,53.34000015258789,53.54999923706055,84.27999877929688,84.80000305175781,82.01000213623047,82.7699966430664,44.7400016784668,44.88999938964844,43.52000045776367,43.61000061035156,176.52999877929688,176.85000610351562,169.75,171.67999267578125,516.0499877929688,521.719970703125,509.8699951171875,513.4299926757812,192.4600067138672,195.9499969482422,189.1300048828125,190.66000366210935,61.375,61.459999084472656,59.720001220703125,60.2400016784668,972.1300048828124,978.6500244140624,959.239990234375,967.75,155.3699951171875,155.6300048828125,152.24000549316406,153.91000366210938,37.86000061035156,38.15999984741211,36.970001220703125,37.33000183105469,155.47000122070312,158.17999267578125,153.91000366210938,155.5,335.0,337.2200012207031,328.8599853515625,331.3299865722656,176.2899932861328,179.10000610351562,171.41000366210938,174.3300018310547,133.67999267578125,137.30999755859375,131.7899932861328,135.74000549316406,294.739990234375,294.75,281.0299987792969,282.6400146484375,168.2412975786608,168.62888105064098,164.76297892499974,165.35926818847656,240.27999877929688,243.3000030517578,235.88999938964844,238.57000732421875,56.56999969482422,57.08000183105469,55.41999816894531,55.7599983215332,34.29999923706055,34.459999084472656,33.36000061035156,33.54999923706055,27.739999771118164,27.780000686645508,26.940000534057617,27.020000457763672,104.5500030517578,106.79000091552734,100.4499969482422,104.48999786376952
2025-04-17 00:00:00-04:00,49.18000030517578,50.09000015258789,49.060001373291016,49.22999954223633,130.3800048828125,132.7100067138672,129.66000366210938,130.97999572753906,249.7700042724609,251.55999755859372,246.8000030517578,247.25999450683597,217.5,222.2400054931641,217.3000030517578,220.25999450683597,154.2899932861328,154.67999267578125,148.5,151.16000366210938,230.8000030517578,234.33999633789065,230.5500030517578,231.9600067138672,161.3000030517578,165.0,161.3000030517578,163.2100067138672,481.9500122070313,489.7900085449219,447.1000061035156,454.1099853515625,195.25,198.3300018310547,194.97999572753903,196.6000061035156,76.88999938964844,78.75,76.87999725341797,78.0,18.90999984741211,19.100000381469727,18.559999465942383,18.93000030517578,22.149999618530277,22.549999237060547,22.100000381469727,22.13999938964844,373.75,374.3200073242188,366.8900146484375,367.7799987792969,285.5199890136719,286.6700134277344,281.7699890136719,282.3500061035156,81.25,82.55000305175781,81.19999694824219,81.5,176.25,176.25,169.9199981689453,170.99000549316406,140.33999633789062,143.57000732421875,140.07000732421875,142.83999633789062,434.5400085449219,436.0199890136719,425.0499877929688,427.5,451.3599853515625,455.1600036621094,449.6900024414063,452.1199951171875,91.83000183105467,93.87000274658205,91.62000274658205,93.22000122070312,71.9000015258789,73.43000030517578,71.72000122070312,73.0,82.51000213623047,83.31999969482422,82.12000274658203,82.5999984741211,215.8807704586293,219.53150318693116,214.6472743017446,217.85037231445312,243.47000122070312,244.33999633789065,237.67999267578125,241.3699951171875,349.75,351.8800048828125,345.0899963378906,348.79998779296875,348.54998779296875,357.5,348.3699951171875,355.0599975585937,969.0,984.7000122070312,956.0,973.030029296875,197.1999969482422,198.8300018310547,194.4199981689453,196.97999572753903,53.81999969482422,56.02000045776367,53.650001525878906,55.7599983215332,83.37000274658203,85.77999877929688,83.36000061035156,84.80999755859375,43.7599983215332,44.47999954223633,43.58000183105469,44.040000915527344,172.57000732421875,175.1999969482422,171.91000366210938,172.99000549316406,510.9500122070313,523.97998046875,509.1300048828125,517.3300170898438,188.9900054931641,189.7400054931641,185.8300018310547,186.8300018310547,60.34999847412109,61.470001220703125,60.13199996948242,61.0,973.280029296875,999.9199829101562,971.989990234375,994.5,154.16000366210938,159.44000244140625,154.16000366210938,157.47000122070312,37.5099983215332,37.869998931884766,37.2400016784668,37.40999984741211,156.61000061035156,157.07000732421875,150.89999389648438,153.36000061035156,331.07000732421875,334.32000732421875,328.44000244140625,329.6099853515625,176.0,176.2100067138672,172.0,172.61000061035156,137.3800048828125,138.14999389648438,135.7100067138672,136.66000366210938,277.0400085449219,278.67999267578125,268.5,277.2900085449219,166.49219564463755,170.58666850385003,166.31331797491194,169.572998046875,239.67999267578125,241.77999877929688,237.3999938964844,238.80999755859372,56.20000076293945,56.40999984741211,55.68999862670898,55.7599983215332,33.779998779296875,34.29999923706055,33.720001220703125,34.0099983215332,27.18000030517578,27.489999771118164,27.01000022888184,27.149999618530277,104.4499969482422,104.47000122070312,100.0500030517578,101.48999786376952
2025-04-21 00:00:00-04:00,49.34999847412109,49.66999816894531,48.15999984741211,48.93999862670898,130.97000122070312,131.9600067138672,128.50999450683594,129.88999938964844,240.42999267578125,242.47999572753903,232.7700042724609,236.25999450683597,218.16000366210935,218.97999572753903,213.3600006103516,216.0500030517578,148.8800048828125,148.9499969482422,146.10000610351562,147.6699981689453,230.6300048828125,231.80999755859372,226.33999633789065,228.9900054931641,163.75999450683594,164.0500030517578,159.1699981689453,162.17999267578125,449.760009765625,453.5,424.80999755859375,425.3299865722656,194.97999572753903,195.8000030517578,192.1199951171875,194.22999572753903,78.08000183105469,78.19000244140625,76.98999786376953,77.8499984741211,18.93000030517578,18.989999771118164,18.25,18.84000015258789,22.1299991607666,22.170000076293945,21.8700008392334,22.040000915527344,362.8200073242188,364.4800109863281,355.6700134277344,359.1199951171875,282.3399963378906,282.3399963378906,275.9800109863281,279.2300109863281,80.36000061035156,80.81999969482422,78.12999725341797,80.68000030517578,166.99000549316406,168.0,161.61000061035156,166.2100067138672,142.5,142.8300018310547,140.57000732421875,141.72999572753906,425.5,426.5,416.6199951171875,421.8500061035156,450.5400085449219,452.4700012207031,440.2699890136719,443.8500061035156,93.0199966430664,94.08000183105467,91.33999633789062,92.41000366210938,73.37999725341797,73.47000122070312,71.81999969482422,72.7699966430664,82.5999984741211,82.88999938964844,81.16000366210938,81.80000305175781,216.5273477354845,217.02472300437077,209.3054642955845,211.653076171875,230.25999450683597,232.2100067138672,222.7899932861328,227.5,344.57000732421875,346.67999267578125,338.6400146484375,343.2200012207031,354.2900085449219,354.3599853515625,341.79998779296875,346.8999938964844,984.4000244140624,1019.0,973.0499877929688,987.9099731445312,193.2700042724609,193.8000030517578,189.80999755859372,193.16000366210935,55.22999954223633,56.36000061035156,53.5,56.119998931884766,84.91000366210938,85.2300033569336,82.9800033569336,84.0,44.20000076293945,44.290000915527344,42.68000030517578,42.93000030517578,173.47000122070312,174.1699981689453,168.5399932861328,170.16000366210938,517.0,517.6500244140625,503.5400085449219,509.3200073242188,185.27999877929688,185.63999938964844,181.94000244140625,184.9600067138672,60.2400016784668,60.959999084472656,59.45500183105469,60.28499984741211,993.0,996.989990234375,942.969970703125,957.77001953125,157.9600067138672,158.22999572753906,155.49000549316406,156.9199981689453,37.06999969482422,37.27999877929688,36.4900016784668,36.91999816894531,150.96499633789062,151.05999755859375,148.39999389648438,149.86000061035156,329.0,329.1499938964844,316.6499938964844,320.1000061035156,169.60000610351562,169.60000610351562,165.2899932861328,167.32000732421875,134.72999572753906,136.5500030517578,133.36000061035156,136.13999938964844,277.2900085449219,278.25,270.3599853515625,273.67999267578125,169.88999938964844,169.9499969482422,164.27999877929688,165.75,238.07000732421875,240.80999755859372,232.92999267578125,236.22000122070312,55.15999984741211,55.33000183105469,53.83000183105469,54.369998931884766,33.75,34.0099983215332,33.25,33.599998474121094,27.15999984741211,27.280000686645508,26.15999984741211,26.32999992370605,98.7699966430664,99.44000244140624,95.04000091552734,96.91000366210938
2025-04-22 00:00:00-04:00,49.310001373291016,50.060001373291016,48.880001068115234,49.81999969482422,129.92999267578125,132.02999877929688,129.92999267578125,131.72999572753906,238.22999572753903,244.22000122070312,235.6000061035156,243.38999938964844,218.02999877929688,218.6199951171875,214.9600067138672,216.8999938964844,148.88999938964844,152.19000244140625,148.5399932861328,151.47000122070312,231.97999572753903,235.9900054931641,231.3699951171875,235.58999633789065,163.2899932861328,164.69000244140625,161.92999267578125,164.11000061035156,424.6400146484375,431.5,417.1199951171875,427.1799926757813,195.8600006103516,199.6499938964844,195.41000366210935,198.3699951171875,78.02999877929688,79.04000091552734,77.66000366210938,78.97000122070312,19.059999465942383,19.739999771118164,19.040000915527344,19.51000022888184,22.18000030517578,22.549999237060547,22.149999618530277,22.530000686645508,363.3800048828125,367.7699890136719,359.8599853515625,366.8200073242188,281.3999938964844,285.1000061035156,280.1499938964844,283.9599914550781,81.91000366210938,83.48999786376953,81.62000274658203,81.75,167.42999267578125,170.52000427246094,165.22000122070312,169.5800018310547,142.27999877929688,144.27999877929688,141.9499969482422,143.4600067138672,429.7999877929688,437.010009765625,426.510009765625,434.7300109863281,448.2900085449219,455.260009765625,447.3500061035156,454.6099853515625,92.87999725341795,95.29000091552734,92.87999725341795,94.8499984741211,73.0,74.37999725341797,72.91999816894531,73.9000015258789,82.80999755859375,83.62000274658203,82.5,83.37000274658203,213.67242426773572,219.3922400130057,213.44363588795787,217.9200134277344,230.9600067138672,242.7899932861328,229.8500061035156,237.97000122070312,349.1400146484375,352.0799865722656,344.3699951171875,349.9100036621094,351.1600036621094,356.2200012207031,350.4200134277344,354.42999267578125,1005.2999877929688,1064.969970703125,1004.52001953125,1040.3399658203125,196.1199951171875,201.58999633789065,195.97000122070312,199.7400054931641,56.650001525878906,58.09000015258789,56.2400016784668,57.060001373291016,85.01000213623047,86.55999755859375,84.5999984741211,86.08999633789062,41.9900016784668,43.66999816894531,41.540000915527344,43.18999862670898,171.0800018310547,174.66000366210938,170.91000366210938,173.77999877929688,515.6199951171875,528.7999877929688,512.75,527.3300170898438,198.2400054931641,199.63999938964844,191.82000732421875,192.07000732421875,60.72999954223633,61.90999984741211,59.95000076293945,61.41999816894531,969.75,987.4500122070312,966.780029296875,979.22998046875,157.5500030517578,158.72000122070312,156.25999450683594,157.75,37.56999969482422,38.4900016784668,37.400001525878906,38.31999969482422,151.07000732421875,154.61000061035156,150.8699951171875,153.89999389648438,323.8599853515625,332.5599975585937,322.3900146484375,331.3999938964844,169.85000610351562,176.77999877929688,169.35000610351562,173.17999267578125,136.75,139.10000610351562,136.49000549316406,138.74000549316406,275.70001220703125,278.7300109863281,274.489990234375,278.3999938964844,165.86000061035156,168.77000427246094,164.5399932861328,167.8800048828125,238.5,242.63999938964844,238.0200042724609,240.8999938964844,55.220001220703125,55.27999877929688,54.59000015258789,55.040000915527344,33.849998474121094,34.25,33.72999954223633,34.20000076293945,26.0,27.36000061035156,25.979999542236328,26.959999084472656,98.77999877929688,99.80999755859376,97.27999877929688,98.88999938964844
2025-04-23 00:00:00-04:00,47.630001068115234,49.33000183105469,47.540000915527344,48.52999877929688,132.2100067138672,132.88999938964844,127.12999725341795,129.83999633789062,252.6100006103516,257.7900085449219,249.5,250.47999572753903,221.30999755859372,224.5800018310547,218.3300018310547,219.77999877929688,155.61000061035156,157.52999877929688,153.80999755859375,155.35000610351562,240.22000122070312,246.7899932861328,240.0,240.8800048828125,168.94000244140625,171.6300048828125,166.0800018310547,168.11000061035156,427.0700073242188,438.8500061035156,423.75,427.9599914550781,199.6300048828125,201.27999877929688,196.82000732421875,197.30999755859372,78.5,80.19999694824219,78.0,78.73999786376953,20.71999931335449,21.030000686645508,20.309999465942383,20.59000015258789,22.780000686645508,23.059999465942383,22.239999771118164,22.38999938964844,376.05999755859375,380.3900146484375,373.0199890136719,374.3900146484375,294.6499938964844,296.94000244140625,286.9700012207031,288.1600036621094,84.0,85.73999786376953,82.6500015258789,82.80999755859375,177.77999877929688,180.4499969482422,175.82000732421875,176.91000366210938,143.27000427246094,144.00999450683594,140.85000610351562,142.25999450683594,456.5499877929688,461.6099853515625,429.4200134277344,431.6400146484375,454.3900146484375,457.80999755859375,445.5,448.2099914550781,95.0199966430664,96.5999984741211,94.16000366210938,94.95999908447266,73.29000091552734,73.94999694824219,72.37999725341797,73.30000305175781,84.16000366210938,85.3499984741211,83.36000061035156,83.75,222.1300048828125,225.66000366210935,217.1499938964844,217.75999450683597,254.8600006103516,259.45001220703125,244.42999267578125,250.7400054931641,358.1199951171875,363.0,349.79998779296875,351.9599914550781,361.9200134277344,364.8399963378906,354.8500061035156,356.4200134277344,1047.219970703125,1061.25,1032.0,1049.5899658203125,206.0,208.0,202.8000030517578,204.6000061035156,59.0,59.20000076293945,56.70000076293945,57.38999938964844,89.02999877929688,89.87000274658203,87.02999877929688,87.29000091552734,42.54999923706055,42.9900016784668,42.11000061035156,42.70000076293945,175.0,178.14999389648438,174.39999389648438,177.0500030517578,537.739990234375,543.9400024414062,527.6199951171875,530.010009765625,200.0200042724609,205.1100006103516,196.00999450683597,196.30999755859372,62.71500015258789,64.56999969482422,62.16999816894531,62.459999084472656,994.52001953125,995.75,969.0,975.8400268554688,156.49000549316406,157.10000610351562,154.3300018310547,155.3800048828125,39.40999984741211,40.130001068115234,38.66999816894531,38.75,157.91000366210938,160.02000427246094,156.35000610351562,157.72000122070312,337.239990234375,341.25,333.20001220703125,334.3699951171875,183.4499969482422,187.3800048828125,180.19000244140625,180.6000061035156,142.5800018310547,143.8800048828125,139.77999877929688,140.4600067138672,279.9100036621094,283.6000061035156,276.4200134277344,277.8999938964844,166.39999389648438,166.61000061035156,163.11000061035156,165.72999572753906,246.0,249.33999633789065,243.66000366210935,245.47999572753903,56.150001525878906,56.97999954223633,55.5,55.630001068115234,34.529998779296875,35.029998779296875,34.38999938964844,34.470001220703125,26.540000915527344,27.31999969482422,26.1200008392334,27.190000534057617,104.5199966430664,104.8000030517578,102.0199966430664,102.70999908447266
2025-04-24 00:00:00-04:00,47.93999862670898,48.84000015258789,46.93000030517578,48.68999862670898,130.02000427246094,130.1999969482422,128.02999877929688,129.3800048828125,258.20001220703125,264.9800109863281,257.0,264.70001220703125,208.25,215.8300018310547,206.6300048828125,215.4499969482422,156.14999389648438,159.58999633789062,155.7899932861328,159.27999877929688,239.7400054931641,245.47000122070312,237.5800018310547,244.63999938964844,168.3300018310547,170.50999450683594,166.4600067138672,170.07000732421875,427.5700073242188,429.8999938964844,423.6499938964844,424.25,197.3300018310547,201.6000061035156,196.2400054931641,200.7400054931641,78.27999877929688,79.97000122070312,76.02999877929688,79.83999633789062,21.040000915527344,21.549999237060547,20.8799991607666,21.489999771118164,22.399999618530277,22.86000061035156,22.229999542236328,22.780000686645508,375.7000122070313,388.4500122070313,375.1900024414063,387.2999877929688,285.0,291.760009765625,284.739990234375,291.4100036621094,82.38999938964844,84.13999938964844,81.58000183105469,83.86000061035156,179.69000244140625,188.57000732421875,178.3000030517578,188.1499938964844,141.4499969482422,141.85000610351562,134.52999877929688,135.30999755859375,430.0,432.4599914550781,417.7900085449219,426.6600036621094,447.0799865722656,451.1300048828125,442.0700073242188,449.5299987792969,94.70999908447266,96.22000122070312,93.66000366210938,95.83999633789062,73.0199966430664,73.43000030517578,72.30000305175781,72.5199966430664,84.02999877929688,84.54000091552734,83.26000213623047,84.30000305175781,217.75999450683597,222.94000244140625,216.2899932861328,222.0500030517578,250.5,259.5400085449219,249.1999969482422,259.510009765625,353.5899963378906,361.1199951171875,353.25,360.9100036621094,356.5,360.3999938964844,354.6099853515625,359.6400146484375,1048.0,1101.0,1047.02001953125,1096.8699951171875,204.88999938964844,208.8300018310547,202.94000244140625,208.3699951171875,57.810001373291016,58.70000076293945,57.130001068115234,58.47999954223633,87.44999694824219,90.23999786376952,86.7699966430664,90.01000213623047,42.709999084472656,43.130001068115234,42.47999954223633,42.810001373291016,177.61000061035156,181.4900054931641,176.11000061035156,180.3699951171875,528.6900024414062,536.0399780273438,525.27001953125,535.4600219726562,196.6999969482422,196.94000244140625,193.25,196.5,62.900001525878906,64.83000183105469,62.7599983215332,64.7699966430664,973.5999755859376,978.0,960.7100219726562,975.47998046875,155.8000030517578,155.89999389648438,153.44000244140625,154.92999267578125,38.65999984741211,39.70000076293945,38.59999847412109,39.58000183105469,158.52499389648438,161.7100067138672,158.08999633789062,161.47000122070312,333.2799987792969,336.7699890136719,331.25,335.7099914550781,180.9199981689453,186.7400054931641,180.17999267578125,186.5399932861328,142.77999877929688,147.82000732421875,141.99000549316406,147.2100067138672,278.4700012207031,282.260009765625,274.4200134277344,279.8399963378906,160.5,160.9600067138672,156.5800018310547,159.52999877929688,231.17999267578125,232.77999877929688,224.44000244140625,229.3300018310547,55.29999923706055,56.56999969482422,55.15999984741211,56.290000915527344,31.979999542236328,33.349998474121094,31.440000534057617,33.189998626708984,27.170000076293945,27.82999992370605,27.13999938964844,27.530000686645508,103.4800033569336,106.54000091552734,103.11000061035156,106.43000030517578
2025-04-25 00:00:00-04:00,48.869998931884766,48.95000076293945,46.959999084472656,47.900001525878906,129.27000427246094,129.52999877929688,127.23999786376952,128.85000610351562,264.7200012207031,269.0299987792969,264.20001220703125,267.8500061035156,214.0,214.75999450683597,211.57000732421875,213.2899932861328,165.07000732421875,166.10000610351562,161.0399932861328,161.9600067138672,244.6499938964844,245.6199951171875,241.75,243.5500030517578,170.9600067138672,171.36000061035156,168.77999877929688,170.24000549316406,423.55999755859375,423.55999755859375,412.0199890136719,418.6400146484375,199.1999969482422,200.5800018310547,197.7899932861328,199.16000366210935,80.16999816894531,83.27999877929688,78.05999755859375,82.73999786376953,19.729999542236328,20.18000030517578,19.34000015258789,20.049999237060547,22.770000457763672,23.11000061035156,22.479999542236328,22.920000076293945,387.0,392.1600036621094,384.6000061035156,391.8500061035156,291.5199890136719,294.010009765625,289.0199890136719,293.3900146484375,83.62999725341797,83.98999786376953,82.45999908447266,83.80999755859375,186.9199981689453,193.3699951171875,186.88999938964844,192.30999755859372,135.47000122070312,135.61000061035156,131.8000030517578,133.3800048828125,426.1199951171875,426.7200012207031,416.8200073242188,424.239990234375,447.9200134277344,449.3500061035156,443.1000061035156,448.3999938964844,95.8000030517578,96.47000122070312,94.36000061035156,95.08999633789062,72.6500015258789,72.91999816894531,71.12999725341797,71.91000366210938,84.41000366210938,84.66000366210938,83.5,84.16000366210938,222.2100067138672,222.33999633789065,218.75999450683597,220.91000366210935,261.69000244140625,286.8500061035156,259.6300048828125,284.95001220703125,361.7000122070313,369.30999755859375,359.989990234375,367.7200012207031,357.70001220703125,359.0,354.739990234375,357.5799865722656,1097.0400390625,1106.800048828125,1091.0,1101.530029296875,206.3699951171875,209.75,206.1999969482422,209.27999877929688,58.209999084472656,58.25,56.61000061035156,57.619998931884766,90.06999969482422,90.33999633789062,89.06999969482422,90.27999877929688,42.52999877929688,42.650001525878906,41.34000015258789,41.90999984741211,187.1199951171875,188.6999969482422,179.99000549316406,186.05999755859372,535.4600219726562,536.9199829101562,529.8800048828125,533.47998046875,196.6499938964844,198.27999877929688,193.9499969482422,197.13999938964844,64.48500061035156,65.41999816894531,64.48500061035156,65.33999633789062,973.969970703125,978.3200073242188,962.8800048828124,977.1599731445312,154.32000732421875,154.89999389648438,152.4499969482422,154.5800018310547,39.540000915527344,39.790000915527344,39.31999969482422,39.68999862670898,167.10000610351562,168.24000549316406,163.0,163.85000610351562,334.760009765625,336.3699951171875,332.1700134277344,335.1700134277344,187.6199951171875,189.94000244140625,185.4900054931641,188.9900054931641,146.0800018310547,149.1999969482422,146.0800018310547,148.55999755859375,279.4700012207031,282.19000244140625,276.44000244140625,280.8399963378906,159.8800048828125,161.8000030517578,157.77000427246094,161.02000427246094,228.9499969482422,233.3600006103516,226.32000732421875,232.41000366210935,56.209999084472656,56.77999877929688,56.06999969482422,56.709999084472656,33.52000045776367,33.939998626708984,33.130001068115234,33.900001525878906,27.459999084472656,27.520000457763672,26.6299991607666,26.809999465942383,106.8499984741211,111.91999816894533,105.7300033569336,111.01000213623048
2025-04-28 00:00:00-04:00,48.310001373291016,48.86000061035156,48.11000061035156,48.23500061035156,129.3300018310547,130.1199951171875,128.52000427246094,129.46499633789062,268.1449890136719,269.5,263.489990234375,263.6300048828125,213.05999755859372,214.4499969482422,212.0200958251953,212.27999877929688,162.4250030517578,163.14999389648438,158.83999633789062,159.00999450683594,244.55999755859372,246.843994140625,240.9199981689453,241.2100067138672,170.2899932861328,170.52000427246094,168.47999572753906,168.5749969482422,419.75,424.1000061035156,416.1900024414063,416.6099853515625,199.57000732421875,201.72000122070312,198.41000366210935,199.01499938964844,83.0,83.68000030517578,82.4000015258789,83.0,20.114999771118164,21.07999992370605,20.049999237060547,20.190000534057617,23.030000686645508,23.290000915527344,23.0,23.01499938964844,391.6600036621094,392.0,386.70849609375,387.0086059570313,294.5199890136719,296.04998779296875,290.3800048828125,290.5849914550781,84.35569763183594,85.05500030517578,83.63999938964844,83.68499755859375,190.43099975585935,192.87139892578125,187.67999267578125,188.1000061035156,133.85000610351562,135.41000366210938,133.85000610351562,134.0500030517578,429.9299926757813,432.8500061035156,419.0650024414063,419.8599853515625,448.6499938964844,450.8900146484375,446.2049865722656,446.3399963378906,95.0999984741211,95.98999786376952,94.88999938964844,95.0,72.07499694824219,72.26000213623047,71.4000015258789,71.70999908447266,84.5999984741211,84.875,83.70999908447266,83.72000122070312,220.5,223.5399932861328,220.01499938964844,220.10499572753903,288.9700012207031,294.8599853515625,272.4200134277344,274.79998779296875,368.0499877929688,370.989990234375,365.6499938964844,366.00299072265625,357.989990234375,360.1000061035156,355.3099975585937,355.3468933105469,1099.5,1110.6085205078125,1082.6199951171875,1096.08984375,210.05999755859372,211.5,207.4600067138672,207.8211975097656,57.72999954223633,58.08000183105469,57.0099983215332,57.08000183105469,90.4499969482422,91.36499786376952,89.91000366210938,89.95999908447266,42.0,42.29750061035156,41.86000061035156,42.14500045776367,188.0,191.32000732421875,187.63499450683597,190.8800048828125,536.030029296875,537.7000122070312,531.3300170898438,532.5700073242188,198.8300018310547,199.41000366210935,194.77999877929688,195.1300048828125,65.33999633789062,65.81999969482422,64.26000213623047,64.30999755859375,978.5,985.2100219726562,971.0,973.2930297851562,155.5,155.80999755859375,153.82769775390625,155.16000366210938,39.79999923706055,40.08000183105469,39.51499938964844,39.5525016784668,164.1300048828125,164.9499969482422,160.58999633789062,160.74000549316406,336.7749938964844,339.2449951171875,335.32000732421875,335.9100036621094,190.1000061035156,190.21499633789065,184.88999938964844,185.0749969482422,147.84500122070312,149.3000030517578,145.43980407714844,145.58999633789062,280.6300048828125,284.0599975585937,280.0,282.4049987792969,161.0399932861328,162.55999755859375,160.38999938964844,161.41000366210938,232.8600006103516,235.89990234375,232.07000732421875,232.78500366210935,56.525001525878906,57.33000183105469,56.459999084472656,56.6150016784668,33.915000915527344,34.22999954223633,33.689998626708984,33.709999084472656,26.899999618530277,27.07999992370605,26.795000076293945,27.069000244140625,109.69499969482422,110.36990356445312,106.3843994140625,106.5551986694336
